run,pilot,arm,q,seed,mode,reward_mode,stage2_update_mode,adv_norm_scope,continuation_action_mode,stage1_status,update,phase,local,reason,eligible,consecutive_eligible,conc_max_std_norm,phase_criterion,phase_criterion_value_over_dw,kl_final_epoch,clip_frac,adv_all_mean,adv_all_std,adv_s1_mean,adv_s1_std,n_rows,n_s1_rows,adv_used_mean,adv_used_std,elapsed_phase_wall_sec,verifier_sec,verifier_tier,state_step,effort_step,gl_half,valid,invalid_reasons,G_max_t1_over_dw,G_argmax_d_t1,Delta_max_t1_over_dw,Delta_argmax_d_t1,G_max_t2_over_dw,G_argmax_d_t2,Delta_max_t2_over_dw,Delta_argmax_d_t2,Gmax_full_over_dw,Gmax_full_t,Gmax_full_d,EXP_root_over_dw,dReach_over_dw,Deltamax_all_over_dw,dFull_over_dw,eta_T_over_dw,pdl_residual_over_dw,inv_GT_eq_DeltaT_absdiff_over_dw,inv_GT_eq_DeltaT_at_d,inv_Delta_le_G_pointwise_excess_over_dw,inv_Delta_le_G_pointwise_at_t,inv_Delta_le_G_pointwise_at_d,inv_Deltamax_le_Gmax_excess_over_dw,inv_Gmax_le_dFull_excess_over_dw,inv_EXP_eq_G1_absdiff_over_dw,inv_EXP_le_dReach_excess_over_dw,inv_dReach_le_dFull_excess_over_dw,inv_EXP_le_dReachPMF_excess_over_dw,DeltaT_over_dw_n_on,DeltaT_over_dw_n_off,DeltaT_over_dw_on_mass,DeltaT_over_dw_off_mass,DeltaT_over_dw_on_max,DeltaT_over_dw_on_argmax_d,DeltaT_over_dw_on_mean_unweighted,DeltaT_over_dw_off_max,DeltaT_over_dw_off_argmax_d,DeltaT_over_dw_off_mean_unweighted,DeltaT_over_dw_on_mean_cellmass_weighted,stage1_drift,stage1_drift_is_zero,cellmass_captured_total,node_pmf_n_positive_T,sigma_effort_at_0_t2,sigma_effort_at_0_t1,sigma2_effort_mean_pos,g1,g2_at_0,e1_at_0,e2_at_0,stage1_rel_err_signed,stage2_peak_rel_err_signed,stage2_peak_rel_err_abs,stage2_rmse_pos,stage2_rmse_pos_over_g2_0,stage2_tail_mean,stage2_tail_max,stage2_tail_argmax_d,stage2_tail_mean_over_g2_0,stage2_tail_max_over_g2_0,stage2_sym_err_max,stage2_sym_err_max_over_g2_0,stage2_sym_err_argmax_d,recovery_grid_step,recovery_n_pos,recovery_n_tail,stage1_rel_err_abs,stage2_drift_live_maxabs,stage2_drift_live_n_on,stage2_drift_live_n_off,stage2_drift_live_on_mass,stage2_drift_live_off_mass,stage2_drift_live_on_max,stage2_drift_live_on_argmax_d,stage2_drift_live_on_mean_unweighted,stage2_drift_live_off_max,stage2_drift_live_off_argmax_d,stage2_drift_live_off_mean_unweighted,stage2_drift_live_on_mean_cellmass_weighted,stage2_drift_cand_maxabs,stage2_drift_cand_n_on,stage2_drift_cand_n_off,stage2_drift_cand_on_mass,stage2_drift_cand_off_mass,stage2_drift_cand_on_max,stage2_drift_cand_on_argmax_d,stage2_drift_cand_on_mean_unweighted,stage2_drift_cand_off_max,stage2_drift_cand_off_argmax_d,stage2_drift_cand_off_mean_unweighted,stage2_drift_cand_on_mean_cellmass_weighted,stage2_drift_live_alpha_maxabs,stage2_drift_live_beta_maxabs
v2refine_stage1_q50_s10504_B_polish1,v2_refine_stage1,B_polish1,50,10504,phase_B,expected,frozen,stage1_rows,mean,trained,1700,B,100,warmup_forced,True,1,0.030419809055880175,exp_root_over_dw,0.011692367438292495,0.035470958799123764,0.11149461320601403,-0.04127940163016319,0.8224698901176453,-0.08276376128196716,1.1616538763046265,1024,512,-0.08276376128196716,1.1616538763046265,16.528722912014928,0.017385818995535374,development,4,1,16,True,,0.011692367438292495,0.0,0.011476332122862254,0.0,0.0011592872294408085,-4.0,0.0011592872294408085,-4.0,0.011692367438292495,1,0.0,0.011692367438292495,0.012635619352303062,0.011476332122862254,0.012635619352303062,0.0011592872294408085,-1.249000902703301e-16,0.0,-200.0,0.0,2,-200.0,-0.0002160353154302408,-0.0009432519140105677,0.0,-0.0009432519140105677,0.0,-0.0009432519140105677,49,52,0.9996000000000002,0.00039999999999997806,0.0011592872294408085,-4.0,0.00017362108461880992,0.00032800741653971066,-100.0,3.972019462379841e-05,0.00022175682185309622,0.0,True,0.9999999999999999,47,2.771973731169869,3.0419809055880176,2.503403829228028,46.666666666666664,70.0,55.3211334389869,65.01254455126545,0.18545285940686215,-0.07124936355335072,0.07124936355335072,1.3360771946911005,0.019086817067015722,0.6020198053542274,2.402371134734042,100.0,0.00860028293363182,0.03431958763905774,2.3586438691588434,0.0336949124165549,76.0,0.5,399,402,0.18545285940686215,10.88006987094171,49,52,0.9996000000000002,0.00039999999999997806,10.88006987094171,24.0,7.470333287508308,0.878749462601131,100.0,0.1674614769548139,9.019298896997169,0.0,49,52,0.9996000000000002,0.00039999999999997806,0.0,-96.0,0.0,0.0,-200.0,0.0,0.0,28.965904235839844,36.66229248046875
v2refine_stage1_q50_s10504_B_polish1,v2_refine_stage1,B_polish1,50,10504,phase_B,expected,frozen,stage1_rows,mean,trained,1725,B,125,timeout,True,2,0.0303993828725435,exp_root_over_dw,0.01148725505665893,0.0029729818925261497,0.02878079186193645,0.02383747324347496,0.8333376049995422,0.031961120665073395,1.1784478425979614,1024,512,0.031961120665073395,1.1784478425979614,20.532261610031128,0.008569321944378316,development,4,1,16,True,,0.01148725505665893,0.0,0.011270979531536884,0.0,0.0011592872294408085,-4.0,0.0011592872294408085,-4.0,0.01148725505665893,1,0.0,0.01148725505665893,0.012430266760977693,0.011270979531536884,0.012430266760977693,0.0011592872294408085,-5.551115123125783e-17,0.0,-200.0,0.0,2,-200.0,-0.00021627552512204495,-0.0009430117043187636,0.0,-0.0009430117043187636,0.0,-0.0009430117043187636,49,52,0.9996000000000002,0.00039999999999997806,0.0011592872294408085,-4.0,0.00017362108461880992,0.00032800741653971066,-100.0,3.972019462379841e-05,0.00022175682185309622,0.0,True,0.9999999999999999,47,2.771973731169869,3.03993828725435,2.503403829228028,46.666666666666664,70.0,55.2397185748676,65.01254455126545,0.1837082551757344,-0.07124936355335072,0.07124936355335072,1.3360771946911005,0.019086817067015722,0.6020198053542274,2.402371134734042,100.0,0.00860028293363182,0.03431958763905774,2.3586438691588434,0.0336949124165549,76.0,0.5,399,402,0.1837082551757344,10.824086031878963,49,52,0.9996000000000002,0.00039999999999997806,10.824086031878963,20.0,7.434603154572372,0.8512215700268877,100.0,0.16517795151709422,8.991934532420759,0.0,49,52,0.9996000000000002,0.00039999999999997806,0.0,-96.0,0.0,0.0,-200.0,0.0,0.0,28.640853881835938,36.65962219238281
v2refine_stage1_q50_s10504_B_polish1,v2_refine_stage1,B_polish1,50,10504,phase_B,expected,frozen,stage1_rows,mean,trained,1750,B,150,timeout,True,3,0.030252208550759996,exp_root_over_dw,0.007422750998555383,0.022972511127591133,0.05178623095853254,0.030259815976023674,0.8686844706535339,0.058205924928188324,1.227858543395996,1024,512,0.058205924928188324,1.227858543395996,24.679530790017452,0.00794054998550564,development,4,1,16,True,,0.007422750998555383,0.0,0.007209673750223411,0.0,0.0011592872294408085,-4.0,0.0011592872294408085,-4.0,0.007422750998555383,1,0.0,0.007422750998555383,0.00836896097966422,0.007209673750223411,0.00836896097966422,0.0011592872294408085,-1.1709383462843448e-16,0.0,-200.0,0.0,2,-200.0,-0.00021307724833197206,-0.0009462099811088365,0.0,-0.0009462099811088365,0.0,-0.0009462099811088365,49,52,0.9996000000000002,0.00039999999999997806,0.0011592872294408085,-4.0,0.00017362108461880992,0.00032800741653971066,-100.0,3.972019462379841e-05,0.00022175682185309622,0.0,True,0.9999999999999999,47,2.771973731169869,3.0252208550759994,2.503403829228028,46.666666666666664,70.0,53.498595342410376,65.01254455126545,0.14639847162307953,-0.07124936355335072,0.07124936355335072,1.3360771946911005,0.019086817067015722,0.6020198053542274,2.402371134734042,100.0,0.00860028293363182,0.03431958763905774,2.3586438691588434,0.0336949124165549,76.0,0.5,399,402,0.14639847162307953,12.030470156064894,49,52,0.9996000000000002,0.00039999999999997806,12.030470156064894,20.0,8.165331412438373,0.8746134886983847,100.0,0.17740019221366138,9.944173894298093,0.0,49,52,0.9996000000000002,0.00039999999999997806,0.0,-96.0,0.0,0.0,-200.0,0.0,0.0,30.988258361816406,42.005096435546875
v2refine_stage1_q50_s10504_B_polish1,v2_refine_stage1,B_polish1,50,10504,phase_B,expected,frozen,stage1_rows,mean,trained,1775,B,175,timeout,True,4,0.030129026482888132,exp_root_over_dw,0.005754248472563339,0.0009803145658224821,0.03337216164218262,-0.0398063138127327,0.8322171568870544,-0.08625903725624084,1.1750881671905518,1024,512,-0.08625903725624084,1.1750881671905518,28.813872712024022,0.007880509016104043,development,4,1,16,True,,0.005754248472563339,0.0,0.005536115936301433,0.0,0.0011592872294408085,-4.0,0.0011592872294408085,-4.0,0.005754248472563339,1,0.0,0.005754248472563339,0.006695403165742242,0.005536115936301433,0.006695403165742242,0.0011592872294408085,-2.5326962749261384e-16,0.0,-200.0,0.0,2,-200.0,-0.00021813253626190576,-0.0009411546931789028,0.0,-0.0009411546931789028,0.0,-0.0009411546931789028,49,52,0.9996000000000002,0.00039999999999997806,0.0011592872294408085,-4.0,0.00017362108461880992,0.00032800741653971066,-100.0,3.972019462379841e-05,0.00022175682185309622,0.0,True,0.9999999999999999,47,2.771973731169869,3.0129026482888133,2.503403829228028,46.666666666666664,70.0,52.61483241849541,65.01254455126545,0.12746069468204457,-0.07124936355335072,0.07124936355335072,1.3360771946911005,0.019086817067015722,0.6020198053542274,2.402371134734042,100.0,0.00860028293363182,0.03431958763905774,2.3586438691588434,0.0336949124165549,76.0,0.5,399,402,0.12746069468204457,12.534231600122176,49,52,0.9996000000000002,0.00039999999999997806,12.534231600122176,20.0,8.446375233147377,0.8611914357926902,100.0,0.18035236807787805,10.333555118198069,0.0,49,52,0.9996000000000002,0.00039999999999997806,0.0,-96.0,0.0,0.0,-200.0,0.0,0.0,31.68628692626953,44.66607666015625
v2refine_stage1_q50_s10504_B_polish1,v2_refine_stage1,B_polish1,50,10504,phase_B,expected,frozen,stage1_rows,mean,trained,1800,B,200,timeout,True,5,0.0300613747136049,exp_root_over_dw,0.00350988815012121,0.008179339580237865,0.07393225306877867,-0.04387795552611351,0.8311695456504822,-0.08631237596273422,1.173909068107605,1024,512,-0.08631237596273422,1.173909068107605,33.12936244002776,0.007955571985803545,development,4,1,16,True,,0.00350988815012121,0.0,0.0032929878538394686,0.0,0.0011592872294408085,-4.0,0.0011592872294408085,-4.0,0.00350988815012121,1,0.0,0.00350988815012121,0.004452275083280277,0.0032929878538394686,0.004452275083280277,0.0011592872294408085,-1.496198998029996e-16,0.0,-200.0,0.0,2,-200.0,-0.00021690029628174123,-0.0009423869331590673,0.0,-0.0009423869331590673,0.0,-0.0009423869331590673,49,52,0.9996000000000002,0.00039999999999997806,0.0011592872294408085,-4.0,0.00017362108461880992,0.00032800741653971066,-100.0,3.972019462379841e-05,0.00022175682185309622,0.0,True,0.9999999999999999,47,2.771973731169869,3.00613747136049,2.503403829228028,46.666666666666664,70.0,51.194196975037755,65.01254455126545,0.09701850660795196,-0.07124936355335072,0.07124936355335072,1.3360771946911005,0.019086817067015722,0.6020198053542274,2.402371134734042,100.0,0.00860028293363182,0.03431958763905774,2.3586438691588434,0.0336949124165549,76.0,0.5,399,402,0.09701850660795196,13.734703346429832,49,52,0.9996000000000002,0.00039999999999997806,13.734703346429832,20.0,9.215825335639936,0.9147447246476694,100.0,0.19494410624451927,11.30348079196055,0.0,49,52,0.9996000000000002,0.00039999999999997806,0.0,-96.0,0.0,0.0,-200.0,0.0,0.0,34.79808807373047,49.02046203613281
v2refine_stage1_q50_s10504_B_polish1,v2_refine_stage1,B_polish1,50,10504,phase_B,expected,frozen,stage1_rows,mean,trained,1825,B,225,timeout,True,6,0.029983445581743963,exp_root_over_dw,0.003918401060527876,0.00012337486259639263,0.04764103408670053,-0.02087337151169777,0.8260594606399536,-0.04862603545188904,1.1675479412078857,1024,512,-0.04862603545188904,1.1675479412078857,37.205333869031165,0.0076146890060044825,development,4,1,16,True,,0.003918401060527876,0.0,0.003700561930907287,0.0,0.0011592872294408085,-4.0,0.0011592872294408085,-4.0,0.003918401060527876,1,0.0,0.003918401060527876,0.004859849160348095,0.003700561930907287,0.004859849160348095,0.0011592872294408085,-2.5413698923060224e-16,0.0,-200.0,0.0,2,-200.0,-0.0002178391296205895,-0.000941448099820219,0.0,-0.000941448099820219,0.0,-0.000941448099820219,49,52,0.9996000000000002,0.00039999999999997806,0.0011592872294408085,-4.0,0.00017362108461880992,0.00032800741653971066,-100.0,3.972019462379841e-05,0.00022175682185309622,0.0,True,0.9999999999999999,47,2.771973731169869,2.9983445581743964,2.503403829228028,46.666666666666664,70.0,51.49275424946089,65.01254455126545,0.10341616248844764,-0.07124936355335072,0.07124936355335072,1.3360771946911005,0.019086817067015722,0.6020198053542274,2.402371134734042,100.0,0.00860028293363182,0.03431958763905774,2.3586438691588434,0.0336949124165549,76.0,0.5,399,402,0.10341616248844764,13.239247438179817,49,52,0.9996000000000002,0.00039999999999997806,13.239247438179817,20.0,8.847520776076536,0.8501821556624434,100.0,0.18488451572733441,10.879446515446963,0.0,49,52,0.9996000000000002,0.00039999999999997806,0.0,-96.0,0.0,0.0,-200.0,0.0,0.0,32.890602111816406,48.11663818359375
v2refine_stage1_q50_s10504_B_polish1,v2_refine_stage1,B_polish1,50,10504,phase_B,expected,frozen,stage1_rows,mean,trained,1850,B,250,timeout,True,7,0.029894343845926156,exp_root_over_dw,0.0009321676586434569,1.9662315025925636e-05,0.0027730074943974614,-0.08291293680667877,0.8368602395057678,-0.1581200510263443,1.1786935329437256,1024,512,-0.1581200510263443,1.1786935329437256,41.06700110301608,0.0076486479956656694,development,4,1,16,True,,0.0009321676586434569,0.0,0.0007095781054007322,0.0,0.0011592872294408085,-4.0,0.0011592872294408085,-4.0,0.0011592872294408085,2,-4.0,0.0009321676586434569,0.0018688653348415407,0.0011592872294408085,0.0018688653348415407,0.0011592872294408085,-4.412702842016003e-17,0.0,-200.0,0.0,2,-200.0,0.0,-0.0007095781054007322,0.0,-0.0009366976761980839,0.0,-0.0009366976761980839,49,52,0.9996000000000002,0.00039999999999997806,0.0011592872294408085,-4.0,0.00017362108461880992,0.00032800741653971066,-100.0,3.972019462379841e-05,0.00022175682185309622,0.0,True,0.9999999999999999,47,2.771973731169869,2.9894343845926157,2.503403829228028,46.666666666666664,70.0,48.56759275441481,65.01254455126545,0.040734130451746,-0.07124936355335072,0.07124936355335072,1.3360771946911005,0.019086817067015722,0.6020198053542274,2.402371134734042,100.0,0.00860028293363182,0.03431958763905774,2.3586438691588434,0.0336949124165549,76.0,0.5,399,402,0.040734130451746,15.971378660293269,49,52,0.9996000000000002,0.00039999999999997806,15.971378660293269,20.0,10.642679896806534,1.0195442808329696,100.0,0.22195025362632465,13.102981041263686,0.0,49,52,0.9996000000000002,0.00039999999999997806,0.0,-96.0,0.0,0.0,-200.0,0.0,0.0,40.74779510498047,57.01136779785156
v2refine_stage1_q50_s10504_B_polish1,v2_refine_stage1,B_polish1,50,10504,phase_B,expected,frozen,stage1_rows,mean,trained,1875,B,275,timeout,True,8,0.029768232408129723,exp_root_over_dw,0.0003185093388287097,0.0012363139539957047,0.05105358221335336,0.04568585008382797,0.8787604570388794,0.09842932224273682,1.2404946088790894,1024,512,0.09842932224273682,1.2404946088790894,44.9501673830091,0.008337254053913057,development,4,1,16,True,,0.0003185093388287097,0.0,9.782635396637929e-05,0.0,0.0011592872294408085,-4.0,0.0011592872294408085,-4.0,0.0011592872294408085,2,-4.0,0.0003185093388287097,0.0012571135834071878,0.0011592872294408085,0.0012571135834071878,0.0011592872294408085,5.198749417067994e-17,0.0,-200.0,0.0,2,-200.0,0.0,-9.782635396637929e-05,0.0,-0.0009386042445784781,0.0,-0.0009386042445784781,49,52,0.9996000000000002,0.00039999999999997806,0.0011592872294408085,-4.0,0.00017362108461880992,0.00032800741653971066,-100.0,3.972019462379841e-05,0.00022175682185309622,0.0,True,0.9999999999999999,47,2.771973731169869,2.9768232408129722,2.503403829228028,46.666666666666664,70.0,47.158264274759865,65.01254455126545,0.010534234459140026,-0.07124936355335072,0.07124936355335072,1.3360771946911005,0.019086817067015722,0.6020198053542274,2.402371134734042,100.0,0.00860028293363182,0.03431958763905774,2.3586438691588434,0.0336949124165549,76.0,0.5,399,402,0.010534234459140026,17.163608094183587,49,52,0.9996000000000002,0.00039999999999997806,17.163608094183587,20.0,11.387301273130577,1.0746633651217499,100.0,0.23566958188073256,14.0480394396623,0.0,49,52,0.9996000000000002,0.00039999999999997806,0.0,-96.0,0.0,0.0,-200.0,0.0,0.0,43.956626892089844,61.43711853027344
v2refine_stage1_q50_s10504_B_polish1,v2_refine_stage1,B_polish1,50,10504,phase_B,expected,frozen,stage1_rows,mean,trained,1900,B,300,timeout,True,9,0.02967603450374336,exp_root_over_dw,0.0002216536296856253,0.0013927584514021873,0.025976745190564542,0.03157603368163109,0.8583178520202637,0.05651213973760605,1.213322401046753,1024,512,0.05651213973760605,1.213322401046753,49.130496492027305,0.008132691960781813,development,4,1,16,True,,0.0002216536296856253,0.0,0.0,0.0,0.0011592872294408085,-4.0,0.0011592872294408085,-4.0,0.0011592872294408085,2,-4.0,0.0002216536296856253,0.0011592872294408085,0.0011592872294408085,0.0011592872294408085,0.0011592872294408085,1.9255430583342559e-16,0.0,-200.0,0.0,2,-200.0,0.0,0.0,0.0,-0.0009376335997551832,0.0,-0.0009376335997551832,49,52,0.9996000000000002,0.00039999999999997806,0.0011592872294408085,-4.0,0.00017362108461880992,0.00032800741653971066,-100.0,3.972019462379841e-05,0.00022175682185309622,0.0,True,0.9999999999999999,47,2.771973731169869,2.967603450374336,2.503403829228028,46.666666666666664,70.0,46.47146909458214,65.01254455126545,-0.004182805116096944,-0.07124936355335072,0.07124936355335072,1.3360771946911005,0.019086817067015722,0.6020198053542274,2.402371134734042,100.0,0.00860028293363182,0.03431958763905774,2.3586438691588434,0.0336949124165549,76.0,0.5,399,402,0.004182805116096944,17.692450698593433,49,52,0.9996000000000002,0.00039999999999997806,17.692450698593433,20.0,11.702609922579283,1.091378521262501,100.0,0.2408160336218044,14.457376113129948,0.0,49,52,0.9996000000000002,0.00039999999999997806,0.0,-96.0,0.0,0.0,-200.0,0.0,0.0,45.27173614501953,63.63972473144531
v2refine_stage1_q50_s10504_B_polish1,v2_refine_stage1,B_polish1,50,10504,phase_B,expected,frozen,stage1_rows,mean,trained,1925,B,325,timeout,True,10,0.02962991143637269,exp_root_over_dw,0.0003911607286077867,0.006952967960387468,0.08135781902819872,-0.04372029006481171,0.8237241506576538,-0.08566495031118393,1.1634010076522827,1024,512,-0.08566495031118393,1.1634010076522827,52.97616164101055,0.007514905999414623,development,4,1,16,True,,0.0003911607286077867,0.0,0.00017039241128669058,0.0,0.0011592872294408085,-4.0,0.0011592872294408085,-4.0,0.0011592872294408085,2,-4.0,0.0003911607286077867,0.0013296796407274991,0.0011592872294408085,0.0013296796407274991,0.0011592872294408085,-2.9175880461584924e-16,0.0,-200.0,0.0,2,-200.0,0.0,-0.00017039241128669058,0.0,-0.0009385189121197124,0.0,-0.0009385189121197124,49,52,0.9996000000000002,0.00039999999999997806,0.0011592872294408085,-4.0,0.00017362108461880992,0.00032800741653971066,-100.0,3.972019462379841e-05,0.00022175682185309622,0.0,True,0.9999999999999999,47,2.771973731169869,2.962991143637269,2.503403829228028,46.666666666666664,70.0,47.41460057502686,65.01254455126545,0.016027155179147053,-0.07124936355335072,0.07124936355335072,1.3360771946911005,0.019086817067015722,0.6020198053542274,2.402371134734042,100.0,0.00860028293363182,0.03431958763905774,2.3586438691588434,0.0336949124165549,76.0,0.5,399,402,0.016027155179147053,16.58967947028387,49,52,0.9996000000000002,0.00039999999999997806,16.58967947028387,20.0,10.922360771389776,0.9930903030501748,100.0,0.22243532845074152,13.519207332465484,0.0,49,52,0.9996000000000002,0.00039999999999997806,0.0,-96.0,0.0,0.0,-200.0,0.0,0.0,41.42816925048828,60.903076171875
v2refine_stage1_q50_s10504_B_polish1,v2_refine_stage1,B_polish1,50,10504,phase_B,expected,frozen,stage1_rows,mean,trained,1950,B,350,timeout,True,11,0.029528817054162777,exp_root_over_dw,0.0002216536296856253,3.125518560409546e-06,0.025015131640248,0.0219416506588459,0.8527171611785889,0.045688677579164505,1.2054338455200195,1024,512,0.045688677579164505,1.2054338455200195,56.78611127397744,0.0073808900197036564,development,4,1,16,True,,0.0002216536296856253,0.0,0.0,0.0,0.0011592872294408085,-4.0,0.0011592872294408085,-4.0,0.0011592872294408085,2,-4.0,0.0002216536296856253,0.0011592872294408085,0.0011592872294408085,0.0011592872294408085,0.0011592872294408085,1.9255430583342559e-16,0.0,-200.0,0.0,2,-200.0,0.0,0.0,0.0,-0.0009376335997551832,0.0,-0.0009376335997551832,49,52,0.9996000000000002,0.00039999999999997806,0.0011592872294408085,-4.0,0.00017362108461880992,0.00032800741653971066,-100.0,3.972019462379841e-05,0.00022175682185309622,0.0,True,0.9999999999999999,47,2.771973731169869,2.952881705416278,2.503403829228028,46.666666666666664,70.0,46.195685455721,65.01254455126545,-0.01009245452026428,-0.07124936355335072,0.07124936355335072,1.3360771946911005,0.019086817067015722,0.6020198053542274,2.402371134734042,100.0,0.00860028293363182,0.03431958763905774,2.3586438691588434,0.0336949124165549,76.0,0.5,399,402,0.01009245452026428,17.663933477259718,49,52,0.9996000000000002,0.00039999999999997806,17.663933477259718,20.0,11.605666626286903,1.0514179257540184,100.0,0.23567649506572244,14.378276296155354,0.0,49,52,0.9996000000000002,0.00039999999999997806,0.0,-96.0,0.0,0.0,-200.0,0.0,0.0,44.46332550048828,64.69349670410156
v2refine_stage1_q50_s10504_B_polish1,v2_refine_stage1,B_polish1,50,10504,phase_B,expected,frozen,stage1_rows,mean,trained,1975,B,375,timeout,True,12,0.029530527244179306,exp_root_over_dw,0.000386863206125021,0.001973666250705719,0.0444142761756666,-0.0188614409416914,0.8409872055053711,-0.03166816011071205,1.1891831159591675,1024,512,-0.03166816011071205,1.1891831159591675,60.464586920978036,0.007971239974722266,development,4,1,16,True,,0.000386863206125021,0.0,0.00016609345896556604,0.0,0.0011592872294408085,-4.0,0.0011592872294408085,-4.0,0.0011592872294408085,2,-4.0,0.000386863206125021,0.0013253806884063746,0.0011592872294408085,0.0013253806884063746,0.0011592872294408085,-3.5453411040275995e-17,0.0,-200.0,0.0,2,-200.0,0.0,-0.00016609345896556604,0.0,-0.0009385174822813536,0.0,-0.0009385174822813536,49,52,0.9996000000000002,0.00039999999999997806,0.0011592872294408085,-4.0,0.00017362108461880992,0.00032800741653971066,-100.0,3.972019462379841e-05,0.00022175682185309622,0.0,True,0.9999999999999999,47,2.771973731169869,2.9530527244179305,2.503403829228028,46.666666666666664,70.0,47.400225155504046,65.01254455126545,0.01571911047508675,-0.07124936355335072,0.07124936355335072,1.3360771946911005,0.019086817067015722,0.6020198053542274,2.402371134734042,100.0,0.00860028293363182,0.03431958763905774,2.3586438691588434,0.0336949124165549,76.0,0.5,399,402,0.01571911047508675,16.375154520049172,49,52,0.9996000000000002,0.00039999999999997806,16.375154520049172,20.0,10.720600026328796,0.9447783783640822,100.0,0.21526517799726158,13.303980647544028,0.0,49,52,0.9996000000000002,0.00039999999999997806,0.0,-96.0,0.0,0.0,-200.0,0.0,0.0,40.27803039550781,61.09437561035156
v2refine_stage1_q50_s10504_B_polish1,v2_refine_stage1,B_polish1,50,10504,phase_B,expected,frozen,stage1_rows,mean,trained,2000,B,400,timeout,True,13,0.029441711223003368,exp_root_over_dw,0.0002216536296856253,0.007027697749435902,0.010681121388915926,-0.0319986455142498,0.8442109823226929,-0.052068378776311874,1.1935434341430664,1024,512,-0.052068378776311874,1.1935434341430664,64.11439024098217,0.007525738037656993,development,4,1,16,True,,0.0002216536296856253,0.0,0.0,0.0,0.0011592872294408085,-4.0,0.0011592872294408085,-4.0,0.0011592872294408085,2,-4.0,0.0002216536296856253,0.0011592872294408085,0.0011592872294408085,0.0011592872294408085,0.0011592872294408085,1.9255430583342559e-16,0.0,-200.0,0.0,2,-200.0,0.0,0.0,0.0,-0.0009376335997551832,0.0,-0.0009376335997551832,49,52,0.9996000000000002,0.00039999999999997806,0.0011592872294408085,-4.0,0.00017362108461880992,0.00032800741653971066,-100.0,3.972019462379841e-05,0.00022175682185309622,0.0,True,0.9999999999999999,47,2.771973731169869,2.944171122300337,2.503403829228028,46.666666666666664,70.0,46.19282183836814,65.01254455126545,-0.010153817749254099,-0.07124936355335072,0.07124936355335072,1.3360771946911005,0.019086817067015722,0.6020198053542274,2.402371134734042,100.0,0.00860028293363182,0.03431958763905774,2.3586438691588434,0.0336949124165549,76.0,0.5,399,402,0.010153817749254099,17.468301402606144,49,52,0.9996000000000002,0.00039999999999997806,17.468301402606144,20.0,11.42644286883282,1.0108743660485278,100.0,0.2295480693442677,14.184629989767325,0.0,49,52,0.9996000000000002,0.00039999999999997806,0.0,-96.0,0.0,0.0,-200.0,0.0,0.0,43.42932891845703,64.80673217773438
v2refine_stage1_q50_s10504_B_polish1,v2_refine_stage1,B_polish1,50,10504,phase_B,expected,frozen,stage1_rows,mean,trained,2025,B,425,timeout,True,14,0.02933783752696958,exp_root_over_dw,0.00041299931829341663,0.002886267378926277,0.0012335637700743973,-0.05229683220386505,0.8667073249816895,-0.0914725735783577,1.2244377136230469,1024,512,-0.0914725735783577,1.2244377136230469,67.72339827101678,0.00743834296008572,development,4,1,16,True,,0.00041299931829341663,0.0,0.0001895648972293218,0.0,0.0011592872294408085,-4.0,0.0011592872294408085,-4.0,0.0011592872294408085,2,-4.0,0.00041299931829341663,0.0013488521266701303,0.0011592872294408085,0.0013488521266701303,0.0011592872294408085,-5.551115123125783e-17,0.0,-200.0,0.0,2,-200.0,0.0,-0.0001895648972293218,0.0,-0.0009358528083767137,0.0,-0.0009358528083767137,49,52,0.9996000000000002,0.00039999999999997806,0.0011592872294408085,-4.0,0.00017362108461880992,0.00032800741653971066,-100.0,3.972019462379841e-05,0.00022175682185309622,0.0,True,0.9999999999999999,47,2.771973731169869,2.933783752696958,2.503403829228028,46.666666666666664,70.0,44.90145646645793,65.01254455126545,-0.037825932861615744,-0.07124936355335072,0.07124936355335072,1.3360771946911005,0.019086817067015722,0.6020198053542274,2.402371134734042,100.0,0.00860028293363182,0.03431958763905774,2.3586438691588434,0.0336949124165549,76.0,0.5,399,402,0.037825932861615744,18.663927381315446,49,52,0.9996000000000002,0.00039999999999997806,18.663927381315446,16.0,12.18950253687755,1.0825443440329516,100.0,0.2449452513784705,15.137538188774355,0.0,49,52,0.9996000000000002,0.00039999999999997806,0.0,-96.0,0.0,0.0,-200.0,0.0,0.0,46.964271545410156,68.81301879882812
v2refine_stage1_q50_s10504_B_polish1,v2_refine_stage1,B_polish1,50,10504,phase_B,expected,frozen,stage1_rows,mean,trained,2050,B,450,timeout,True,15,0.029450026809047045,exp_root_over_dw,0.000301702796903891,0.006444653496146202,0.05067292260937393,0.032077204436063766,0.8546199798583984,0.07851314544677734,1.2068099975585938,1024,512,0.07851314544677734,1.2068099975585938,71.32466286001727,0.007177844003308564,development,4,1,16,True,,0.000301702796903891,0.0,8.11628738353054e-05,0.0,0.0011592872294408085,-4.0,0.0011592872294408085,-4.0,0.0011592872294408085,2,-4.0,0.000301702796903891,0.001240450103276114,0.0011592872294408085,0.001240450103276114,0.0011592872294408085,2.076247160309741e-16,0.0,-200.0,0.0,2,-200.0,0.0,-8.11628738353054e-05,0.0,-0.0009387473063722229,0.0,-0.0009387473063722229,49,52,0.9996000000000002,0.00039999999999997806,0.0011592872294408085,-4.0,0.00017362108461880992,0.00032800741653971066,-100.0,3.972019462379841e-05,0.00022175682185309622,0.0,True,0.9999999999999999,47,2.771973731169869,2.9450026809047047,2.503403829228028,46.666666666666664,70.0,47.09641243654552,65.01254455126545,0.009208837925975492,-0.07124936355335072,0.07124936355335072,1.3360771946911005,0.019086817067015722,0.6020198053542274,2.402371134734042,100.0,0.00860028293363182,0.03431958763905774,2.3586438691588434,0.0336949124165549,76.0,0.5,399,402,0.009208837925975492,16.515590888398535,49,52,0.9996000000000002,0.00039999999999997806,16.515590888398535,20.0,10.774528609893848,0.930558485939541,100.0,0.21431109434741452,13.39371833379612,0.0,49,52,0.9996000000000002,0.00039999999999997806,0.0,-96.0,0.0,0.0,-200.0,0.0,0.0,40.357872009277344,62.12147521972656
v2refine_stage1_q50_s10504_B_polish1,v2_refine_stage1,B_polish1,50,10504,phase_B,expected,frozen,stage1_rows,mean,trained,2075,B,475,timeout,True,16,0.02950982419107303,exp_root_over_dw,0.0014892285445172737,0.0008505830774083734,0.008674027293454855,-0.0528399720788002,0.8825282454490662,-0.10141366720199585,1.2461820840835571,1024,512,-0.10141366720199585,1.2461820840835571,74.73733668401837,0.007087881036568433,development,4,1,16,True,,0.0014892285445172737,0.0,0.0012688685363305696,0.0,0.0011592872294408085,-4.0,0.0011592872294408085,-4.0,0.0014892285445172737,1,0.0,0.0014892285445172737,0.002428155765771378,0.0012688685363305696,0.002428155765771378,0.0011592872294408085,-1.1817803680091998e-16,0.0,-200.0,0.0,2,-200.0,-0.0002203600081867041,-0.0009389272212541044,0.0,-0.0009389272212541044,0.0,-0.0009389272212541044,49,52,0.9996000000000002,0.00039999999999997806,0.0011592872294408085,-4.0,0.00017362108461880992,0.00032800741653971066,-100.0,3.972019462379841e-05,0.00022175682185309622,0.0,True,0.9999999999999999,47,2.771973731169869,2.950982419107303,2.503403829228028,46.666666666666664,70.0,49.35286251624585,65.01254455126545,0.05756133963383969,-0.07124936355335072,0.07124936355335072,1.3360771946911005,0.019086817067015722,0.6020198053542274,2.402371134734042,100.0,0.00860028293363182,0.03431958763905774,2.3586438691588434,0.0336949124165549,76.0,0.5,399,402,0.05756133963383969,14.299825542034462,49,52,0.9996000000000002,0.00039999999999997806,14.299825542034462,20.0,9.28306408315585,0.758150630374312,100.0,0.18026891121182953,11.573131804523136,0.0,49,52,0.9996000000000002,0.00039999999999997806,0.0,-96.0,0.0,0.0,-200.0,0.0,0.0,33.5518798828125,55.26513671875
v2refine_stage1_q50_s10504_B_polish1,v2_refine_stage1,B_polish1,50,10504,phase_B,expected,frozen,stage1_rows,mean,trained,2100,B,500,timeout,True,17,0.029509509526450782,exp_root_over_dw,0.002924297744685389,0.0011894686613231897,0.0,0.024701332673430443,0.8497949242591858,0.04247605428099632,1.201511263847351,1024,512,0.04247605428099632,1.201511263847351,78.13732967502438,0.007291457033716142,development,4,1,16,True,,0.002924297744685389,0.0,0.0027087863410283353,0.0,0.0011592872294408085,-4.0,0.0011592872294408085,-4.0,0.002924297744685389,1,0.0,0.002924297744685389,0.003868073570469144,0.0027087863410283353,0.003868073570469144,0.0011592872294408085,-8.239936510889834e-17,0.0,-200.0,0.0,2,-200.0,-0.0002155114036570538,-0.0009437758257837547,0.0,-0.0009437758257837547,0.0,-0.0009437758257837547,49,52,0.9996000000000002,0.00039999999999997806,0.0011592872294408085,-4.0,0.00017362108461880992,0.00032800741653971066,-100.0,3.972019462379841e-05,0.00022175682185309622,0.0,True,0.9999999999999999,47,2.771973731169869,2.950950952645078,2.503403829228028,46.666666666666664,70.0,50.73357476232666,65.01254455126545,0.08714803062128565,-0.07124936355335072,0.07124936355335072,1.3360771946911005,0.019086817067015722,0.6020198053542274,2.402371134734042,100.0,0.00860028293363182,0.03431958763905774,2.3586438691588434,0.0336949124165549,76.0,0.5,399,402,0.08714803062128565,12.908405654196507,49,52,0.9996000000000002,0.00039999999999997806,12.908405654196507,20.0,8.343288824868123,0.6375161848136408,100.0,0.1571539147832341,10.423850699106259,0.0,49,52,0.9996000000000002,0.00039999999999997806,0.0,-96.0,0.0,0.0,-200.0,0.0,0.0,29.24665069580078,50.992950439453125
v2refine_stage1_q50_s10504_B_polish1,v2_refine_stage1,B_polish1,50,10504,phase_B,expected,frozen,stage1_rows,mean,trained,2125,B,525,timeout,True,18,0.029369541658643875,exp_root_over_dw,0.00022220757909985345,0.004358302801847458,0.022618003841489553,-0.018659010529518127,0.8187366127967834,-0.01280908565968275,1.1578186750411987,1024,512,-0.01280908565968275,1.1578186750411987,81.745293133019,0.00739045295631513,development,4,1,16,True,,0.00022220757909985345,0.0,4.731933858082016e-07,0.0,0.0011592872294408085,-4.0,0.0011592872294408085,-4.0,0.0011592872294408085,2,-4.0,0.00022220757909985345,0.0011597604228266167,0.0011592872294408085,0.0011597604228266167,0.0011592872294408085,1.4436151926644492e-16,0.0,-200.0,0.0,2,-200.0,0.0,-4.731933858082016e-07,0.0,-0.0009375528437267633,0.0,-0.0009375528437267633,49,52,0.9996000000000002,0.00039999999999997806,0.0011592872294408085,-4.0,0.00017362108461880992,0.00032800741653971066,-100.0,3.972019462379841e-05,0.00022175682185309622,0.0,True,0.9999999999999999,47,2.771973731169869,2.9369541658643876,2.503403829228028,46.666666666666664,70.0,46.34546303598501,65.01254455126545,-0.006882934943178246,-0.07124936355335072,0.07124936355335072,1.3360771946911005,0.019086817067015722,0.6020198053542274,2.402371134734042,100.0,0.00860028293363182,0.03431958763905774,2.3586438691588434,0.0336949124165549,76.0,0.5,399,402,0.006882934943178246,17.137148221329966,49,52,0.9996000000000002,0.00039999999999997806,17.137148221329966,20.0,11.165340597308983,0.9610385247615838,100.0,0.22157703083625657,13.888308617373848,0.0,49,52,0.9996000000000002,0.00039999999999997806,0.0,-96.0,0.0,0.0,-200.0,0.0,0.0,42.02165985107422,64.45561218261719
v2refine_stage1_q50_s10504_B_polish1,v2_refine_stage1,B_polish1,50,10504,phase_B,expected,frozen,stage1_rows,mean,trained,2150,B,550,timeout,True,19,0.02938049386531104,exp_root_over_dw,0.00022504103781373352,0.00591572280973196,0.030972857668530196,0.05063988268375397,0.86300128698349,0.07582756876945496,1.219911813735962,1024,512,0.07582756876945496,1.219911813735962,85.3864200040116,0.007298014999832958,development,4,1,16,True,,0.00022504103781373352,0.0,3.619341214067262e-06,0.0,0.0011592872294408085,-4.0,0.0011592872294408085,-4.0,0.0011592872294408085,2,-4.0,0.00022504103781373352,0.0011629065706548758,0.0011592872294408085,0.0011629065706548758,0.0011592872294408085,-2.305284869247304e-16,0.0,-200.0,0.0,2,-200.0,0.0,-3.619341214067262e-06,0.0,-0.0009378655328411423,0.0,-0.0009378655328411423,49,52,0.9996000000000002,0.00039999999999997806,0.0011592872294408085,-4.0,0.00017362108461880992,0.00032800741653971066,-100.0,3.972019462379841e-05,0.00022175682185309622,0.0,True,0.9999999999999999,47,2.771973731169869,2.938049386531104,2.503403829228028,46.666666666666664,70.0,46.62947686047773,65.01254455126545,-0.0007969244183342995,-0.07124936355335072,0.07124936355335072,1.3360771946911005,0.019086817067015722,0.6020198053542274,2.402371134734042,100.0,0.00860028293363182,0.03431958763905774,2.3586438691588434,0.0336949124165549,76.0,0.5,399,402,0.0007969244183342995,16.854673438800845,49,52,0.9996000000000002,0.00039999999999997806,16.854673438800845,20.0,10.976879626010435,0.9391618951383984,100.0,0.21734009297797988,13.657470518271392,0.0,49,52,0.9996000000000002,0.00039999999999997806,0.0,-96.0,0.0,0.0,-200.0,0.0,0.0,41.143760681152344,63.60487365722656
v2refine_stage1_q50_s10504_B_polish1,v2_refine_stage1,B_polish1,50,10504,phase_B,expected,frozen,stage1_rows,mean,trained,2175,B,575,timeout,True,20,0.02929651084559769,exp_root_over_dw,0.00031394364885051207,0.00012237089686095715,0.0,0.009214477613568306,0.8578191995620728,-0.0003528464585542679,1.2130464315414429,1024,512,-0.0003528464585542679,1.2130464315414429,89.02092054899549,0.0074678040109574795,development,4,1,16,True,,0.00031394364885051207,0.0,9.292445886144307e-05,0.0,0.0011592872294408085,-4.0,0.0011592872294408085,-4.0,0.0011592872294408085,2,-4.0,0.00031394364885051207,0.0012522116883022516,0.0011592872294408085,0.0012522116883022516,0.0011592872294408085,1.2132222310112795e-16,0.0,-200.0,0.0,2,-200.0,0.0,-9.292445886144307e-05,0.0,-0.0009382680394517395,0.0,-0.0009382680394517395,49,52,0.9996000000000002,0.00039999999999997806,0.0011592872294408085,-4.0,0.00017362108461880992,0.00032800741653971066,-100.0,3.972019462379841e-05,0.00022175682185309622,0.0,True,0.9999999999999999,47,2.771973731169869,2.929651084559769,2.503403829228028,46.666666666666664,70.0,45.3011878221775,65.01254455126545,-0.02926026095333916,-0.07124936355335072,0.07124936355335072,1.3360771946911005,0.019086817067015722,0.6020198053542274,2.402371134734042,100.0,0.00860028293363182,0.03431958763905774,2.3586438691588434,0.0336949124165549,76.0,0.5,399,402,0.02926026095333916,18.115663571017855,49,52,0.9996000000000002,0.00039999999999997806,18.115663571017855,16.0,11.80143807191172,1.02525882852256,100.0,0.23493767682594238,14.677385816151356,0.0,49,52,0.9996000000000002,0.00039999999999997806,0.0,-96.0,0.0,0.0,-200.0,0.0,0.0,44.913047790527344,67.66610717773438
v2refine_stage1_q50_s10504_B_polish1,v2_refine_stage1,B_polish1,50,10504,phase_B,expected,frozen,stage1_rows,mean,trained,2200,B,600,stability,True,21,0.02933565339485908,exp_root_over_dw,0.00022290657532963998,0.00087451480794698,0.0,0.0543612465262413,0.8698548674583435,0.0972529798746109,1.2286549806594849,1024,512,0.0972529798746109,1.2286549806594849,92.68581629300024,0.007581967976875603,development,4,1,16,True,,0.00022290657532963998,0.0,1.7969046749444217e-06,0.0,0.0011592872294408085,-4.0,0.0011592872294408085,-4.0,0.0011592872294408085,2,-4.0,0.00022290657532963998,0.001161084134115753,0.0011592872294408085,0.001161084134115753,0.0011592872294408085,1.463672932855431e-18,0.0,-200.0,0.0,2,-200.0,0.0,-1.7969046749444217e-06,0.0,-0.000938177558786113,0.0,-0.000938177558786113,49,52,0.9996000000000002,0.00039999999999997806,0.0011592872294408085,-4.0,0.00017362108461880992,0.00032800741653971066,-100.0,3.972019462379841e-05,0.00022175682185309622,0.0,True,0.9999999999999999,47,2.771973731169869,2.933565339485908,2.503403829228028,46.666666666666664,70.0,45.99859825904877,65.01254455126545,-0.014315751591812033,-0.07124936355335072,0.07124936355335072,1.3360771946911005,0.019086817067015722,0.6020198053542274,2.402371134734042,100.0,0.00860028293363182,0.03431958763905774,2.3586438691588434,0.0336949124165549,76.0,0.5,399,402,0.014315751591812033,17.434219834032803,49,52,0.9996000000000002,0.00039999999999997806,17.434219834032803,20.0,11.354700692366782,0.9769715463468966,100.0,0.2252308618276264,14.126623871149468,0.0,49,52,0.9996000000000002,0.00039999999999997806,0.0,-96.0,0.0,0.0,-200.0,0.0,0.0,42.849510192871094,65.51583862304688
