source,arm,q,seed,update,actor_lr,conc_scale,valid,Delta,s,R,R_tail,C,R0,e_hat0,sigma0,e_sigma0,c2,floor,R_defl,n_defl_excluded,n_defl_nodes,J_mean_neg,J_mean_pos,n_J_neg,n_J_pos,J_lin_neg,J_lin_pos,s_exact,R0_exact,stage2_peak_rel_err_signed,stage2_peak_rel_err_abs,stage2_rmse_pos_over_g2_0,stage2_tail_mean_over_g2_0,stage2_tail_max_over_g2_0,g2_at_0,e2_at_0,error
pilot,MS_s35a0,50,10507,25,0.0003,1.0,True,0.1220843826800797,57.781690760795165,0.6933965759067776,0.6991634616802851,0.048687723031662224,0.3020805942982403,40.3269655234304,4.850167205445775,66.16808484385422,0.39053751338586573,0.05472827631554874,0.8576164298041061,0,49,-0.6488413547237037,0.41176470588235115,22,22,-2.333333333333333,0.4117647058823529,57.78169076079524,0.30208059429824125,-0.4239005246254711,0.4239005246254711,0.29770553833767227,0.5771238479404237,0.5906035234766933,70.0,40.32696327621702,
pilot,MS_s35a0,50,10507,50,0.0003,1.0,True,0.07135612455999119,54.83181772565609,0.6645586896269389,0.5407465338228646,0.04579575795227103,0.3951871872807156,33.16298590516517,4.576332246604179,66.38610344185322,0.5004528932141313,0.051638379687755594,1.1297497723657866,0,49,-0.6778112196993611,0.4117647058823539,22,22,-2.333333333333333,0.4117647058823529,54.83181772565624,0.3951871872807173,-0.5262430584976404,0.5262430584976404,0.2801949322575593,0.42342818533583915,0.4438304791315316,70.0,33.16298590516517,
pilot,MS_s35a0,50,10507,75,0.0003,1.0,True,0.030418973399167437,60.21700342973187,0.417113518326211,0.24474408501826023,0.04735406825749168,0.23208908763464853,46.24129243815065,4.7351057238237155,66.25873058004386,0.3021101969001827,0.053429946527573983,0.7090929811545527,0,49,-1.2993267576491303,0.4117647058823526,22,22,-2.333333333333333,0.4117647058823529,60.21700342973118,0.23208908763463973,-0.3394100850909586,0.3394100850909586,0.14810588728838406,0.21007859283809957,0.2502885496899471,70.0,46.2412940436329,
pilot,MS_s35a0,50,10507,100,0.0003,1.0,True,0.00823795690918755,65.04761201241283,0.24559788427864065,0.12185335803726467,0.04648942571791528,0.10876402320375786,57.972764537538964,4.580920809223644,66.38106295315963,0.12666712525458954,0.05169015607242278,0.32900784271787353,0,49,-1.9964349376114081,0.4117647058823539,22,22,-2.333333333333333,0.4117647058823529,65.04761201241294,0.10876402320375943,-0.17181754242648972,0.17181754242648972,0.06326164229483586,0.11290906119490998,0.15478721556735883,70.0,57.97277203014572,
pilot,MS_s35a0,50,10507,125,0.0003,1.0,True,0.007857155707096664,66.41895697210424,0.28829958623696805,0.07839214470618827,0.04555402074547161,0.07702282582196082,61.303181217965545,4.42940135005467,66.50131038760429,0.07816581567101974,0.04998044206106428,0.2216206985147044,0,49,-2.2272727272727213,0.4117647058823522,22,22,-2.333333333333333,0.4117647058823529,66.41895697210344,0.07702282582194978,-0.12424026831477793,0.12424026831477793,0.059908312345824354,0.07410507246816544,0.10753812755531972,70.0,61.303181217965545,
pilot,MS_s35a0,50,10507,150,0.0003,1.0,True,0.01229604710011356,66.17901358095833,0.36196440093774823,0.05373452372038869,0.04455126177306875,0.08248161663099104,60.72045546757953,4.344628187217201,66.56831761044629,0.08784752796500116,0.04902387935231832,0.2329301695657504,0,49,-2.2272727272727257,0.41176470588235614,22,22,-2.333333333333333,0.4117647058823529,66.17901358095858,0.0824816166309946,-0.1325648349463347,0.1325648349463347,0.06472915675475074,0.05049174912256366,0.07886045671986763,70.0,60.72046155375657,
pilot,MS_s35a0,50,10507,175,0.0003,1.0,True,0.010328427423580422,66.95848462288109,0.3278799613537229,0.049561548264952224,0.04378413685617576,0.06489128288646709,62.61345677814003,4.230324855556676,66.65895279744191,0.060689462548189445,0.04773410437056486,0.1526194606420395,0,49,-2.2272727272727217,0.41176470588235325,22,22,-2.333333333333333,0.4117647058823529,66.95848462288117,0.06489128288646828,-0.10552196206330637,0.10552196206330637,0.0675629959349173,0.047103289588608335,0.07477216527182348,70.0,62.613462655568554,
pilot,MS_s35a0,50,10507,200,0.0003,1.0,True,0.01612874195854519,66.63347013014817,0.41172876194028424,0.04182122125575529,0.04302518397635381,0.07217586561390066,61.8241360713752,4.173846421475498,66.70353357663775,0.07315051007989647,0.047096813486491085,0.2023061581834498,0,49,-2.2272727272727297,0.4117647058823533,22,22,-2.333333333333333,0.4117647058823529,66.63347013014865,0.07217586561390739,-0.11679797507647527,0.11679797507647527,0.07687695701296311,0.03950864151250488,0.06973835121044536,70.0,61.82414174464673,
pilot,MS_s35a0,50,10507,225,0.0003,1.0,True,0.006409106361618622,68.43450109955519,0.252712674759927,0.04183025216835824,0.042604208507484816,0.032679817412294115,66.19806299952151,4.019844872132651,66.82588704828521,0.009394922783592283,0.04535909208670209,0.09670764966208033,0,49,-2.227272727272727,0.4117647058823538,22,22,-2.333333333333333,0.4117647058823529,68.4345010995554,0.03267981741229713,-0.05431322715828161,0.05431322715828161,0.057711778999549414,0.04048082622613782,0.08390745525561204,70.0,66.19807409892029,
pilot,MS_s35a0,50,10507,250,0.0003,1.0,True,0.006821471874356,68.19366498286308,0.26163654483147936,0.034695607206317244,0.04205067397583241,0.037840444512828336,65.61319906649716,3.985634171364188,66.8528366416816,0.01854278198887305,0.04497306566631336,0.09542378975372708,0,49,-2.2272727272727226,0.41176470588235253,22,22,-2.333333333333333,0.4117647058823529,68.19366498286286,0.037840444512825124,-0.06266876590067645,0.06266876590067645,0.05101162909579797,0.03337124095515737,0.06620899532717321,70.0,65.61318638695265,
pilot,MS_s35a0,50,10507,275,0.0003,1.0,True,0.00752282285275685,67.77377453929817,0.27645989230346907,0.029085883375311147,0.041547060587030414,0.04692555650524703,64.59345228848446,3.9634702065698906,66.8702156277804,0.03404749510558011,0.04472297210497213,0.12911837115519184,0,49,-2.235569322692688,0.4117647058823534,22,22,-2.333333333333333,0.4117647058823529,67.77377453929782,0.046925556505242036,-0.0772363935345648,0.0772363935345648,0.05625541308959401,0.027842023942355725,0.05377749278287374,70.0,64.59345245258046,
pilot,MS_s35a0,50,10507,300,0.0003,1.0,True,0.007132705483547719,68.6860114717979,0.26562089664229427,0.029964997923129767,0.04121550852901818,0.02732909407078649,66.80889017652478,3.8687611564257605,66.94539148081795,0.002038994787748374,0.04365429491379172,0.08308601304567814,0,49,-2.230502394801201,0.41176470588235203,22,22,-2.333333333333333,0.4117647058823529,68.686011471798,0.027329094070787898,-0.04558735710088554,0.04558735710088554,0.056833881481386544,0.029080253429698204,0.05467146273726739,70.0,66.80888500293801,
pilot,MS_s35a0,50,10507,325,0.0003,1.0,True,0.0026710896075352597,67.99092436443902,0.14492722026293797,0.02886355924192259,0.040706317066811736,0.04221310531709533,65.12082301399985,3.866396610064049,66.94701961959046,0.027278236073353394,0.043627613865249854,0.11726860575537638,0,49,-2.238244922613396,0.4117647058823524,22,22,-2.333333333333333,0.4117647058823529,67.99092436443848,0.042213105317087725,-0.06970262409091005,0.06970262409091005,0.03266177027099035,0.02755880978370488,0.07163855358876291,70.0,65.1208163136363,
pilot,MS_s35a0,50,10507,350,0.0003,1.0,True,0.0015312392414629228,67.56595053192669,0.07660558789427327,0.02585521550121097,0.0401606986389263,0.05146399182495542,64.08873839581122,3.84478635277411,66.96397906811596,0.04293712399288636,0.04338376822403444,0.10944274664499558,0,49,-2.227272727272722,0.41176470588235237,22,22,-2.333333333333333,0.4117647058823529,67.56595053192612,0.05146399182494744,-0.08444661419848185,0.08444661419848185,0.03194360124710793,0.024453827570556953,0.06739070771078182,70.0,64.08873700610627,
pilot,MS_s35a0,50,10507,375,0.0003,1.0,True,0.0017680707575560284,68.40473278425542,0.13279051659285313,0.02405976417273892,0.039964715993705935,0.03331572352659532,66.125768203352,3.77352757629867,67.0205514162913,0.013350878111721996,0.04257969903555842,0.09435460194221237,0,49,-2.247045426824049,0.4117647058823539,22,22,-2.333333333333333,0.4117647058823529,68.4047327842548,0.03331572352658669,-0.05534600544422099,0.05534600544422099,0.03443602007297122,0.023087289015378844,0.055258614705782624,70.0,66.12577961890453,
pilot,MS_s35a0,50,10507,400,0.0003,1.0,True,0.002862977695692326,68.80283668866795,0.1679987415662095,0.023393522473789716,0.03961194303110929,0.02485701730061586,67.09259223847454,3.7101674564888656,67.07075392499844,-0.00032560113310364965,0.041864756643377826,0.09512800712628634,0,49,-2.249564328985918,0.4117647058823543,22,22,-2.333333333333333,0.4117647058823529,68.80283668866846,0.024857017300623112,-0.04153423733191021,0.04153423733191021,0.04364011411086297,0.022531260954534404,0.059514587213700336,70.0,67.09260338676629,
pilot,MS_s35a0,50,10507,425,0.0003,1.0,True,0.004223447322908025,68.50281984596275,0.2049408259898237,0.023536205705722672,0.03916978330717214,0.0312224926840952,66.36399105448228,3.6867213605757607,67.08918075298385,0.010809339007606122,0.04160019578159712,0.11278259345879213,0,49,-2.227272727272725,0.41176470588235287,22,22,-2.333333333333333,0.4117647058823529,68.5028198459633,0.031222492684103043,-0.05194298493596737,0.05194298493596737,0.04642449777793963,0.022469584319511224,0.06614450248517163,70.0,66.36399105448228,
pilot,MS_s35a0,50,10507,450,0.0003,1.0,True,0.001912122859899279,67.83397128615262,0.13925604096066646,0.019454752694971017,0.03868626661940882,0.04561618132330224,64.7396445520838,3.683799549160561,67.09129972468699,0.03505156677919999,0.041567226670286186,0.12208428632979691,0,49,-2.2943253727956945,0.41176470588235203,22,22,-2.333333333333333,0.4117647058823529,67.83397128615215,0.04561618132329564,-0.07514793497023138,0.07514793497023138,0.022926189947306524,0.018463808504083728,0.04643971316325518,70.0,64.7396445520838,
pilot,MS_s35a0,50,10507,475,0.0003,1.0,True,0.0019890409835991996,67.4321713029888,0.11849139994845143,0.019294779317528005,0.038295198019896,0.05440024604180817,63.76385049414309,3.6704545939568756,67.10175109781575,0.049743867321836714,0.04141664497590957,0.12685936482556145,0,49,-2.269571926245378,0.41176470588235203,22,22,-2.333333333333333,0.4117647058823529,67.43217130298882,0.05440024604180836,-0.08908793438610202,0.08908793438610202,0.02607151911365904,0.01819386610882717,0.04660793481342512,70.0,63.76384459297286,
pilot,MS_s35a0,50,10507,500,0.0003,1.0,True,0.003406217135585976,67.5666161470706,0.18659817244989335,0.017509238192573905,0.038032544475975816,0.05144941163661084,64.09035933291104,3.639851023557906,67.12597082127945,0.04522260834708263,0.04107132066314019,0.13614259085630215,0,49,-2.3333333333333326,0.4117647058823518,22,22,-2.333333333333333,0.4117647058823529,67.56661614706996,0.05144941163660186,-0.08442352142818439,0.08442352142818439,0.03299490979896356,0.016554785046379875,0.041080287104653036,70.0,64.09035350002709,
pilot,MS_s35a0,50,10507,525,0.0003,1.0,True,0.00419102068056576,68.35834376626376,0.20458404475158748,0.01748648617267406,0.03764340205466216,0.03430778251550652,66.01310905395268,3.552226951991839,67.19541456889417,0.017595032674875378,0.040082588894227826,0.08147559572105102,0,49,-2.333333333333329,0.4117647058823541,22,22,-2.333333333333333,0.4117647058823529,68.35834376626318,0.034307782515498285,-0.056955420354135,0.056955420354135,0.029495819345534174,0.01676576724883988,0.03846857921345583,70.0,66.01312057521055,
pilot,MS_s35a0,50,10507,550,0.0003,1.0,True,0.0011367555005852292,68.42276011408833,0.10644771256506114,0.018293346095421693,0.03708790185111024,0.032930560434271776,66.16955469861853,3.4973642428081755,67.23878129738112,0.015901933053094203,0.039463529513295174,0.06045997660082168,0,49,-2.261312966097805,0.41176470588235375,22,22,-2.333333333333333,0.4117647058823529,68.42276011408833,0.032930560434271776,-0.05472056747040475,0.05472056747040475,0.0215603681809028,0.017421814102567594,0.049182581118952094,70.0,66.16956027707167,
pilot,MS_s35a0,50,10507,575,0.0003,1.0,True,0.00237253636618151,68.26186559951121,0.07959458547089182,0.01871869627636823,0.03678727424124346,0.03637534839909426,65.77881515637976,3.47636508260608,67.25533284560889,0.02195391245209678,0.03922657936430972,0.11008211477180091,0,49,-2.251881003591848,0.41176470588235375,22,22,-2.333333333333333,0.4117647058823529,68.26186559951162,0.03637534839910008,-0.06030262205775939,0.06030262205775939,0.030932704535901846,0.017717428150238718,0.05907367167363227,70.0,65.77881645595684,
pilot,MS_s35a0,50,10507,600,0.0003,1.0,True,0.0011091820313108847,68.62918224012722,0.076915145846483,0.018854885612687607,0.036720247570473805,0.0285346702614133,66.67087115459475,3.4460758685715915,67.27935817061935,0.00904418580334081,0.03888480218326758,0.06556337746467816,0,49,-2.270005183347354,0.4117647058823527,22,22,-2.333333333333333,0.4117647058823529,68.62918224012725,0.0285346702614137,-0.04755898350578929,0.04755898350578929,0.0231035672941316,0.01798329022068671,0.05706695561112197,70.0,66.67087115459475,
pilot,MS_s35a0,50,10507,625,0.0003,1.0,True,0.0028792667156616325,68.82044864201436,0.16843286634683197,0.01604347443062736,0.03632149856385149,0.024485068054645745,67.13538200554821,3.3969208909418285,67.31824281758084,0.0027163634162012534,0.03833014765610287,0.05052985990404988,0,49,-2.3067203075452194,0.41176470588235375,22,22,-2.333333333333333,0.4117647058823529,68.82044864201433,0.024485068054645343,-0.04092321037909455,0.04092321037909455,0.0328907634172894,0.01545463438268509,0.04208797041461349,70.0,67.13537527346338,
pilot,MS_s35a0,50,10507,650,0.0003,1.0,True,0.002394972917725613,68.40650333404464,0.15454547805101676,0.015421218411759459,0.03604887926610641,0.033277885837725084,66.13007825031976,3.3978025089636197,67.31744122253971,0.017638266557024104,0.038340095650194125,0.056701310589501654,0,49,-2.316528155941098,0.41176470588235065,22,22,-2.333333333333333,0.4117647058823529,68.40650333404437,0.03327788583772127,-0.055284578206623636,0.055284578206623636,0.03791968360724534,0.014723717079779956,0.04069355164410451,70.0,66.13007952553635,
pilot,MS_s35a0,50,10507,675,0.0003,1.0,True,0.002616689588556209,68.50682670014844,0.16130418775490943,0.01542582146753065,0.03604680274330562,0.031137111683937332,66.37372198607378,3.390482638968346,67.32324861555497,0.01410399303372017,0.038257499762108974,0.05799974622765968,0,49,-2.3136355679711036,0.41176470588235364,22,22,-2.333333333333333,0.4117647058823529,68.50682670014803,0.031137111683931504,-0.051803971627517494,0.051803971627517494,0.03949135139612018,0.014746380631110743,0.04078655657891216,70.0,66.37372198607378,
pilot,MS_s35a0,50,10507,700,0.0003,1.0,True,0.0020729296423708243,68.40518491246067,0.14378270514035826,0.01530487690811881,0.03563808442140946,0.03330606109507558,66.12687764454631,3.359399346765036,67.34778208660165,0.018128354108014975,0.03790676236843941,0.06749602720015802,0,49,-2.305656102277571,0.4117647058823511,22,22,-2.333333333333333,0.4117647058823529,68.40518491246024,0.033306061095069554,-0.05533031936362412,0.05533031936362412,0.02965463971911421,0.014520557105980762,0.04491359641259855,70.0,66.12687764454631,
pilot,MS_s35a0,50,10507,725,0.0003,1.0,True,0.006511103068673529,67.34194135677207,0.25884813684068725,0.013367136633344354,0.035358246075545274,0.05638724629375139,63.5447147235884,3.392723757198012,67.32123764924553,0.05609705135448377,0.03828278807332251,0.14621006184211205,0,49,-2.3333333333333326,0.4117647058823523,22,22,-2.333333333333333,0.4117647058823529,67.34194135677168,0.056387246293746016,-0.0922183610915943,0.0922183610915943,0.05098709116217576,0.012511811466490918,0.036253045073491585,70.0,63.5447147235884,
pilot,MS_s35a0,50,10507,750,0.0003,1.0,True,0.004369375153577382,69.14933887232611,0.20650236298873237,0.01699945844202687,0.03540355772829476,0.017573995676727735,67.93410868993527,3.287740687941556,67.40457551774313,-0.007856041939656676,0.037098180990855205,0.06987410000576569,0,49,-2.2324867797041654,0.41176470588235364,22,22,-2.333333333333333,0.4117647058823529,69.14933887232627,0.017573995676729955,-0.02951273300092469,0.02951273300092469,0.04740341610602116,0.016248526237411343,0.05524308250659686,70.0,67.93410868993527,
pilot,MS_s35a0,50,10507,775,0.0003,1.0,True,0.0026929086038431915,69.64472441020126,0.15141608514823957,0.014208890786376821,0.03527870239483129,0.0069780620377940935,69.15872667715138,3.2453205422311253,67.43822279434953,-0.02551229572061034,0.03661952090400715,0.11495055204444149,0,49,-2.258920893017435,0.4117647058823533,22,22,-2.333333333333333,0.4117647058823529,69.65359849521369,0.0071045761201538535,-0.012018011390545626,0.012018011390545626,0.04021325856790713,0.013827698079317241,0.045567835369371174,70.0,69.1587392026618,
pilot,MS_s35a0,50,10507,800,0.0003,1.0,True,0.008843558170137378,68.58040060488037,0.2962217144704597,0.012137645535601961,0.03494119375219532,0.02957111824951075,66.55240148171451,3.282386011905447,67.40866442471442,0.012702565023465565,0.037037759941998295,0.08886651434113861,0,49,-2.3333333333333357,0.41176470588235375,22,22,-2.333333333333333,0.4117647058823529,68.58040060488014,0.029571118249507533,-0.04925140758579098,0.04925140758579098,0.05479105203699419,0.011691920246088689,0.02815270400762069,70.0,66.55240146899463,
pilot,MS_s35a0,50,10507,825,0.0003,1.0,True,0.0009098517403443029,69.24105013820716,0.094107678384506,0.01415239492798966,0.03483590164010129,0.01555822521501049,68.16377726721063,3.2281696017640464,67.4516521580931,-0.010557563622733196,0.03642599326481567,0.042477043215543527,0,49,-2.2947182798449295,0.4117647058823524,22,22,-2.333333333333333,0.4117647058823529,69.24391035307244,0.015598888935240685,-0.026231681628098615,0.026231681628098615,0.020536987754747535,0.013604853195338077,0.04172878261763415,70.0,68.1637822860331,
pilot,MS_s35a0,50,10507,850,0.0003,1.0,True,0.002954956242120721,68.37564190472393,0.17174238949377607,0.012983041751330958,0.03452105880789781,0.03393769330771528,66.05513040644011,3.2536414724931317,67.43132826297702,0.02040887955179881,0.036713412547592174,0.09857896499323847,0,49,-2.2863745176545964,0.4117647058823524,22,22,-2.333333333333333,0.4117647058823529,68.3756419047237,0.03393769330771187,-0.05635528085652502,0.05635528085652502,0.029631363675602537,0.01231675683428313,0.04192792099024761,70.0,66.05513034004325,
pilot,MS_s35a0,50,10507,875,0.0003,1.0,True,0.004641176664657465,69.71224997039948,0.2111097738979332,0.0124237354799245,0.03434034236854537,0.0031680466379934054,69.49139363933472,3.146612438267149,67.51621091498231,-0.0292549403703889,0.03550571922264266,0.06333293216937992,0,49,-2.333333333333333,0.4117647058823529,22,22,-2.333333333333333,0.4117647058823529,69.79057577522215,0.004286788877224965,-0.007265738410659951,0.007265738410659951,0.04133723417128129,0.012149957101158043,0.034024318765136105,70.0,69.4913983112538,
pilot,MS_s35a0,50,10507,900,0.0003,1.0,True,0.004451267577169404,69.07037856572252,0.2086668235307891,0.012038731056441291,0.033947450221194206,0.0192272092317083,67.74234106537169,3.157320676603775,67.50756709088468,-0.0034777430828004654,0.03562654875319608,0.06260004705923695,0,49,-2.3333333333333317,0.4117647058823534,22,22,-2.333333333333333,0.4117647058823529,69.0703785657225,0.0192272092317081,-0.03225217220962751,0.03225217220962751,0.030618163174106382,0.011651776041252046,0.03094769615841125,70.0,67.74234794532607,
pilot,MS_s35a0,50,10507,925,0.0003,1.0,True,0.0016936783190991678,68.1600779733772,0.13043338822882056,0.012022644029366453,0.033635896522751514,0.038563043297265176,65.53163393889925,3.183084787203208,67.48702733709861,0.028974359597025157,0.03591726560978753,0.10528891437693344,0,49,-2.3333333333333326,0.41176470588235375,22,22,-2.333333333333333,0.4117647058823529,68.1600779733773,0.038563043297266585,-0.0638340294950731,0.0638340294950731,0.023089398559386503,0.011374685092739993,0.03396873148310997,70.0,65.53161793534488,
pilot,MS_s35a0,50,10507,950,0.0003,1.0,True,0.0016490619694498054,68.29597977172278,0.12844782026296656,0.01234008003480287,0.03337905999609397,0.03564360039877109,65.86166524169654,3.1524426521674362,67.51125944130821,0.024434356776379885,0.035571506141690606,0.08348492538112821,0,49,-2.308019137756585,0.41176470588235464,22,22,-2.333333333333333,0.4117647058823529,68.29597977172227,0.03564360039876386,-0.05911906914432937,0.05911906914432937,0.03176118152560815,0.011631286558360671,0.03929403062315786,70.0,65.86166515989694,
pilot,MS_s35a0,50,10507,975,0.0003,1.0,True,0.0037256090737533,68.13761647614159,0.19351520500791802,0.011711343944459654,0.03309460081395938,0.039046682710996684,65.47706203414695,3.1365135191159985,67.52381505448561,0.03031157257164915,0.03539176512283926,0.12031087096162636,0,49,-2.33333333333333,0.41176470588235614,22,22,-2.333333333333333,0.4117647058823529,68.13761647614109,0.03904668271098967,-0.06461330592979847,0.06461330592979847,0.054344699530182936,0.011068970132456933,0.03344585471310851,70.0,65.47706858491411,
pilot,MS_s35a0,50,10507,1000,0.0003,1.0,True,0.0042695250538477,69.0109104999085,0.20453866466789145,0.011813491196814912,0.033011280491205684,0.020474805938578682,67.59792540741137,3.074194949191049,67.57320808778101,-0.0003657857948411433,0.034688575362574275,0.0886525720644957,0,49,-2.333333333333332,0.4117647058823534,22,22,-2.333333333333333,0.4117647058823529,69.0109104999087,0.020474805938581506,-0.034315350003167766,0.034315350003167766,0.041381245806107816,0.011337014397787684,0.03206554965051795,70.0,67.59792549977826,
pilot,MS_s35a0,50,10507,1025,0.0003,1.0,True,0.0012681480033045478,69.59818839753349,0.11053261029911658,0.01291998399735543,0.03289230625741471,0.008239659324704619,69.024729575704,3.020758993864383,67.6155408336512,-0.02084119604278125,0.034085615174929716,0.07554250621299663,0,49,-2.3000475795665545,0.41176470588235115,22,22,-2.333333333333333,0.4117647058823529,69.59841536756755,0.008242893591995287,-0.01393252806398278,0.01393252806398278,0.030872428457028374,0.012521425050764874,0.04029684893659802,70.0,69.0247230355212,
pilot,MS_s35a0,50,10507,1050,0.0003,1.0,True,0.004584513628804854,69.59875109336556,0.21015928295821576,0.012505540576088998,0.032682433390796496,0.008227104506292174,69.026155123682,3.005064770456926,67.62793402768497,-0.02067520050848571,0.03390852482756254,0.06304778488746468,0,49,-2.3250149049039384,0.4117647058823524,22,22,-2.333333333333333,0.4117647058823529,69.59900495660537,0.008230722010314804,-0.013912072934099585,0.013912072934099585,0.03659747012508796,0.012104452891210338,0.037679998130127616,70.0,69.02615489461303,
pilot,MS_s35a0,50,10507,1075,0.0003,1.0,True,0.002062141136118356,69.1878835944595,0.14178573448431261,0.010966334102880585,0.032390426759652174,0.016764817907825046,68.02796145449115,3.0052632482965094,67.6276859821221,-0.005918810714222304,0.0339107644101557,0.048818765771176956,0,49,-2.3333333333333326,0.4117647058823542,22,22,-2.333333333333333,0.4117647058823529,69.18798407482319,0.016766245841157764,-0.028171981077562896,0.028171981077562896,0.02566511998646627,0.010539115434624574,0.031791234702717566,70.0,68.0279613245706,
pilot,MS_s35a0,50,10507,1100,0.0003,1.0,True,0.003431776534409625,68.59980336932936,0.18447606224592553,0.010672226852107869,0.03215300590719515,0.029158697295217747,66.59951201580736,3.017204279568757,67.6181418978867,0.015064446515220998,0.0340455045193681,0.05534281867377798,0,49,-2.33333333333333,0.4117647058823533,22,22,-2.333333333333333,0.4117647058823529,68.59980336932949,0.029158697295219554,-0.04857825045183384,0.04857825045183384,0.031043233209918603,0.010165577879054338,0.033428806267637126,70.0,66.59952246837163,
pilot,MS_s35a0,50,10507,1125,0.0003,1.0,True,0.003295819650305676,68.9093218684458,0.1799729078941818,0.010883727514465813,0.03197380968580928,0.022611042660975966,67.3512164477077,2.9820425763372853,67.64596990887051,0.004357295217437062,0.03364874718530823,0.07518472142894474,0,49,-2.3333333333333326,0.4117647058823527,22,22,-2.333333333333333,0.4117647058823529,68.90932186844566,0.02261104266097395,-0.03783985354372216,0.03783985354372216,0.030008918969676383,0.010465875527009637,0.02812461719136189,70.0,67.35121025193945,
pilot,MS_s35a0,50,10507,1150,0.0003,1.0,True,0.003734732886220171,68.42771476225316,0.1929306053772166,0.012295396921728024,0.03174335707861627,0.03282473740374826,66.18159505979634,2.987309299683385,67.64172594681769,0.021586245273654853,0.03370817579433417,0.06077719552398792,0,49,-2.2586788631741146,0.41176470588235525,22,22,-2.333333333333333,0.4117647058823529,68.42771476225326,0.032824737403749665,-0.05454867151366268,0.05454867151366268,0.03879437678812718,0.011563446162027223,0.04295014943539463,70.0,66.18159299404361,
pilot,MS_s35a0,50,10507,1175,0.0003,1.0,True,0.002915751495077501,69.00995130763478,0.1690312188149196,0.012025992488655787,0.031600160485171336,0.02049494671430039,67.59558400419789,2.942742623931797,67.67702682407085,0.0012034042228934705,0.033205294709686244,0.09091287279846143,0,49,-2.287488307128171,0.4117647058823547,22,22,-2.333333333333333,0.4117647058823529,69.00995130763519,0.02049494671430624,-0.03434862810245229,0.03434862810245229,0.02867320399209262,0.011433908379223739,0.040673624596704164,70.0,67.59559603282834,
pilot,MS_s35a0,50,10507,1200,0.0003,1.0,True,0.006489787761477572,68.90740279819305,0.25255313063957996,0.010005013207399861,0.03140373385814207,0.022651458073507488,67.34654359569154,2.933853138257234,67.68402881631367,0.004986186941353951,0.033104987605272536,0.0757659391918741,0,49,-2.33333333333333,0.41176470588235325,22,22,-2.333333333333333,0.4117647058823529,68.90740279819343,0.022651458073512928,-0.0379064335320645,0.0379064335320645,0.05091350367100935,0.009664074930159514,0.02808867914660168,70.0,67.34654965275548,
pilot,MS_s35a0,50,10507,1225,0.0003,1.0,True,0.0026060508770706647,69.5843477828077,0.14395583648988927,0.011099665911219355,0.03138813300348761,0.008533368503456104,68.9905527361822,2.884423351130157,67.72319395184415,-0.018713807048722813,0.03254723218499094,0.11317965418093158,0,49,-2.3333333333333273,0.41176470588235214,22,22,-2.333333333333333,0.4117647058823529,69.58434778280767,0.008533368503455699,-0.014420587127080711,0.014420587127080711,0.030732874432886127,0.010702839607047035,0.03494983974944983,70.0,68.99055890110435,
pilot,MS_s35a0,50,10507,1250,0.0003,1.0,True,0.002358290247283512,69.71615541718526,0.15047646790091954,0.011457312626161412,0.03119462156131667,0.002596774023802093,69.53511268342243,2.8529900822740695,67.74806098565448,-0.0263779017697105,0.03219254572768172,0.04514294037027592,0,49,-2.3163181800323644,0.41176470588235287,22,22,-2.333333333333333,0.4117647058823529,69.80857813001822,0.003917280964387136,-0.006641166917734763,0.006641166917734763,0.02386493574211977,0.011035916395300677,0.03809241082378675,70.0,69.53511831575857,
pilot,MS_s35a0,50,10507,1275,0.0003,1.0,True,0.0019987643690433377,68.95650360480418,0.1400583343490549,0.010431470888957461,0.03091341609157355,0.021618107909551768,67.46580596790334,2.8790713849149308,67.72730184122666,0.003861011234972157,0.03248684171318834,0.07918596839384598,0,49,-2.3333333333333295,0.4117647058823513,22,22,-2.333333333333333,0.4117647058823529,68.95650360480417,0.021618107909551567,-0.03620293615985527,0.03620293615985527,0.031821899400522824,0.010003621214904142,0.034222178153800596,70.0,67.46579446881013,
pilot,MS_s35a0,50,10507,1300,0.0003,1.0,True,0.003712305251965531,68.81081575055232,0.19127954231097175,0.009844425624547902,0.030706474845682938,0.02468848281391301,67.11198110848348,2.868441565161885,67.73567260759258,0.009207725783167161,0.03236689704159516,0.05738386269329173,0,49,-2.333333333333333,0.4117647058823513,22,22,-2.333333333333333,0.4117647058823529,68.810815750552,0.02468848281390838,-0.041257412735950336,0.041257412735950336,0.03446714925687374,0.009418733451626303,0.027928553775776823,70.0,67.11198110848348,
pilot,MS_s35a0,50,10507,1325,0.0003,1.0,True,0.003190268268543184,68.34034446950534,0.17854176719644402,0.010082142248771688,0.030558119234287258,0.03469307172125255,65.96940793816238,2.8806267494440743,67.72597733813616,0.02593642010072063,0.03250439212250759,0.1057248234976846,0,49,-2.3333333333333286,0.4117647058823524,22,22,-2.333333333333333,0.4117647058823529,68.34034446950517,0.03469307172125014,-0.05757988575186163,0.05757988575186163,0.033196393227248294,0.009527415996225884,0.0295192499159621,70.0,65.96940799736969,
pilot,MS_s35a0,50,10507,1350,0.0003,1.0,True,0.0021626664635956416,68.45770901222019,0.1467492202377639,0.011672468313216035,0.030333710105817212,0.03218443724564443,66.25443606909457,2.8532131356293613,67.74764621768118,0.022040767937364973,0.03219506261527435,0.08944764733886898,0,49,-2.3201337223031917,0.41176470588235553,22,22,-2.333333333333333,0.4117647058823529,68.45770901222062,0.032184437245650455,-0.053508054678059934,0.053508054678059934,0.031234426145432582,0.01087443020886674,0.0516093578131403,70.0,66.2544361725358,
pilot,MS_s35a0,50,10507,1375,0.0003,1.0,True,0.0033550013938563605,67.95300067197866,0.1841370172159949,0.010907317896886926,0.030132816481385657,0.043033931178878146,65.02871578246742,2.858584544994075,67.74333646492678,0.04007214324120023,0.032255672479525196,0.12254338516564046,0,49,-2.265631256088531,0.41176470588235375,22,22,-2.333333333333333,0.4117647058823529,67.95300067197866,0.043033931178878146,-0.07101834403339333,0.07101834403339333,0.037542760078090126,0.010170920855078765,0.04155539073136585,70.0,65.02871591766247,
pilot,MS_s35a0,50,10507,1400,0.0003,1.0,True,0.002574840531314071,68.66092587904963,0.15964999284358017,0.009984333193306638,0.030006864634910434,0.02786101418583367,66.74796284912095,2.8099670497656595,67.78183095150315,0.015252879538204228,0.0317070827918041,0.0933732635313038,0,49,-2.2948048116673956,0.4117647058823536,22,22,-2.333333333333333,0.4117647058823529,68.66092587904978,0.027861014185835885,-0.04645767358398639,0.04645767358398639,0.037024801406169476,0.009478625106279618,0.03875418622739244,70.0,66.74796284912095,
pilot,MS_s35a0,50,10507,1425,0.0003,1.0,True,0.004760805564104409,68.92359821852307,0.21625973714751998,0.009374894562654987,0.029865028728631497,0.022310454915675963,67.38588132963457,2.782768829449968,67.8033496394327,0.0061570455149805095,0.0314001837399411,0.06487792114425608,0,49,-2.3333333333333304,0.41176470588235503,22,22,-2.333333333333333,0.4117647058823529,68.92359821852338,0.0223104549156804,-0.03734455160224936,0.03734455160224936,0.04738229018486277,0.008973752418889933,0.026197462270848793,70.0,67.38588138784255,
pilot,MS_s35a0,50,10507,1450,0.0003,1.0,True,0.0037584855735808276,68.59053653545587,0.1930837096748016,0.010337257796539096,0.029782622677613724,0.029355641999136792,66.57701729318293,2.7912108627883976,67.79663402585626,0.01798934047681767,0.031495441885411195,0.05792511290244056,0,49,-2.333333333333336,0.4117647058823514,22,22,-2.333333333333333,0.4117647058823529,68.59053653545564,0.029355641999133576,-0.04889975285153838,0.04889975285153838,0.03048041632492149,0.009731137746477785,0.034349673837331306,70.0,66.57701730039231,
pilot,MS_s35a0,50,10507,1475,0.0003,1.0,True,0.0057594502509481504,69.03649456657588,0.23747351185418736,0.009505247664474711,0.029745821505206736,0.019937807417697146,67.66006381150957,2.762329432202195,67.8195080292865,0.0023510081746400996,0.031169549839517332,0.07439007136606847,0,49,-2.333333333333339,0.41176470588235037,22,22,-2.333333333333333,0.4117647058823529,69.03649456657658,0.01993780741770703,-0.03342773952693433,0.03342773952693433,0.03742840242114417,0.009190166559760515,0.02274991723716535,70.0,67.6600582331146,
pilot,MS_s35a0,50,10507,1500,0.0003,1.0,True,0.0036623351876672317,68.65751212055609,0.19041202560251153,0.009580956340467248,0.02961762470366233,0.027933430276493875,66.7396722869804,2.770645932204242,67.81288476178855,0.015826084947987592,0.03126339149297193,0.08658309892896125,0,49,-2.333333333333329,0.41176470588235214,22,22,-2.333333333333333,0.4117647058823529,68.65751212055605,0.02793343027649327,-0.04657611010315707,0.04657611010315707,0.03553757939803047,0.00915963787194965,0.024711237027867854,70.0,66.739672292779,
pilot,MS_s35a0,50,10507,1525,0.0003,1.0,True,0.004364007854371188,68.88532116949612,0.2071664693763421,0.010338937482520447,0.029566450234989855,0.02311665681824963,67.29291757766698,2.750398288040611,67.82890738899563,0.007902085290195978,0.031034921294401885,0.10905592053653985,0,49,-2.3333333333333357,0.41176470588235214,22,22,-2.333333333333333,0.4117647058823529,68.88532116949656,0.02311665681825588,-0.03867253085420036,0.03867253085420036,0.04870502417414503,0.009938744120876749,0.026660785237040168,70.0,67.29292284020597,
pilot,MS_s35a0,50,10507,1550,0.0003,1.0,True,0.006502366284476202,68.62616851040825,0.25383374259841174,0.010425896983787115,0.029417851684357756,0.02859865932053041,66.66356254195432,2.7533179062710245,67.82656532473638,0.017146714966531126,0.031067865658272593,0.07615012277952372,0,49,-2.3333333333333286,0.41176470588235553,22,22,-2.333333333333333,0.4117647058823529,68.62616851040826,0.02859865932053061,-0.047663541475631836,0.047663541475631836,0.04038819510503122,0.009932143830272537,0.03402034286767571,70.0,66.66355209670577,
pilot,MS_s35a0,50,10507,1575,0.0003,1.0,True,0.002290600164103762,69.42174726009613,0.14893010445132324,0.010148740124738261,0.029262667747307042,0.011457120530918435,68.62638071934646,2.694991176790566,67.87274425847608,-0.011103668624335409,0.030409718993966946,0.07054311946183318,0,49,-2.333333333333333,0.41176470588235126,22,22,-2.333333333333333,0.4117647058823529,69.43438926705244,0.011637105781610218,-0.01962322951042503,0.01962322951042503,0.029180661314403205,0.009822472267364806,0.029677262336880807,70.0,68.62637393427025,
pilot,MS_s35a0,50,10507,1600,0.0003,1.0,True,0.0028082134418924154,68.64704723752354,0.16676180454617726,0.009685666496606586,0.029027370195079807,0.02815546681844076,66.71425079944827,2.7157862022679993,67.85620849147023,0.016829081927934558,0.030644365729246503,0.07620155321039544,0,49,-2.333333333333336,0.41176470588235187,22,22,-2.333333333333333,0.4117647058823529,68.6470472375238,0.028155466818444382,-0.04693917747366417,0.04693917747366417,0.03340354238145148,0.009219350264048643,0.02719464331061029,70.0,66.71425757684351,
pilot,MS_s35a0,50,10507,1625,0.0003,1.0,True,0.004483714385252524,69.0012305369684,0.20963583598131544,0.010878459571919581,0.028864324601241866,0.02067808802122562,67.57442367607275,2.6824864875048258,67.88255317467957,0.004539156001011326,0.030268618685156626,0.07572261724246293,0,49,-2.3333333333333317,0.41176470588235214,22,22,-2.333333333333333,0.4117647058823529,69.0012305369685,0.020678088021227232,-0.034651185452113153,0.034651185452113153,0.03540724723055953,0.010316569823504108,0.04271248997485763,70.0,67.57441701835208,
pilot,MS_s35a0,50,10507,1650,0.0003,1.0,True,0.0008311292102181067,69.37400356547346,0.08977200090111767,0.011180828218853876,0.028764311044815576,0.012413005460687137,68.51286354236876,2.650121336635929,67.90816603185104,-0.008904636155747485,0.02990341706535296,0.05358681350143234,0,49,-2.3333333333333326,0.41176470588235164,22,22,-2.333333333333333,0.4117647058823529,69.38764975074696,0.01260723015556576,-0.021244804565921323,0.021244804565921323,0.024979479446495378,0.010619136914857564,0.04370983222068267,70.0,68.51286368038551,
pilot,MS_s35a0,50,10507,1675,0.0003,1.0,True,0.0023048866549365554,69.65330282414766,0.14889717653967052,0.01065480274881348,0.028664100969169055,0.006681389551666858,69.18792673335238,2.6244556211574603,67.92847419628649,-0.018540863047012895,0.029613810478807914,0.04466915296190103,0,49,-2.3333333333333317,0.41176470588235065,22,22,-2.333333333333333,0.4117647058823529,69.66561493064324,0.006856940209305671,-0.011601114651152702,0.011601114651152702,0.02868825233674288,0.01026702102773799,0.03191811755158756,70.0,69.18792197441931,
pilot,MS_s35a0,50,10507,1700,0.0003,1.0,True,0.002689069102903785,69.34195700787414,0.16155048919403153,0.009417031710499827,0.028462798465456737,0.013132931128041075,68.43129386220615,2.624756828292516,67.92818869983067,-0.0074064268752794,0.02961720923736969,0.04846514675820932,0,49,-2.3333333333333326,0.41176470588235287,22,22,-2.333333333333333,0.4117647058823529,69.35406217855547,0.013305180509450289,-0.022410087682769333,0.022410087682769333,0.02692078092049205,0.00909529203546928,0.027559920488082628,70.0,68.43129386220615,
pilot,MS_s35a0,50,10507,1725,0.0003,1.0,True,0.0014723034180866845,69.40932669739574,0.11942196670117496,0.01004063346912584,0.02835569090061207,0.011690100976633477,68.59793587530287,2.6116554312740834,67.93854341098955,-0.009705719775656126,0.02946937580281522,0.054485414771962906,0,49,-2.3333333333333317,0.4117647058823547,22,22,-2.333333333333333,0.4117647058823529,69.4226748598283,0.011880127089751577,-0.02002964772024224,0.02002964772024224,0.021693973116796023,0.009639493350355771,0.029608164250575924,70.0,68.59792465958304,
pilot,MS_s35a0,50,10507,1750,0.0003,1.0,True,0.002925703262431467,69.3514992362515,0.1684855556066433,0.009707092543380437,0.028235719662661758,0.012913334633311268,68.45593531308633,2.603889953687344,67.94466642578222,-0.007524783242001563,0.029381751771500982,0.054300517596013134,0,49,-2.3333333333333313,0.4117647058823514,22,22,-2.333333333333333,0.4117647058823529,69.36421063735551,0.013094224092192271,-0.022057998295829252,0.022057998295829252,0.03498638204586764,0.009329927259554519,0.027141426430583915,70.0,68.45594011929195,
pilot,MS_s35a0,50,10507,1775,0.0003,1.0,True,0.0034847830614384012,68.91830221801618,0.1850361969663047,0.009530461971331162,0.028098836883925594,0.02242194737766311,67.37300863490091,2.616310771223238,67.93479869787751,0.008269547768515732,0.029521905688958957,0.05884381624019862,0,49,-2.3333333333333326,0.41176470588235037,22,22,-2.333333333333333,0.4117647058823529,68.91830221801655,0.022421947377668353,-0.03752829039534374,0.03752829039534374,0.03926495581064124,0.009109117132126875,0.02765546503240728,70.0,67.37301967232594,
pilot,MS_s35a0,50,10507,1800,0.0003,1.0,True,0.0030644706700656554,69.02840719063434,0.1732420334739462,0.010448817599549565,0.028035548412713697,0.020107514922535024,67.64041753217802,2.603038042202995,67.94529354145891,0.004487080611328283,0.029372138979789495,0.07479627292398452,0,49,-2.333333333333334,0.41176470588235503,22,22,-2.333333333333333,0.4117647058823529,69.02840719063462,0.02010751492253906,-0.03370832195757377,0.03370832195757377,0.030183303807387228,0.009953691737864636,0.037686827282205355,70.0,67.64041746296984,
pilot,MS_s35a0,50,10507,1825,0.0003,1.0,True,0.0009748778250322498,69.69816562666531,0.09677365371879232,0.011464086235688611,0.0280046493003105,0.00446206769486191,69.38717422868193,2.556458080144128,67.98217261389178,-0.02066720672153169,0.028846540391876244,0.06691902425627036,0,49,-2.332368098438121,0.4117647058823541,22,22,-2.333333333333333,0.4117647058823529,69.74765728553058,0.005168483159561653,-0.008754747236693764,0.008754747236693764,0.0258839744337085,0.011051271868454591,0.03554468935782029,70.0,69.38716769343144,
pilot,MS_s35a0,50,10507,1850,0.0003,1.0,True,0.000657002528626327,69.30714289200773,0.0798930341727957,0.011280230533730203,0.027865145901544215,0.013960403633202655,68.33958584027695,2.5702709357071356,67.97120482088512,-0.005419662934658516,0.029002401776430216,0.036981503630768645,0,49,-2.2985474070529306,0.4117647058823509,22,22,-2.333333333333333,0.4117647058823529,69.31630061282345,0.014090674222615842,-0.023720182820410683,0.023720182820410683,0.018664183930886216,0.010780396901224754,0.03851026142288949,70.0,68.33958720257125,
pilot,MS_s35a0,50,10507,1875,0.0003,1.0,True,0.0019489667190742965,69.34363656007262,0.1375304894484505,0.010754399570871903,0.027767921101840242,0.013093999741106241,68.4356508777002,2.5599453837479547,67.97936301276413,-0.0067121526992007545,0.028885890399235194,0.041259146834535125,0,49,-2.333333333333329,0.41176470588235414,22,22,-2.333333333333333,0.4117647058823529,69.35585629449139,0.013267881657699435,-0.022347842844176163,0.022347842844176163,0.023193088484731665,0.010361513316229521,0.03092412862373974,70.0,68.43565100090767,
pilot,MS_s35a0,50,10507,1900,0.0003,1.0,True,0.0030359876655893236,68.35944591951413,0.1741224855441559,0.010728397147171113,0.027640103984434086,0.034284196644414164,66.01579258205935,2.598445334243668,67.94884251640248,0.028448607257386373,0.029320315819970914,0.09375585151596107,0,49,-2.3333333333333264,0.41176470588235325,22,22,-2.333333333333333,0.4117647058823529,68.35944591951437,0.03428419664441757,-0.05691718238419554,0.05691718238419554,0.03675449929333913,0.010069680316412862,0.035334029984510386,70.0,66.01579723310631,
pilot,MS_s35a0,50,10507,1925,0.0003,1.0,True,0.0014058336126074877,69.34573140752664,0.11680209130466183,0.010176436831587693,0.02751445756601943,0.013045604415324211,68.44107454918696,2.5381444952750414,67.99657666160579,-0.006537062737632847,0.028639893715465114,0.03504062739139853,0,49,-2.3333333333333304,0.41176470588235187,22,22,-2.333333333333333,0.4117647058823529,69.35808947022642,0.013221457648820352,-0.02227036531867534,0.02227036531867534,0.020760352145380776,0.00979005874583872,0.030993253859435275,70.0,68.44107442769273,
pilot,MS_s35a0,50,10507,1950,0.0003,1.0,True,0.005188212628659095,69.09572432830312,0.22519622175419057,0.009239662391297457,0.027298251253065346,0.01869612628995236,67.80389453932536,2.534131460137692,67.99971210130943,0.002879682221188417,0.02859461146300704,0.08169447121712989,0,49,-2.333333333333334,0.4117647058823517,22,22,-2.333333333333333,0.4117647058823529,69.09572432830342,0.0186961262899566,-0.03137282942620812,0.03137282942620812,0.043915000322447884,0.008873459010317691,0.025210203912937663,70.0,67.80390194016543,
pilot,MS_s35a0,50,10507,1975,0.0003,1.0,True,0.0017573295706821979,69.2135502685555,0.1308394989369218,0.010638722144691196,0.027188878616236166,0.016196952585679696,68.09250006330882,2.5158825876552924,68.01413582772352,-0.0011521757151159043,0.028388694987685818,0.050845114761650115,0,49,-2.3333333333333326,0.4117647058823523,22,22,-2.333333333333333,0.4117647058823529,69.2145595138814,0.016211297813536175,-0.02724997604901225,0.02724997604901225,0.028914413204488787,0.01012287197689391,0.03884334158739755,70.0,68.09250167656914,
pilot,MS_s35a0,50,10507,2000,0.0003,1.0,True,0.0014033894795175694,69.36691817721588,0.11666486923116262,0.010511399476509491,0.02706893503337722,0.012567596226301304,68.49514880622635,2.495150109284527,68.03052618697825,-0.006829619661784085,0.028154754020927517,0.06687225903137912,0,49,-2.3333333333333335,0.411764705882352,22,22,-2.333333333333333,0.4117647058823529,69.38035290039483,0.012758801379461393,-0.02149796059854643,0.02149796059854643,0.019306884477142287,0.010035775679165013,0.036834467475543545,70.0,68.49514275810175,
pilot,MS_s35a0,50,10507,2025,0.0002837593984962406,1.0,True,0.0006415332842280019,69.30544816261384,0.07894881413607349,0.010640942385600254,0.02700520561037389,0.014001404472132453,68.33507455076668,2.493815681875345,68.03157156372649,-0.004461207937198582,0.028139696620042298,0.04091698962749073,0,49,-2.3333333333333335,0.4117647058823515,22,22,-2.333333333333333,0.4117647058823529,69.3144424620804,0.014129348466583935,-0.023784649274761753,0.023784649274761753,0.020575084233228937,0.010087480422242081,0.04021285795311366,70.0,68.33507455076668,
pilot,MS_s35a0,50,10507,2050,0.0002668421052631579,1.0,True,0.0009585265850508007,69.28335487466984,0.096533168818592,0.010024891798960241,0.026903068487391133,0.014538337845024599,68.27608408970885,2.486531465289307,68.03731993410591,-0.0035093115930224677,0.028057503037599327,0.061684148424341105,0,49,-2.3333333333333326,0.4117647058823534,22,22,-2.333333333333333,0.4117647058823529,69.29015472830918,0.014635047039802786,-0.024627284936212034,0.024627284936212034,0.023331473836487607,0.00954204533642338,0.03536664579698729,70.0,68.27609005446516,
pilot,MS_s35a0,50,10507,2075,0.0002499248120300752,1.0,True,0.0012135434919586796,69.36846762172345,0.07186302702714693,0.010724113863090863,0.0267711895415749,0.01253354562692385,68.4990404551994,2.4695910695574157,68.05070649591055,-0.00658823372121496,0.02786635114133713,0.07747365591657962,0,49,-2.244551423610913,0.41176470588235276,22,22,-2.333333333333333,0.4117647058823529,69.38195549258927,0.012725509372055424,-0.021442360461188668,0.021442360461188668,0.0234597983094917,0.010139493120502514,0.042981999137413636,70.0,68.4990347677168,
pilot,MS_s35a0,50,10507,2100,0.00023300751879699248,1.0,True,0.001427467499230728,68.9447227544117,0.10984198885185524,0.00955316231591483,0.026679206642307402,0.021865907382623315,67.43719537814313,2.48375180858994,68.0394749383474,0.008851913697893904,0.0280261379704869,0.08454161958980753,0,49,-2.3333333333333304,0.4117647058823542,22,22,-2.333333333333333,0.4117647058823529,68.94472275441186,0.021865907382625532,-0.03661165954081298,0.03661165954081298,0.027064135278550647,0.009090128020458403,0.03354223547277135,70.0,67.43718383214309,
pilot,MS_s35a0,50,10507,2125,0.00021609022556390975,1.0,True,0.0010079506675840788,69.16122213761763,0.0991654460906728,0.009445974330305378,0.026583069484219388,0.01732551930231269,67.9629679655841,2.463307606471856,68.05564163419952,0.0013617338164783087,0.02779544985290754,0.06272310215233476,0,49,-2.333333333333333,0.4117647058823532,22,22,-2.333333333333333,0.4117647058823529,69.16122213761795,0.017325519302317332,-0.0291004564499886,0.0291004564499886,0.02509900696435839,0.008995659355012925,0.03030419327683306,70.0,67.9629680485008,
pilot,MS_s35a0,50,10507,2150,0.00019917293233082705,1.0,True,0.0016763799902504983,69.11540792600772,0.12797193861910278,0.009317702440703355,0.02647576343500545,0.018283954341977795,67.85171636832699,2.455644168925825,68.06168736713445,0.0030850101860515167,0.027708977220154744,0.05826605952721133,0,49,-2.3333333333333317,0.4117647058823529,22,22,-2.333333333333333,0.4117647058823529,69.11540792600763,0.018283954341976584,-0.03068992909769394,0.03068992909769394,0.031832185428321245,0.008871905789965315,0.029454840955767236,70.0,67.85170496316142,
pilot,MS_s35a0,50,10507,2175,0.00018225563909774435,1.0,True,0.0018526966676275514,69.2044885290704,0.08365791272153462,0.009410557413788385,0.026420838280614273,0.016400942074232875,68.06946963274058,2.446852430834866,68.06863910737331,-1.2201292374202488e-05,0.027609773079110764,0.09595251787306915,0,49,-2.333333333333333,0.41176470588235065,22,22,-2.333333333333333,0.4117647058823529,69.20507576764689,0.01640928838849093,-0.02757900397959706,0.02757900397959706,0.03111649132014494,0.00898563297274775,0.03208893052514653,70.0,68.0694697214282,
pilot,MS_s35a0,50,10507,2200,0.00016533834586466165,1.0,True,0.0017327674392587644,69.04957126407513,0.13023045063998753,0.009904911755220366,0.026370015637678088,0.019663486857035846,67.69182012133767,2.448487328806317,68.06733108181773,0.005516757518062344,0.027628220927223883,0.05482250054307828,0,49,-2.286981305748087,0.4117647058823527,22,22,-2.333333333333333,0.4117647058823529,69.0495712640753,0.019663486857038268,-0.0329740581851425,0.0329740581851425,0.019287223848792463,0.009350242708031812,0.03889350539265375,70.0,67.69181592704003,
pilot,MS_s35a0,50,10507,2225,0.00014842105263157895,1.0,True,0.00084332819493671,69.27384830511802,0.09055916018708701,0.009602552822165555,0.0263414805034943,0.01476957793430337,68.25070994381649,2.4344055306464174,68.0784750987241,-0.002529945696383823,0.02746932485043514,0.02716774805612637,0,49,-2.3115935564577303,0.411764705882351,22,22,-2.333333333333333,0.4117647058823529,69.27970115449207,0.014852811625600974,-0.02498995994619325,0.02498995994619325,0.015078524855271525,0.0091335545685388,0.0363777732421582,70.0,68.25070280376647,
pilot,MS_s35a0,50,10507,2250,0.00013150375939849625,1.0,True,0.0004639930343808274,69.5159875842936,0.066938260745986,0.009772282851965953,0.026341651842920998,0.009946579659994856,68.82454661850997,2.419861853253822,68.08998538442358,-0.010788095047152486,0.02730521702460751,0.036866185052778215,0,49,-2.295164416371027,0.4117647058823534,22,22,-2.333333333333333,0.4117647058823529,69.51598758429427,0.00994657966000437,-0.01679226748366846,0.01679226748366846,0.01750821937596928,0.009351445499775771,0.037857987089849776,70.0,68.82454127614321,
pilot,MS_s35a0,50,10507,2275,0.00011458646616541353,1.0,True,0.0005563292647006168,69.21672811341581,0.07361363731243004,0.009612573248718646,0.02626409412526225,0.016124583374175973,68.10063712063383,2.4296317249767516,68.08223733942035,-0.00027025817500323825,0.027415458221781007,0.04141408336890553,0,49,-2.3088328135921516,0.4117647058823508,22,22,-2.333333333333333,0.4117647058823529,69.21790943943785,0.016141374947939373,-0.02713375414195188,0.02713375414195188,0.014598384610968768,0.009125287049562088,0.036417222205276815,70.0,68.10063721006337,
pilot,MS_s35a0,50,10507,2300,9.766917293233085e-05,1.0,True,0.0018132031492672507,68.89681448907743,0.1335142069530549,0.009214123413988213,0.026190378010725945,0.022874487202429402,67.3208407579312,2.43897188868703,68.07482841918112,0.011075865760646932,0.027520850683260406,0.04005426208591653,0,49,-2.287183082357324,0.411764705882352,22,22,-2.333333333333333,0.4117647058823529,68.89681448907717,0.022874487202425776,-0.03827378303201608,0.03827378303201608,0.02908115397350769,0.008710763447706701,0.03847156032379926,70.0,67.32083518775887,
pilot,MS_s35a0,50,10507,2325,8.075187969924813e-05,1.0,True,0.0020930248429017473,68.72682903419883,0.143801784513427,0.008355980645243071,0.026155603183612746,0.026464419950550832,66.90802024501411,2.444343709411361,68.07056984224148,0.01707859358194976,0.027581465189207476,0.04498951391593603,0,49,-2.333333333333333,0.4117647058823536,22,22,-2.333333333333333,0.4117647058823529,68.7268290341986,0.026464419950547612,-0.04417123758902741,0.04417123758902741,0.033829310530861426,0.007968104615333624,0.027305810285435814,70.0,66.90801336876808,
pilot,MS_s35a0,50,10507,2350,6.383458646616542e-05,1.0,True,0.003101374569376314,68.88951276062805,0.1746334315973346,0.008353872374733139,0.026140994627512692,0.023028328672776592,67.30310372732202,2.435108551855902,68.07787817898372,0.011380707983065182,0.027477257595303225,0.08010472996465802,0,49,-2.333333333333333,0.411764705882352,22,22,-2.333333333333333,0.4117647058823529,68.88951276062835,0.023028328672780825,-0.03852710830473041,0.03852710830473041,0.028815704139142116,0.008002623685643842,0.022154315360041685,70.0,67.30310241866887,
pilot,MS_s35a0,50,10507,2375,4.6917293233082725e-05,1.0,True,0.0007962553250886462,69.29373183203809,0.0879702070933413,0.009080455702719537,0.026162699983956716,0.01428578006149366,68.30382365630166,2.4151996283320987,68.09364150917546,-0.0030866633428303677,0.02725260944986765,0.03136039340966917,0,49,-2.3333333333333353,0.4117647058823524,22,22,-2.333333333333333,0.4117647058823529,69.30157163153635,0.014397289824764048,-0.024231188293636106,0.024231188293636106,0.015499952190602793,0.008693771884909676,0.029974610201539142,70.0,68.30381681944547,
pilot,MS_s35a0,50,10507,2400,3.0000000000000024e-05,1.0,True,0.0015162971364953703,70.0,0.12017040030504315,0.009688358202840376,0.026169077396004697,0.0039437894161447875,69.72394585996497,2.384897365196256,68.11763518186504,-0.023581421665788815,0.02691068502548434,0.03605112009151315,0,49,-2.333333333333327,0.4117647058823508,22,22,-2.333333333333333,0.4117647058823529,69.88632606976995,0.0023236495324988815,-0.0039437894161447875,0.0039437894161447875,0.020534237001029628,0.009318362492698141,0.032782808591917824,70.0,69.72393474086986,
