lr,steps,grad_eps,tol,num_samples,init_perturb,status,mean_gap,worst_gap,worst_q,mean_symmetry_gap,mean_iterations,robustness_score,per_q_details,q_values,quality_dist
0.010059822882391697,2252,0.6965177770279435,0.00040045312704147337,224,0.5000577354028828,success,0.25013886513328504,0.2501668624862248,25.0,0.5000537110090827,1.0,0.4252461066511113,"{'q_25.0': {'e1': 87.24983313751378, 'e2': 87.74988684852286, 'theoretical': 87.5, 'max_gap': 0.2501668624862248, 'gap_e1': 0.2501668624862248, 'gap_e2': 0.2498868485228627, 'symmetry_gap': 0.5000537110090875}, 'q_40.0': {'e1': 54.43737153561641, 'e2': 54.93742524662549, 'theoretical': 54.6875, 'max_gap': 0.25012846438359304, 'gap_e1': 0.25012846438359304, 'gap_e2': 0.24992524662548732, 'symmetry_gap': 0.5000537110090804}, 'q_55.0': {'e1': 39.52260600419723, 'e2': 40.02265971520631, 'theoretical': 39.772727272727266, 'max_gap': 0.25012126853003736, 'gap_e1': 0.25012126853003736, 'gap_e2': 0.249932442479043, 'symmetry_gap': 0.5000537110090804}}","25.0,40.0,55.0",{'Excellent': 3}
0.012956943637783816,2848,0.6888943511561929,0.0004633270502870628,179,0.5000366464537218,success,0.2501755629739577,0.2501871969091809,25.0,0.500031463296402,1.0,0.425281635961755,"{'q_25.0': {'e1': 87.24981280309082, 'e2': 87.74984426638721, 'theoretical': 87.5, 'max_gap': 0.2501871969091809, 'gap_e1': 0.2501871969091809, 'gap_e2': 0.24984426638721402, 'symmetry_gap': 0.5000314632963949}, 'q_40.0': {'e1': 54.43765292286131, 'e2': 54.93768438615771, 'theoretical': 54.6875, 'max_gap': 0.2501843861577129, 'gap_e1': 0.24984707713868914, 'gap_e2': 0.2501843861577129, 'symmetry_gap': 0.500031463296402}, 'q_55.0': {'e1': 39.52285091528584, 'e2': 40.022882378582246, 'theoretical': 39.772727272727266, 'max_gap': 0.25015510585497935, 'gap_e1': 0.24987635744142978, 'gap_e2': 0.25015510585497935, 'symmetry_gap': 0.5000314632964091}}","25.0,40.0,55.0",{'Excellent': 3}
0.010177604227959162,2952,0.7371187958653883,0.0003447932469479195,206,0.5000170518461777,success,0.25010489492102056,0.2502497432749209,25.0,0.5000129806656494,1.0,0.42530687633587144,"{'q_25.0': {'e1': 87.24975025672508, 'e2': 87.74976323739074, 'theoretical': 87.5, 'max_gap': 0.2502497432749209, 'gap_e1': 0.2502497432749209, 'gap_e2': 0.2497632373907379, 'symmetry_gap': 0.5000129806656588}, 'q_40.0': {'e1': 54.43751741883607, 'e2': 54.93753039950172, 'theoretical': 54.6875, 'max_gap': 0.2500303995017177, 'gap_e1': 0.2499825811639269, 'gap_e2': 0.2500303995017177, 'symmetry_gap': 0.5000129806656446}, 'q_55.0': {'e1': 39.522748834048045, 'e2': 40.02276181471369, 'theoretical': 39.772727272727266, 'max_gap': 0.25003454198642316, 'gap_e1': 0.24997843867922143, 'gap_e2': 0.25003454198642316, 'symmetry_gap': 0.5000129806656446}}","25.0,40.0,55.0",{'Excellent': 3}
0.014278323093876194,2377,0.68474890384932,0.0005481708184548223,164,0.5002077115818115,success,0.250156059575166,0.25021404205443787,25.0,0.5002019978799576,1.0,0.4253164786136094,"{'q_25.0': {'e1': 87.25001204417447, 'e2': 87.75021404205444, 'theoretical': 87.5, 'max_gap': 0.25021404205443787, 'gap_e1': 0.24998795582553157, 'gap_e2': 0.25021404205443787, 'symmetry_gap': 0.5002019978799694}, 'q_40.0': {'e1': 54.43744183986328, 'e2': 54.93764383774324, 'theoretical': 54.6875, 'max_gap': 0.2501438377432379, 'gap_e1': 0.25005816013671733, 'gap_e2': 0.2501438377432379, 'symmetry_gap': 0.5002019978799552}, 'q_55.0': {'e1': 39.522616973799444, 'e2': 40.02281897167939, 'theoretical': 39.772727272727266, 'max_gap': 0.2501102989278223, 'gap_e1': 0.2501102989278223, 'gap_e2': 0.2500916989521258, 'symmetry_gap': 0.5002019978799481}}","25.0,40.0,55.0",{'Excellent': 3}
0.023622500979523335,2165,0.6151370415501489,0.0007686351753553862,126,0.5000679122165669,success,0.250130895327852,0.2502474946988116,55.0,0.5000584619327668,1.0,0.42532340749365866,"{'q_25.0': {'e1': 87.24991727786126, 'e2': 87.74997573979402, 'theoretical': 87.5, 'max_gap': 0.2500827221387425, 'gap_e1': 0.2500827221387425, 'gap_e2': 0.24997573979402432, 'symmetry_gap': 0.5000584619327668}, 'q_40.0': {'e1': 54.437504007213235, 'e2': 54.937562469146, 'theoretical': 54.6875, 'max_gap': 0.25006246914600183, 'gap_e1': 0.249995992786765, 'gap_e2': 0.25006246914600183, 'symmetry_gap': 0.5000584619327668}, 'q_55.0': {'e1': 39.522479778028455, 'e2': 40.02253823996122, 'theoretical': 39.772727272727266, 'max_gap': 0.2502474946988116, 'gap_e1': 0.2502474946988116, 'gap_e2': 0.24981096723395524, 'symmetry_gap': 0.5000584619327668}}","25.0,40.0,55.0",{'Excellent': 3}
0.010055206088610989,2368,0.6335937438168883,0.0006420776799162653,121,0.500006164927992,success,0.25018294212965486,0.2502458828876257,25.0,0.500002142795959,1.0,0.425341791205022,"{'q_25.0': {'e1': 87.24975411711237, 'e2': 87.74975625990832, 'theoretical': 87.5, 'max_gap': 0.2502458828876257, 'gap_e1': 0.2502458828876257, 'gap_e2': 0.24975625990832384, 'symmetry_gap': 0.5000021427959496}, 'q_40.0': {'e1': 54.437288539803916, 'e2': 54.93729068259988, 'theoretical': 54.6875, 'max_gap': 0.2502114601960841, 'gap_e1': 0.2502114601960841, 'gap_e2': 0.2497906825998797, 'symmetry_gap': 0.5000021427959638}, 'q_55.0': {'e1': 39.52263578942201, 'e2': 40.022637932217975, 'theoretical': 39.772727272727266, 'max_gap': 0.25009148330525477, 'gap_e1': 0.25009148330525477, 'gap_e2': 0.249910659490709, 'symmetry_gap': 0.5000021427959638}}","25.0,40.0,55.0",{'Excellent': 3}
0.014316618480165074,2271,0.7189127693678646,0.0004240566769216744,149,0.500186379632326,success,0.25020303268869054,0.25025762392711215,25.0,0.5001806508502776,1.0,0.4253816087030286,"{'q_25.0': {'e1': 87.25007697307683, 'e2': 87.75025762392711, 'theoretical': 87.5, 'max_gap': 0.25025762392711215, 'gap_e1': 0.24992302692317026, 'gap_e2': 0.25025762392711215, 'symmetry_gap': 0.5001806508502824}, 'q_40.0': {'e1': 54.43725110723459, 'e2': 54.93743175808486, 'theoretical': 54.6875, 'max_gap': 0.25024889276541273, 'gap_e1': 0.25024889276541273, 'gap_e2': 0.24993175808486257, 'symmetry_gap': 0.5001806508502753}, 'q_55.0': {'e1': 39.52264920325054, 'e2': 40.02282985410081, 'theoretical': 39.772727272727266, 'max_gap': 0.2501025813735467, 'gap_e1': 0.2500780694767286, 'gap_e2': 0.2501025813735467, 'symmetry_gap': 0.5001806508502753}}","25.0,40.0,55.0",{'Excellent': 3}
0.01620725856748277,2419,0.7015437248934048,0.00042820805235015304,155,0.5001257272745129,success,0.2502034278346367,0.25032643240308516,55.0,0.500119242740927,1.0,0.4254442045341408,"{'q_25.0': {'e1': 87.2498491992398, 'e2': 87.74996844198074, 'theoretical': 87.5, 'max_gap': 0.2501508007601956, 'gap_e1': 0.2501508007601956, 'gap_e2': 0.24996844198074086, 'symmetry_gap': 0.5001192427409364}, 'q_40.0': {'e1': 54.43751380759971, 'e2': 54.93763305034063, 'theoretical': 54.6875, 'max_gap': 0.2501330503406294, 'gap_e1': 0.24998619240029285, 'gap_e2': 0.2501330503406294, 'symmetry_gap': 0.5001192427409222}, 'q_55.0': {'e1': 39.52293446238943, 'e2': 40.02305370513035, 'theoretical': 39.772727272727266, 'max_gap': 0.25032643240308516, 'gap_e1': 0.24979281033783707, 'gap_e2': 0.25032643240308516, 'symmetry_gap': 0.5001192427409222}}","25.0,40.0,55.0",{'Excellent': 3}
0.013173548828181978,2900,0.6865896575704225,0.0005476733749750816,202,0.5001059363559135,success,0.2502499131135754,0.25030758765706196,25.0,0.5001006658199311,1.0,0.42544605907170485,"{'q_25.0': {'e1': 87.24969241234294, 'e2': 87.74979307816287, 'theoretical': 87.5, 'max_gap': 0.25030758765706196, 'gap_e1': 0.25030758765706196, 'gap_e2': 0.24979307816286678, 'symmetry_gap': 0.5001006658199287}, 'q_40.0': {'e1': 54.43753821799968, 'e2': 54.93763888381961, 'theoretical': 54.6875, 'max_gap': 0.25013888381960925, 'gap_e1': 0.2499617820003195, 'gap_e2': 0.25013888381960925, 'symmetry_gap': 0.5001006658199287}, 'q_55.0': {'e1': 39.52242400486321, 'e2': 40.02252467068315, 'theoretical': 39.772727272727266, 'max_gap': 0.2503032678640551, 'gap_e1': 0.2503032678640551, 'gap_e2': 0.24979739795588074, 'symmetry_gap': 0.5001006658199358}}","25.0,40.0,55.0",{'Excellent': 3}
0.012512574085545366,1133,0.5815058397745538,0.0007014489466091005,134,0.5000199715785149,success,0.2502399438943783,0.25032133811056667,25.0,0.500014966348966,1.0,0.4254516328179834,"{'q_25.0': {'e1': 87.24967866188943, 'e2': 87.7496936282384, 'theoretical': 87.5, 'max_gap': 0.25032133811056667, 'gap_e1': 0.25032133811056667, 'gap_e2': 0.24969362823840413, 'symmetry_gap': 0.5000149663489708}, 'q_40.0': {'e1': 54.43722610433423, 'e2': 54.93724107068319, 'theoretical': 54.6875, 'max_gap': 0.25027389566577085, 'gap_e1': 0.25027389566577085, 'gap_e2': 0.24974107068319285, 'symmetry_gap': 0.5000149663489637}, 'q_55.0': {'e1': 39.52260267482047, 'e2': 40.02261764116943, 'theoretical': 39.772727272727266, 'max_gap': 0.2501245979067974, 'gap_e1': 0.2501245979067974, 'gap_e2': 0.24989036844216628, 'symmetry_gap': 0.5000149663489637}}","25.0,40.0,55.0",{'Excellent': 3}
0.01612443917528802,2392,0.686798429258826,0.0009410867498548007,151,0.5000474054935174,success,0.25025869449872334,0.25033291106697675,25.0,0.5000409551063404,1.0,0.42547053442897914,"{'q_25.0': {'e1': 87.24966708893302, 'e2': 87.74970804403937, 'theoretical': 87.5, 'max_gap': 0.25033291106697675, 'gap_e1': 0.25033291106697675, 'gap_e2': 0.24970804403936597, 'symmetry_gap': 0.5000409551063427}, 'q_40.0': {'e1': 54.437318263051885, 'e2': 54.93735921815822, 'theoretical': 54.6875, 'max_gap': 0.2501817369481145, 'gap_e1': 0.2501817369481145, 'gap_e2': 0.2498592181582211, 'symmetry_gap': 0.5000409551063356}, 'q_55.0': {'e1': 39.52246583724619, 'e2': 40.02250679235253, 'theoretical': 39.772727272727266, 'max_gap': 0.2502614354810788, 'gap_e1': 0.2502614354810788, 'gap_e2': 0.2497795196252639, 'symmetry_gap': 0.5000409551063427}}","25.0,40.0,55.0",{'Excellent': 3}
0.013953486976076577,2310,0.6838399014571752,0.0007810701852344049,118,0.5003400882257067,success,0.25024571895123887,0.25032849843575633,55.0,0.5003345030345869,1.0,0.4254891372191634,"{'q_25.0': {'e1': 87.24976383665047, 'e2': 87.75009833968505, 'theoretical': 87.5, 'max_gap': 0.2502361633495269, 'gap_e1': 0.2502361633495269, 'gap_e2': 0.2500983396850529, 'symmetry_gap': 0.5003345030345798}, 'q_40.0': {'e1': 54.43732750493157, 'e2': 54.93766200796615, 'theoretical': 54.6875, 'max_gap': 0.2501724950684334, 'gap_e1': 0.2501724950684334, 'gap_e2': 0.2501620079661535, 'symmetry_gap': 0.5003345030345869}, 'q_55.0': {'e1': 39.52272126812843, 'e2': 40.02305577116302, 'theoretical': 39.772727272727266, 'max_gap': 0.25032849843575633, 'gap_e1': 0.2500060045988377, 'gap_e2': 0.25032849843575633, 'symmetry_gap': 0.500334503034594}}","25.0,40.0,55.0",{'Excellent': 3}
0.010004911071628925,2215,0.7440268674540627,0.00036491736103915634,201,0.5001404417362004,success,0.25028520769751594,0.2503329584094516,40.0,0.5001364386476865,1.0,0.42549372079566444,"{'q_25.0': {'e1': 87.25016804216114, 'e2': 87.75030448080881, 'theoretical': 87.5, 'max_gap': 0.25030448080880774, 'gap_e1': 0.24983195783886458, 'gap_e2': 0.25030448080880774, 'symmetry_gap': 0.5001364386476723}, 'q_40.0': {'e1': 54.43769651976176, 'e2': 54.93783295840945, 'theoretical': 54.6875, 'max_gap': 0.2503329584094516, 'gap_e1': 0.24980348023824206, 'gap_e2': 0.2503329584094516, 'symmetry_gap': 0.5001364386476936}, 'q_55.0': {'e1': 39.52280901795386, 'e2': 40.022945456601555, 'theoretical': 39.772727272727266, 'max_gap': 0.2502181838742885, 'gap_e1': 0.24991825477340512, 'gap_e2': 0.2502181838742885, 'symmetry_gap': 0.5001364386476936}}","25.0,40.0,55.0",{'Excellent': 3}
0.013902518352058555,2338,0.6766931140295174,0.000443435190606103,164,0.5004569185872267,success,0.2502844459447597,0.2503486397086334,25.0,0.5004513524980373,1.0,0.4255402750907828,"{'q_25.0': {'e1': 87.2498972872106, 'e2': 87.75034863970863, 'theoretical': 87.5, 'max_gap': 0.2503486397086334, 'gap_e1': 0.2501027127893991, 'gap_e2': 0.2503486397086334, 'symmetry_gap': 0.5004513524980325}, 'q_40.0': {'e1': 54.43732377241963, 'e2': 54.93777512491767, 'theoretical': 54.6875, 'max_gap': 0.2502751249176711, 'gap_e1': 0.2501762275803685, 'gap_e2': 0.2502751249176711, 'symmetry_gap': 0.5004513524980396}, 'q_55.0': {'e1': 39.52249769951929, 'e2': 40.02294905201733, 'theoretical': 39.772727272727266, 'max_gap': 0.25022957320797445, 'gap_e1': 0.25022957320797445, 'gap_e2': 0.25022177929006517, 'symmetry_gap': 0.5004513524980396}}","25.0,40.0,55.0",{'Excellent': 3}
0.015560225039314202,2231,0.6877189860509773,0.00030608304738314945,151,0.5001593299703219,success,0.25030713632585844,0.25037910743348846,25.0,0.5001531038969347,1.0,0.42555246828104615,"{'q_25.0': {'e1': 87.24962089256651, 'e2': 87.74977399646346, 'theoretical': 87.5, 'max_gap': 0.25037910743348846, 'gap_e1': 0.25037910743348846, 'gap_e2': 0.24977399646346043, 'symmetry_gap': 0.5001531038969489}, 'q_40.0': {'e1': 54.43726712838456, 'e2': 54.93742023228149, 'theoretical': 54.6875, 'max_gap': 0.25023287161543806, 'gap_e1': 0.25023287161543806, 'gap_e2': 0.24992023228148952, 'symmetry_gap': 0.5001531038969276}, 'q_55.0': {'e1': 39.52241784279862, 'e2': 40.022570946695545, 'theoretical': 39.772727272727266, 'max_gap': 0.2503094299286488, 'gap_e1': 0.2503094299286488, 'gap_e2': 0.24984367396827878, 'symmetry_gap': 0.5001531038969276}}","25.0,40.0,55.0",{'Excellent': 3}
0.02203738542483325,1794,0.7293485859118555,0.00032350148038036734,161,0.5003910594311166,success,0.2502991026578935,0.2503776932332329,55.0,0.5003734159414677,2.0,0.42557573442834423,"{'q_25.0': {'e1': 87.24990839257968, 'e2': 87.75029063016228, 'theoretical': 87.5, 'max_gap': 0.2502906301622829, 'gap_e1': 0.2500916074203161, 'gap_e2': 0.2502906301622829, 'symmetry_gap': 0.500382237582599}, 'q_40.0': {'e1': 54.43735556868853, 'e2': 54.937728984578165, 'theoretical': 54.6875, 'max_gap': 0.25022898457816467, 'gap_e1': 0.2501444313114689, 'gap_e2': 0.25022898457816467, 'symmetry_gap': 0.5003734158896336}, 'q_55.0': {'e1': 39.52274037160833, 'e2': 40.0231049659605, 'theoretical': 39.772727272727266, 'max_gap': 0.2503776932332329, 'gap_e1': 0.2499869011189375, 'gap_e2': 0.2503776932332329, 'symmetry_gap': 0.5003645943521704}}","25.0,40.0,55.0",{'Excellent': 3}
0.010452411304894963,2383,0.7094567017890306,0.0003498612366175728,168,0.5001699587492915,success,0.25029189520008305,0.2504254991725219,25.0,0.5001657763635947,1.0,0.4255922208000265,"{'q_25.0': {'e1': 87.25025972280892, 'e2': 87.75042549917252, 'theoretical': 87.5, 'max_gap': 0.2504254991725219, 'gap_e1': 0.24974027719107994, 'gap_e2': 0.2504254991725219, 'symmetry_gap': 0.5001657763636018}, 'q_40.0': {'e1': 54.43757369298479, 'e2': 54.93773946934839, 'theoretical': 54.6875, 'max_gap': 0.2502394693483865, 'gap_e1': 0.24992630701520824, 'gap_e2': 0.2502394693483865, 'symmetry_gap': 0.5001657763635947}, 'q_55.0': {'e1': 39.52277221344302, 'e2': 40.02293798980661, 'theoretical': 39.772727272727266, 'max_gap': 0.25021071707934084, 'gap_e1': 0.24995505928424677, 'gap_e2': 0.25021071707934084, 'symmetry_gap': 0.5001657763635876}}","25.0,40.0,55.0",{'Excellent': 3}
0.013520525814076756,2773,0.706694525980917,0.0005845610520004981,211,0.5005490917028178,success,0.25034982644753495,0.25038732698104127,40.0,0.5005436775532933,1.0,0.4256202141628067,"{'q_25.0': {'e1': 87.24973379401631, 'e2': 87.7502774715696, 'theoretical': 87.5, 'max_gap': 0.25027747156960345, 'gap_e1': 0.2502662059836922, 'gap_e2': 0.25027747156960345, 'symmetry_gap': 0.5005436775532957}, 'q_40.0': {'e1': 54.43711267301896, 'e2': 54.937656350572254, 'theoretical': 54.6875, 'max_gap': 0.25038732698104127, 'gap_e1': 0.25038732698104127, 'gap_e2': 0.2501563505722544, 'symmetry_gap': 0.5005436775532957}, 'q_55.0': {'e1': 39.522342591935306, 'e2': 40.022886269488595, 'theoretical': 39.772727272727266, 'max_gap': 0.2503846807919601, 'gap_e1': 0.2503846807919601, 'gap_e2': 0.25015899676132847, 'symmetry_gap': 0.5005436775532885}}","25.0,40.0,55.0",{'Excellent': 3}
0.010127932026029539,2354,0.6686340851857482,0.0004706759052528059,150,0.5002513238222759,success,0.25031828146516705,0.2504458876892173,55.0,0.500247270613149,1.0,0.4256340035714759,"{'q_25.0': {'e1': 87.25005099592728, 'e2': 87.75029826654044, 'theoretical': 87.5, 'max_gap': 0.2502982665404403, 'gap_e1': 0.24994900407271814, 'gap_e2': 0.2502982665404403, 'symmetry_gap': 0.5002472706131584}, 'q_40.0': {'e1': 54.4374634195527, 'e2': 54.937710690165844, 'theoretical': 54.6875, 'max_gap': 0.25021069016584363, 'gap_e1': 0.2500365804473006, 'gap_e2': 0.25021069016584363, 'symmetry_gap': 0.5002472706131442}, 'q_55.0': {'e1': 39.52228138503805, 'e2': 40.02252865565119, 'theoretical': 39.772727272727266, 'max_gap': 0.2504458876892173, 'gap_e1': 0.2504458876892173, 'gap_e2': 0.24980138292392695, 'symmetry_gap': 0.5002472706131442}}","25.0,40.0,55.0",{'Excellent': 3}
0.012786102645520906,2279,0.7442653123592046,0.0003695536676343112,203,0.5004118980141304,success,0.25037950895192534,0.25046658347095985,40.0,0.500406779359821,1.0,0.42570140377232984,"{'q_25.0': {'e1': 87.24964207863412, 'e2': 87.75004885799395, 'theoretical': 87.5, 'max_gap': 0.2503579213658753, 'gap_e1': 0.2503579213658753, 'gap_e2': 0.2500488579939457, 'symmetry_gap': 0.500406779359821}, 'q_40.0': {'e1': 54.43703341652904, 'e2': 54.93744019588886, 'theoretical': 54.6875, 'max_gap': 0.25046658347095985, 'gap_e1': 0.25046658347095985, 'gap_e2': 0.24994019588886118, 'symmetry_gap': 0.500406779359821}, 'q_55.0': {'e1': 39.522413250708325, 'e2': 40.02282003006815, 'theoretical': 39.772727272727266, 'max_gap': 0.2503140220189408, 'gap_e1': 0.2503140220189408, 'gap_e2': 0.2500927573408802, 'symmetry_gap': 0.500406779359821}}","25.0,40.0,55.0",{'Excellent': 3}
