lr,steps,grad_eps,tol,num_samples,init_perturb,q,theoretical_effort,final_effort,e1,e2,gap,gap_e1,gap_e2,avg_gap,symmetry_gap,iterations,final_grad,quality,efficiency_score,converged,status
0.01,500,0.1,1e-05,16,0.5,25.0,87.5,87.39086509591982,87.14186310256787,87.63986708927177,0.3581368974321322,0.3581368974321322,0.1398670892717746,0.2490019933519534,0.4980039867039068,500.0,0.07011245457104964,Excellent,0.41793729610252284,False,success
0.01,500,0.3,1e-05,32,3.0,25.0,87.5,87.49270113370457,85.99868917359298,88.98671309381618,1.5013108264070212,1.5013108264070212,1.4867130938161779,1.4940119601115995,2.988023920223199,500.0,0.07118993999457221,Fair,1.8101132184293411,False,success
0.01,500,0.8,1e-05,128,2.0,25.0,87.5,87.47647570070225,86.48046772729451,88.47248367411,1.01953227270549,1.01953227270549,0.9724836741099949,0.9960079734077425,1.992015946815485,500.0,0.002418631288337858,Fair,1.2287338673870385,False,success
0.01,1000,0.1,0.0001,16,1.0,25.0,87.5,87.43473256752566,86.93871662597971,87.9307485090716,0.5612833740202916,0.5612833740202916,0.43074850907160567,0.49601594154594864,0.9920318830918973,1000.0,0.07034516156854576,Good,0.6704865623294813,False,success
0.01,1000,0.3,0.0001,64,1.0,25.0,87.5,87.47092026580188,86.97490432425587,87.96693620734789,0.5250956757441259,0.5250956757441259,0.4669362073478851,0.4960159415460055,0.992031883092011,1000.0,0.07037411195877308,Good,0.6342988640533269,False,success
0.01,1000,0.8,0.0001,256,0.5,25.0,87.5,87.49957617933975,87.24958617917976,87.74956617949977,0.250413820820242,0.250413820820242,0.2495661794997659,0.24999000016000394,0.4999800003200079,5.0,0.0018402926659411012,Excellent,0.30046182085224277,False,success
0.01,1500,0.1,0.001,16,3.0,25.0,87.5,87.4993,85.999312,88.999288,1.5006879999999967,1.5006879999999967,1.499288000000007,1.4999880000000019,2.9999760000000038,1.0,0.07119999999999571,Fair,1.8006922666666638,False,success
0.01,1500,0.3,0.001,64,2.0,25.0,87.5,87.50021145833333,86.50021945833333,88.50020345833333,1.0002034583333312,0.9997805416666665,1.0002034583333312,0.9999919999999989,1.9999839999999978,1.0,0.02194583333333444,Fair,1.2002085249999976,False,success
0.01,1500,0.8,0.001,256,2.0,25.0,87.5,87.500325390625,86.500333390625,88.500317390625,1.0003173906249998,0.999666609374998,1.0003173906249998,0.9999919999999989,1.9999839999999978,1.0,0.03333906250000032,Fair,1.2003224572916662,False,success
0.01,2000,0.2,1e-05,32,1.0,25.0,87.5,87.41882891583987,86.92676528730453,87.91089254437519,0.5732347126954664,0.5732347126954664,0.4108925443751872,0.4920636285353268,0.9841272570706536,2000.0,0.07032927666971389,Good,0.6816474384025318,False,success
0.01,2000,0.5,1e-05,128,0.5,25.0,87.5,87.51027318794323,87.26424137367583,87.75630500221061,0.2563050022106097,0.23575862632417,0.2563050022106097,0.24603181426738985,0.4920636285347797,2000.0,0.04286163689486333,Excellent,0.31551136506408767,False,success
0.01,2000,1.0,1e-05,256,3.0,25.0,87.5,87.42886875765181,85.95267787204581,88.90505964325781,1.5473221279541889,1.5473221279541889,1.4050596432578146,1.4761908856060018,2.9523817712120035,2000.0,0.02327267139597744,Fair,1.8525603050753892,False,success
0.01,3000,0.2,0.0001,32,3.0,25.0,87.5,87.30766543369751,85.84323700964676,88.77209385774827,1.6567629903532435,1.6567629903532435,1.272093857748274,1.4644284240507588,2.9288568481015176,3000.0,0.071018243232146,Fair,1.9596486751633952,False,success
0.01,3000,0.5,0.0001,128,2.0,25.0,87.5,87.41631890396889,86.44003328793495,88.39260452000283,1.059966712065048,1.059966712065048,0.8926045200028341,0.976285616033941,1.952571232067882,3000.0,0.01602671182969795,Fair,1.2652238352718361,False,success
0.01,3000,1.0,0.001,16,1.0,25.0,87.5,87.50039375,87.00039775,88.00038975,0.5003897499999965,0.49960224999999525,0.5003897499999965,0.4999959999999959,0.9999919999999918,1.0,0.039774999999999894,Good,0.6003922833333291,False,success
0.03,500,0.2,0.001,64,0.5,25.0,87.5,87.44282701890732,87.19580912626306,87.68984491155159,0.30419087373694254,0.30419087373694254,0.18984491155158878,0.24701789264426566,0.4940357852885313,500.0,0.07015355961467407,Excellent,0.3635944522657957,False,success
0.03,500,0.5,0.001,256,0.5,25.0,87.5,87.49913046875,87.24913646875,87.74912446875,0.2508635312500047,0.2508635312500047,0.24912446874999716,0.24999400000000094,0.4999880000000019,1.0,0.029184374999999818,Excellent,0.3008823312500049,False,success
0.03,1000,0.1,1e-05,16,3.0,25.0,87.5,87.59588411998958,86.13145597711475,89.0603122628644,1.5603122628644002,1.3685440228852457,1.5603122628644002,1.464428142874823,2.928856285749646,1000.0,0.07124995980932303,Fair,1.8631978914393648,False,success
0.03,1000,0.3,1e-05,64,2.0,25.0,87.5,87.38697138761755,86.41068595903442,88.36325681620067,1.0893140409655757,1.0893140409655757,0.8632568162006748,0.9762854285831253,1.9525708571662506,1000.0,0.20431385476528785,Fair,1.2945711266822009,False,success
0.03,1000,0.8,1e-05,256,1.0,25.0,87.5,87.47068269276181,86.98253997847016,87.95882540705345,0.5174600215298426,0.5174600215298426,0.4588254070534532,0.4881427142916479,0.9762854285832958,1000.0,0.002007733511246862,Good,0.6250885643881722,False,success
0.03,1500,0.1,0.0001,32,1.0,25.0,87.5,87.3727170132284,86.8903970748524,87.85503695160438,0.6096029251475983,0.6096029251475983,0.35503695160437587,0.4823199383759871,0.9646398767519742,1500.0,0.07028571641847448,Good,0.7160669128227957,False,success
0.03,1500,0.3,0.0001,128,0.5,25.0,87.5,87.5408387949069,87.29967882571901,87.78199876409481,0.2819987640948085,0.20032117428098672,0.2819987640948085,0.24115996918789762,0.48231993837579523,1500.0,0.11245462251703162,Excellent,0.34023075793238805,False,success
0.03,1500,0.8,0.0001,256,3.0,25.0,87.5,87.49995078124999,85.99998678125,88.99991478125,1.5000132187499986,1.5000132187499986,1.4999147812499984,1.4999639999999985,2.999927999999997,1.0,0.002840624999998903,Fair,1.800012685416665,False,success
0.03,2000,0.1,0.001,32,3.0,25.0,87.5,86.88907465211618,85.45937479502018,88.31877450921218,2.0406252049798184,2.0406252049798184,0.8187745092121759,1.4296998570959971,2.8593997141919942,2000.0,0.07065671536853557,Fair,2.3365651763990174,False,success
0.03,2000,0.3,0.001,128,2.0,25.0,87.5,87.49506733869879,86.4951393369708,88.49499534042678,1.0048606630292056,1.0048606630292056,0.9949953404267831,0.9999280017279943,1.9998560034559887,3.0,0.02522368497411276,Fair,1.2048612633748046,False,success
0.03,2000,1.0,1e-05,16,1.0,25.0,87.5,87.53906679587782,87.06250017684599,88.01563341490964,0.5156334149096438,0.43749982315401326,0.5156334149096438,0.4765666190318285,0.953133238063657,2000.0,0.0704141966726477,Good,0.6209467387160095,False,success
0.03,3000,0.2,1e-05,64,0.5,25.0,87.5,87.35163907332065,87.11900655036561,87.58427159627571,0.3809934496343885,0.3809934496343885,0.08427159627571257,0.23263252295505055,0.4652650459101011,3000.0,0.06702515336338699,Excellent,0.43751995422539863,False,success
0.03,3000,0.5,1e-05,256,0.5,25.0,87.5,87.45419900688421,87.22156648392902,87.68683152983941,0.2784335160709759,0.2784335160709759,0.18683152983940943,0.23263252295519266,0.4652650459103853,3000.0,0.05647894571856771,Excellent,0.3349600206620144,False,success
0.03,3000,1.0,0.0001,16,3.0,25.0,87.5,87.01054122598157,85.61474608825147,88.40633636371167,1.885253911748535,1.885253911748535,0.9063363637116737,1.3957951377301043,2.7915902754602087,3000.0,0.04088418434982333,Fair,2.1744129392945557,False,success
0.05,500,0.2,0.0001,64,2.0,25.0,87.5,87.46618085836351,86.4859825771467,88.44637913958032,1.0140174228532999,1.0140174228532999,0.9463791395803156,0.9801982812168077,1.9603965624336155,500.0,0.07075993370901257,Fair,1.2200570790966614,False,success
0.05,500,0.5,0.0001,256,1.0,25.0,87.5,87.51430272144384,87.02420358083533,88.00440186205236,0.5044018620523616,0.4757964191646664,0.5044018620523616,0.490099140608514,0.980198281217028,500.0,0.015716650155648715,Good,0.6124216901740644,False,success
0.05,500,1.0,0.001,32,1.0,25.0,87.5,87.499234375,86.999254375,87.999214375,0.5007456249999933,0.5007456249999933,0.499214374999994,0.49997999999999365,0.9999599999999873,1.0,0.015712500000000018,Good,0.6007616249999921,False,success
0.05,1000,0.2,0.001,128,0.5,25.0,87.5,87.49991796875,87.24992796875,87.74990796875,0.2500720312499993,0.2500720312499993,0.24990796874999432,0.24998999999999683,0.49997999999999365,1.0,0.001840624999999707,Excellent,0.3000800312499987,True,success
0.05,1000,0.5,0.001,256,3.0,25.0,87.5,87.50060156250001,86.0006615625,89.0005415625,1.500541562500004,1.4993384375000005,1.500541562500004,1.4999400000000023,2.9998800000000045,1.0,0.013231250000000028,Fair,1.8005395625000045,False,success
0.05,1500,0.1,1e-05,32,2.0,25.0,87.5,86.86354413863289,85.92178073519548,87.8053075420703,1.5782192648045168,1.5782192648045168,0.3053075420702953,0.941763403437406,1.883526806874812,1500.0,0.47815670167991486,Fair,1.776571945491998,False,success
0.05,1500,0.3,1e-05,128,2.0,25.0,87.5,87.1570457627196,86.21528235928233,88.09880916615688,1.2847176407176732,1.2847176407176732,0.5988091661568831,0.9417634034372782,1.8835268068745563,1500.0,0.02490712695133642,Fair,1.4830703214051288,False,success
0.05,1500,0.8,0.0001,16,1.0,25.0,87.5,87.63676741105259,87.16588570933416,88.10764911277101,0.6076491127710142,0.33411429066583764,0.6076491127710142,0.4708817017184259,0.9417634034368518,1500.0,0.06698872098137215,Good,0.7118254531146994,False,success
0.05,2000,0.1,0.0001,64,0.5,25.0,87.5,87.2438263528319,87.01304763549135,87.47460507017246,0.4869523645086531,0.4869523645086531,0.025394929827541546,0.2561736471680973,0.46155743468111154,2000.0,0.2038352153002232,Excellent,0.5431081079767642,False,success
0.05,2000,0.3,0.0001,128,3.0,25.0,87.5,87.08563803399196,85.70096572994879,88.4703103380351,1.7990342700512088,1.7990342700512088,0.9703103380351052,1.384672304043157,2.769344608086314,2000.0,0.025204339777353073,Fair,2.08596873085984,False,success
0.05,2000,0.8,0.001,16,3.0,25.0,87.5,86.9594408269672,85.5747685229236,88.34411313101079,1.9252314770763945,1.9252314770763945,0.8441131310107863,1.3846723040435904,2.769344608087181,2000.0,0.06826166564828706,Fair,2.2121659378851124,False,success
0.05,3000,0.1,0.001,64,2.0,25.0,87.5,87.06830068012275,86.18138237206894,87.95521898817657,1.3186176279310615,1.3186176279310615,0.4552189881765685,0.886918308053815,1.77383661610763,3000.0,0.07036698987013201,Fair,1.5060012895418244,False,success
0.05,3000,0.3,0.001,256,1.0,25.0,87.5,87.49445941566306,86.99469936287011,87.99421946845601,0.505300637129892,0.505300637129892,0.4942194684560093,0.49976005279295066,0.9995201055859013,12.0,0.002036082018043543,Good,0.6052926476884822,True,success
0.05,3000,1.0,1e-05,32,1.0,25.0,87.5,87.12615457403855,86.6826954200115,87.5696137280656,0.8173045799885017,0.8173045799885017,0.06961372806560462,0.44345915402705316,0.8869183080541063,3000.0,0.015368805734681912,Good,0.9159964107939124,False,success
0.08,500,0.2,1e-05,128,0.5,25.0,87.5,87.52334063030052,87.28121423272894,87.7654670278721,0.26546702787210563,0.2187857672710578,0.26546702787210563,0.24212639757158172,0.48425279514316344,500.0,0.001853117221799483,Excellent,0.323892307386422,False,success
0.08,500,0.5,1e-05,256,3.0,25.0,87.5,87.35588523653792,85.90312685110794,88.8086436219679,1.5968731488920582,1.5968731488920582,1.308643621967903,1.4527583854299806,2.905516770859961,500.0,0.043705962079147564,Fair,1.8974248259780544,False,success
0.08,500,1.0,0.0001,32,2.0,25.0,87.5,87.66848132973834,86.69997573945167,88.63698692002501,1.1369869200250093,0.8000242605483265,1.1369869200250093,0.9685055902866679,1.9370111805733359,500.0,0.09470858075760713,Fair,1.340688038082343,False,success
0.08,1000,0.2,0.0001,128,2.0,25.0,87.5,87.24618924423079,86.30818616581429,88.18419232264729,1.1918138341857087,1.1918138341857087,0.6841923226472915,0.9380030784165001,1.8760061568330002,1000.0,0.0705518691777468,Fair,1.3894144498690089,False,success
0.08,1000,0.5,0.001,16,1.0,25.0,87.5,88.0619072894954,87.59290575028706,88.53090882870372,1.0309088287037156,0.09290575028705916,1.0309088287037156,0.5619072894953874,0.9380030784166564,1000.0,0.07082926013561153,Fair,1.1347091365453812,False,success
0.08,1000,1.0,0.001,64,0.5,25.0,87.5,87.5009625,87.2509785,87.7509465,0.25094649999999774,0.2490214999999978,0.25094649999999774,0.24998399999999776,0.4999679999999955,1.0,0.012231250000000138,Excellent,0.3009532999999973,False,success
0.08,1500,0.2,0.001,128,3.0,25.0,87.5,87.4942691084,85.994461102256,88.994077114544,1.5055388977440032,1.5055388977440032,1.4940771145439982,1.4998080061440007,2.9996160122880013,2.0,0.0028360682000005966,Fair,1.8055138323061368,True,success
0.08,1500,0.8,1e-05,16,3.0,25.0,87.5,86.87718687929035,85.51449504156173,88.23987871701895,1.9855049584382698,1.9855049584382698,0.7398787170189536,1.3626918377286117,2.7253836754572234,1500.0,0.06831152590440842,Fair,2.268043325983992,False,success
0.08,2000,0.1,1e-05,64,2.0,25.0,87.5,86.90537750345894,86.02552772834014,87.78522727857774,1.474472271659863,1.474472271659863,0.2852272785777359,0.8798497751187995,1.759699550237599,2000.0,0.07023267671416589,Fair,1.660442226683623,False,success
0.08,2000,0.3,1e-05,256,1.0,25.0,87.5,87.29758483252095,86.8576599449617,87.73750972008023,0.6423400550383036,0.6423400550383036,0.23750972008022586,0.43992488755926473,0.8798497751185295,2000.0,0.0018307499440584074,Good,0.7403250325501566,False,success
0.08,2000,0.8,0.0001,32,0.5,25.0,87.5,87.58948480356969,87.36952235978994,87.80944724734942,0.30944724734942497,0.13047764021006003,0.30944724734942497,0.2199624437797425,0.439924887559485,2000.0,0.0018883036493128058,Excellent,0.3634397361053735,False,success
0.08,3000,0.1,0.0001,128,0.5,25.0,87.5,87.52556922883628,87.31924377943508,87.73189467823745,0.23189467823745247,0.18075622056491625,0.23189467823745247,0.20632544940118436,0.4126508988023687,3000.0,0.06686763450506561,Excellent,0.28315976811768934,False,success
0.08,3000,0.3,0.0001,256,3.0,25.0,87.5,86.6385219575858,85.40056926117757,87.87647465399402,2.0994307388224343,2.0994307388224343,0.37647465399402336,1.2379526964082288,2.4759053928164576,3000.0,0.0019419290066495047,Fair,2.35702127810408,False,success
0.08,3000,0.8,0.001,32,2.0,25.0,87.5,87.49986874999999,86.49993275,88.49980475,1.0000672500000007,1.0000672500000007,0.9998047499999956,0.9999359999999982,1.9998719999999963,1.0,0.0024406249999994745,Fair,1.2000577833333337,True,success
0.1,500,0.1,0.001,128,1.0,25.0,87.5,87.60874034221956,87.12834639131538,88.08913429312376,0.5891342931237631,0.3716536086846247,0.5891342931237631,0.4803939509041939,0.9607879018083878,500.0,0.0704769455901455,Good,0.6952130833046019,False,success
0.1,500,0.5,1e-05,16,1.0,25.0,87.5,87.66904196937327,87.18864801846905,88.14943592027747,0.6494359202774689,0.31135198153094734,0.6494359202774689,0.4803939509042081,0.9607879018084162,500.0,0.07052519075148211,Good,0.7555147104583105,False,success
0.1,500,1.0,1e-05,64,0.5,25.0,87.5,87.43083824560507,87.19064127015278,87.67103522105737,0.3093587298472187,0.3093587298472187,0.17103522105736602,0.24019697545229235,0.4803939509045847,500.0,0.042796501896997574,Excellent,0.36739812493767715,False,success
0.1,1000,0.2,1e-05,128,3.0,25.0,87.5,86.96040704487083,85.57573695647865,88.34507713326302,1.92426304352135,1.92426304352135,0.8450771332630183,1.384670088392184,2.769340176784368,1000.0,0.07068171624390884,Fair,2.2111970611997864,False,success
0.1,1000,0.5,0.0001,16,3.0,25.0,87.5,87.21348748596833,85.82881739757617,88.59815757436047,1.6711826024238263,1.6711826024238263,1.0981575743604708,1.3846700883921486,2.769340176784297,1000.0,0.07088419679523206,Fair,1.958116620102256,False,success
0.1,1000,1.0,0.0001,64,2.0,25.0,87.5,87.05340435947451,86.13029096721306,87.97651775173597,1.3697090327869432,1.3697090327869432,0.4765177517359689,0.9231133922614561,1.8462267845229121,1000.0,0.013128067471627203,Fair,1.5643317112392345,False,success
0.1,1500,0.2,0.0001,256,1.0,25.0,87.5,87.30824477186715,86.86478668222612,87.75170286150819,0.635213317773875,0.635213317773875,0.25170286150819265,0.44345808964103384,0.8869161792820677,1500.0,0.036024556753747605,Good,0.7339049357020818,False,success
0.1,1500,0.5,0.001,32,0.5,25.0,87.5,87.1204824040953,86.89875335927444,87.34221144891616,0.601246640725563,0.601246640725563,0.15778855108383993,0.37951759590470147,0.44345808964172306,1500.0,0.06987935950789304,Good,0.6555924496897353,False,success
0.1,1500,1.0,0.001,128,0.5,25.0,87.5,87.50103896625,87.25107896464999,87.75099896785,0.25099896784999487,0.24892103535000842,0.25099896784999487,0.24996000160000165,0.4999200032000033,2.0,0.0018415715000006383,Excellent,0.3010043015033285,True,success
0.1,2000,0.2,0.001,256,3.0,25.0,87.5,87.4962541928125,85.9964941832125,88.9960142024125,1.503505816787495,1.503505816787495,1.4960142024124963,1.4997600095999957,2.9995200191999913,2.0,0.002837663375002686,Fair,1.8034678187074942,True,success
0.1,2000,0.8,1e-05,32,2.0,25.0,87.5,87.0832737599008,86.231135424928,87.93541209487361,1.2688645750720013,1.2688645750720013,0.43541209487361243,0.8521383349728069,1.7042766699456138,2000.0,0.00198911380500294,Fair,1.4492922420665628,False,success
0.1,3000,0.1,1e-05,128,1.0,25.0,87.5,86.85850643706571,86.46519628252956,87.25181659160187,1.0348037174704388,1.0348037174704388,0.24818340839813402,0.6414935629342864,0.7866203090723047,3000.0,0.06980703783630693,Fair,1.1234657483776693,False,success
0.1,3000,0.3,0.0001,16,1.0,25.0,87.5,87.99117924531524,87.5978690907788,88.38448939985169,0.8844893998516881,0.09786909077880068,0.8844893998516881,0.4911792453152444,0.7866203090728874,3000.0,0.07071324857976717,Good,0.9731514307589768,False,success
0.1,3000,0.8,0.0001,64,0.5,25.0,87.5,87.21940263951018,87.02274756224206,87.41605771677828,0.47725243775794013,0.47725243775794013,0.08394228322171671,0.2805973604898284,0.3933101545362234,3000.0,0.0015735970611877037,Excellent,0.5265834532115625,False,success
0.15,500,0.1,0.0001,128,3.0,25.0,87.5,87.39790990296873,85.98526818851849,88.81055161741898,1.5147318114815107,1.5147318114815107,1.3105516174189802,1.4126417144502454,2.825283428900491,500.0,0.07105696813010987,Fair,1.8072601543715598,False,success
0.15,500,0.3,0.001,16,2.0,25.0,87.5,86.69839593691376,85.75663479394701,87.64015707988051,1.7433652060529852,1.7433652060529852,0.14015707988050963,0.9417611429667474,1.8835222859334948,500.0,0.07012054012871971,Fair,1.9417174346463346,False,success
0.15,500,0.8,0.001,64,2.0,25.0,87.5,87.50463417992188,86.50487416552188,88.50439419432188,1.0043941943218755,0.9951258344781166,1.0043941943218755,0.9997600143999961,1.9995200287999921,2.0,0.002444433687499581,Fair,1.2043861972018748,True,success
0.15,1000,0.1,0.001,256,1.0,25.0,87.5,87.49975390624999,86.99981390625,87.99969390625,0.5001860937500027,0.5001860937500027,0.4996939062500019,0.49994000000000227,0.9998800000000045,1.0,0.0020406249999971315,Good,0.600184093750003,True,success
0.15,1000,0.5,1e-05,32,0.5,25.0,87.5,87.29465715375775,87.07292864115716,87.51638566635833,0.42707135884283787,0.42707135884283787,0.01638566635833172,0.2217285126005848,0.4434570252011696,1000.0,0.07002151111442023,Excellent,0.4814170613629548,False,success
0.15,1000,1.0,1e-05,64,3.0,25.0,87.5,86.93291800856002,85.60254693295688,88.26328908416318,1.8974530670431164,1.8974530670431164,0.7632890841631763,1.3303710756031464,2.6607421512062928,1000.0,0.013550838554261091,Fair,2.1735272821637457,False,success
0.15,1500,0.2,1e-05,256,3.0,25.0,87.5,86.60477366103683,85.351881876307,87.85766544576666,2.1481181236929956,2.1481181236929956,0.3576654457666564,1.252891784729826,2.505783569459652,1500.0,0.03426166839916145,Fair,2.4086964806389606,False,success
0.15,1500,0.5,0.0001,32,2.0,25.0,87.5,87.04165325104401,86.20639206122421,87.87691444086383,1.2936079387757928,1.2936079387757928,0.3769144408638283,0.8352611898198106,1.6705223796396211,1500.0,0.04041473611935498,Fair,1.470660176739755,False,success
0.15,1500,1.0,0.0001,128,1.0,25.0,87.5,87.24070504491073,86.82307445000079,87.65833563982066,0.6769255499992113,0.6769255499992113,0.15833563982066323,0.41763059490993726,0.8352611898198745,1500.0,0.039921330999719506,Good,0.7704516689811988,False,success
0.15,2000,0.2,0.001,16,1.0,25.0,87.5,88.03029214991915,87.63698388351912,88.42360041631919,0.9236004163191893,0.13698388351912172,0.9236004163191893,0.5302921499191555,0.7866165328000676,2000.0,0.07074737001745768,Good,1.0122620695991962,False,success
0.15,2000,0.5,0.001,64,0.5,25.0,87.5,87.4966953860592,87.30004125285922,87.69334951925917,0.19995874714078354,0.19995874714078354,0.1933495192591721,0.19665413319997782,0.39330826639995564,2000.0,0.0154690358997156,Excellent,0.24928957378077912,False,success
0.15,2000,1.0,0.001,128,3.0,25.0,87.5,87.46377930796305,85.96629734330622,88.96126127261986,1.5337026566937766,1.5337026566937766,1.4612612726198648,1.4974819646568207,2.9949639293136414,14.0,0.002809971214641882,Fair,1.8332690496251407,True,success
0.15,3000,0.3,1e-05,16,2.0,25.0,87.5,85.71347340318965,85.0158121479705,86.41113465840883,2.484187852029507,2.484187852029507,1.0888653415911733,1.78652659681034,1.3953225104383336,3000.0,0.0691372041912297,Fair,2.63372010307334,False,success
0.15,3000,0.8,1e-05,64,2.0,25.0,87.5,86.32465505540304,85.6269938001835,87.0223163106226,1.8730061998165013,1.8730061998165013,0.47768368937740036,1.1753449445969508,1.395322510439101,3000.0,0.06962620819348078,Fair,2.022538450860411,False,success
0.2,500,0.1,1e-05,256,1.0,25.0,87.5,87.13743178192097,86.67587656300566,87.59898700083627,0.8241234369943413,0.8241234369943413,0.09898700083627432,0.4615552189153078,0.9231104378306156,500.0,0.0017200898150337984,Good,0.9264344807774029,False,success
0.2,500,0.3,0.0001,32,0.5,25.0,87.5,87.56908653794628,87.33830892848853,87.79986414740402,0.2998641474040227,0.16169107151146989,0.2998641474040227,0.23077760945774628,0.46155521891549256,500.0,0.07025113149896253,Excellent,0.35601966929557194,False,success
0.2,500,0.8,0.0001,64,3.0,25.0,87.5,86.92195970674214,85.53729404999609,88.30662536348818,1.9627059500039081,1.9627059500039081,0.8066253634881804,1.3846656567460442,2.7693313134920885,500.0,0.0364714482225062,Fair,2.249639081353117,False,success
0.2,1000,0.1,0.0001,256,3.0,25.0,87.5,87.41832538676317,86.14012606611513,88.69652470741121,1.3598739338848702,1.3598739338848702,1.1965247074112142,1.2781993206480422,2.5563986412960844,1000.0,0.07096857473788187,Fair,1.6255137980144787,False,success
0.2,1000,0.3,0.001,32,2.0,25.0,87.5,86.48938138360543,85.63724850317354,87.34151426403731,1.862751496826462,1.862751496826462,0.15848573596268523,1.0106186163945736,1.7042657608637768,1000.0,0.0698843929140954,Fair,2.0431780729128395,False,success
0.2,1000,0.8,0.001,128,1.0,25.0,87.5,87.519303471594,87.02042230753914,88.01818463564886,0.5181846356488649,0.47957769246086457,0.5181846356488649,0.4988811640548647,0.9977623281097294,14.0,0.002055501588772435,Good,0.6181008684598378,True,success
0.2,1500,0.2,1e-05,16,0.5,25.0,87.5,87.451707138333,87.2550539492467,87.64836032741931,0.244946050753299,0.244946050753299,0.1483603274193115,0.19665318908630525,0.3933063781726105,1500.0,0.07012990904738392,Excellent,0.29427668857056005,False,success
0.2,1500,0.5,1e-05,64,0.5,25.0,87.5,87.69764198184579,87.50098879275939,87.8942951709322,0.394295170932196,0.0009887927593865697,0.394295170932196,0.1976419818457913,0.39330637817280945,1500.0,0.015630437006666664,Excellent,0.443625808749477,False,success
0.2,1500,1.0,1e-05,128,3.0,25.0,87.5,86.21812963158405,85.03821049706578,87.39804876610233,2.4617895029342236,2.4617895029342236,0.10195123389766536,1.2818703684159445,2.3598382690365582,1500.0,0.028907439203154084,Fair,2.707773329837879,False,success
0.2,2000,0.2,0.0001,16,2.0,25.0,87.5,86.09376272205245,85.36763227613922,86.81989316796567,2.1323677238607814,2.1323677238607814,0.6801068320343262,1.4062372779475538,1.4522608918264552,2000.0,0.06946702925905601,Fair,2.2875938130434266,False,success
0.2,2000,0.5,0.0001,64,1.0,25.0,87.5,86.43917835528151,86.0761131323249,86.80224357823812,1.423886867675094,1.423886867675094,0.6977564217618806,1.0608216447184873,0.7261304459132134,2000.0,0.01475665592753872,Fair,1.5064999122664153,False,success
0.2,2000,1.0,0.0001,256,1.0,25.0,87.5,87.096650570044,86.7335853470874,87.4597157930006,0.7664146529126015,0.7664146529126015,0.04028420699940227,0.40334942995600187,0.7261304459131992,2000.0,0.005809373722125644,Good,0.8490276975039214,False,success
0.2,3000,0.2,0.001,32,0.5,25.0,87.5,87.3952248809414,87.24053497383007,87.54991478805273,0.2594650261699343,0.2594650261699343,0.04991478805273175,0.154689907111333,0.309379814222666,3000.0,0.07005114001284563,Excellent,0.3004030075922009,False,success
0.2,3000,0.5,0.001,64,3.0,25.0,87.5,85.69799639541947,84.7698569527514,86.62613583808752,2.7301430472486032,2.7301430472486032,0.8738641619124792,1.8020036045805412,1.856278885336124,3000.0,0.06931199859024462,Fair,2.9257709357822153,False,success
0.2,3000,1.0,0.001,256,3.0,25.0,87.5,87.49967187499999,85.999911875,88.999431875,1.5000881250000049,1.5000881250000049,1.499431874999999,1.499760000000002,2.999520000000004,1.0,0.002840625000000152,Fair,1.8000434583333387,True,success
