run,arm,q,seed,stage,update,local,mode,block_id,block_type,lr,alpha,valid,Delta,s,R,R_tail,tail_term,C,R_argmax_d,eligible,consecutive,would_fire_local,p_digest,p_digest_next,stage2_peak_rel_err_signed,stage2_peak_rel_err_abs,stage2_rmse_pos_over_g2_0,stage2_tail_mean_over_g2_0,stage2_tail_max_over_g2_0,e1_at_0,e2_at_0,stage1_rel_err_signed,eta_T_over_dw,Gmax_full_over_dw,verifier_sec,error
msr3_q50_s10509_t10_bb_s1,t10_bb_s1,50,10509,1,2825,25,train,1,legacy,0.0002891819699499165,0.0,True,0.005541038141837373,39.51663154487382,0.330450634602649,nan,False,0.026117704454233445,0.0,False,0,,,,-0.04256088627748775,0.04256088627748775,0.021697548660120084,0.003472554100957573,0.02224079368582053,52.57492751623643,67.02073796057586,0.1266055896336378,0.0008271242380593069,0.0057811124627046295,0.018027055077254772,
msr3_q50_s10509_t10_bb_s1,t10_bb_s1,50,10509,1,2850,50,train,1,legacy,0.0002779131886477462,0.0,True,3.581194505908325e-05,46.0,0.02169670965055559,nan,False,0.02601215768738817,0.0,True,1,,,,-0.04256088627748775,0.04256088627748775,0.021697548660120084,0.003472554100957573,0.02224079368582053,46.99804864392556,67.02073796057586,0.007101042369833418,0.0008271242380593069,0.0008271242380593069,0.01787013397552073,
msr3_q50_s10509_t10_bb_s1,t10_bb_s1,50,10509,1,2875,75,train,1,legacy,0.0002666444073455759,0.0,True,0.0,46.20240355548187,0.0,nan,False,0.025845493332442588,0.0,True,2,,,,-0.04256088627748775,0.04256088627748775,0.021697548660120084,0.003472554100957573,0.02224079368582053,46.20240355548187,67.02073796057586,-0.009948495239674112,0.0008271242380593069,0.0008271242380593069,0.01881969894748181,
msr3_q50_s10509_t10_bb_s1,t10_bb_s1,50,10509,1,2900,100,train,1,legacy,0.00025537562604340566,0.0,True,0.00023505847304894356,47.0,0.04732718364652466,nan,False,0.0256853104914627,0.0,False,0,,,,-0.04256088627748775,0.04256088627748775,0.021697548660120084,0.003472554100957573,0.02224079368582053,44.77562236861334,67.02073796057586,-0.040522377815428355,0.0008271242380593069,0.0008271242380593069,0.01445178093854338,
msr3_q50_s10509_t10_bb_s1,t10_bb_s1,50,10509,1,2925,125,train,1,legacy,0.00024410684474123536,0.0,True,0.00013416364240714795,47.0,0.0397584532717704,nan,False,0.025605544909909028,0.0,False,0,,,,-0.04256088627748775,0.04256088627748775,0.021697548660120084,0.003472554100957573,0.02224079368582053,45.13135269622679,67.02073796057586,-0.03289958508085442,0.0008271242380593069,0.0008271242380593069,0.01898612210061401,
msr3_q50_s10509_t10_bb_s1,t10_bb_s1,50,10509,1,2950,150,train,1,legacy,0.00023283806343906509,0.0,True,9.174666913414065e-06,46.07561537913219,0.014111161417650975,nan,False,0.025554220971188802,0.0,True,1,,,,-0.04256088627748775,0.04256088627748775,0.021697548660120084,0.003472554100957573,0.02224079368582053,46.725795825164724,67.02073796057586,0.0012670533963869905,0.0008271242380593069,0.0008271242380593069,0.014125111978501081,
msr3_q50_s10509_t10_bb_s1,t10_bb_s1,50,10509,1,2975,175,train,1,legacy,0.0002215692821368948,0.0,True,6.636616959376784e-05,45.395785054210315,0.03858523298332267,nan,False,0.0254668347372877,0.0,False,0,,,,-0.04256088627748775,0.04256088627748775,0.021697548660120084,0.003472554100957573,0.02224079368582053,47.14739199698786,67.02073796057586,0.010301257078311263,0.0008271242380593069,0.0008271242380593069,0.017679266980849206,
msr3_q50_s10509_t10_bb_s1,t10_bb_s1,50,10509,1,3000,200,train,1,legacy,0.0002103005008347245,0.0,True,3.7320780578165014e-05,46.451552596534235,0.01624173046576408,nan,False,0.025300809622286282,0.0,True,1,,,,-0.04256088627748775,0.04256088627748775,0.021697548660120084,0.003472554100957573,0.02224079368582053,45.69709899954506,67.02073796057586,-0.020776450009748617,0.0008271242380593069,0.0008271242380593069,0.015893197967670858,
msr3_q50_s10509_t10_bb_s1,t10_bb_s1,50,10509,1,3025,225,train,1,legacy,0.00019903171953255424,0.0,True,5.5856096537021394e-05,46.51561041701806,0.020609697708643637,nan,False,0.025234292743752808,0.0,True,2,,,,-0.04256088627748775,0.04256088627748775,0.021697548660120084,0.003472554100957573,0.02224079368582053,45.55693774759028,67.02073796057586,-0.023779905408779608,0.0008271242380593069,0.0008271242380593069,0.009439185028895736,
msr3_q50_s10509_t10_bb_s1,t10_bb_s1,50,10509,1,3050,250,train,1,legacy,0.00018776293823038396,0.0,True,7.894081342940673e-06,46.08829776593403,0.013512981574391306,nan,False,0.025214370547551396,0.0,True,3,250,,,-0.04256088627748775,0.04256088627748775,0.021697548660120084,0.003472554100957573,0.02224079368582053,46.711088084440156,67.02073796057586,0.0009518875237176872,0.0008271242380593069,0.0008271242380593069,0.017638034070841968,
msr3_q50_s10509_t10_bb_s1,t10_bb_s1,50,10509,1,3075,275,train,1,legacy,0.0001764941569282137,0.0,True,0.0003764218480715176,48.0,0.07316934738617231,nan,False,0.025038811355424604,0.0,False,0,250,,,-0.04256088627748775,0.04256088627748775,0.021697548660120084,0.003472554100957573,0.02224079368582053,44.48787132546373,67.02073796057586,-0.04668847159720576,0.0008271242380593069,0.0008271242380593069,0.00962582801003009,
msr3_q50_s10509_t10_bb_s1,t10_bb_s1,50,10509,1,3100,300,train,1,legacy,0.00016522537562604342,0.0,True,3.1207612875006063e-06,46.14809274967105,0.010604861742317964,nan,False,0.025047386076414546,0.0,True,1,250,,,-0.04256088627748775,0.04256088627748775,0.021697548660120084,0.003472554100957573,0.02224079368582053,46.63748689295298,67.02073796057586,-0.0006252808652932731,0.0008271242380593069,0.0008271242380593069,0.00959880999289453,
msr3_q50_s10509_t10_bb_s1,t10_bb_s1,50,10509,1,3125,325,train,1,legacy,0.00015395659432387312,0.0,True,5.4803651899471006e-05,46.49874655281054,0.019826648922153398,nan,False,0.02494420403016863,0.0,True,2,250,,,-0.04256088627748775,0.04256088627748775,0.021697548660120084,0.003472554100957573,0.02224079368582053,45.57683222958777,67.02073796057586,-0.023353595080261972,0.0008271242380593069,0.0008271242380593069,0.018896325957030058,
msr3_q50_s10509_t10_bb_s1,t10_bb_s1,50,10509,1,3150,350,train,1,legacy,0.00014268781302170284,0.0,True,1.4222083432380295e-05,46.41711166871475,0.01181674439030855,nan,False,0.02491011230111614,0.0,True,3,250,,,-0.04256088627748775,0.04256088627748775,0.021697548660120084,0.003472554100957573,0.02224079368582053,45.86861252478914,67.02073796057586,-0.017101160183089752,0.0008271242380593069,0.0008271242380593069,0.017661527963355184,
msr3_q50_s10509_t10_bb_s1,t10_bb_s1,50,10509,1,3175,375,train,1,legacy,0.00013141903171953254,0.0,True,2.3870442517281987e-05,46.4242164113281,0.013639169359819434,nan,False,0.024858950850555797,0.0,True,4,250,,,-0.04256088627748775,0.04256088627748775,0.021697548660120084,0.003472554100957573,0.02224079368582053,45.79102866129709,67.02073796057586,-0.01876367154363372,0.0008271242380593069,0.0008271242380593069,0.013914176961407065,
msr3_q50_s10509_t10_bb_s1,t10_bb_s1,50,10509,1,3200,400,train,1,legacy,0.00012015025041736227,0.0,True,5.7455495573899285e-05,46.540120733262675,0.021756063279692827,nan,False,0.02480102789403425,0.0,True,5,250,,,-0.04256088627748775,0.04256088627748775,0.021697548660120084,0.003472554100957573,0.02224079368582053,45.52759092154527,67.02073796057586,-0.024408765966887052,0.0008271242380593069,0.0008271242380593069,0.017229407094419003,
msr3_q50_s10509_t10_bb_s1,t10_bb_s1,50,10509,1,3225,425,train,1,legacy,0.000108881469115192,0.0,True,3.0724839096274437e-06,46.15017428629966,0.010500847382227636,nan,False,0.024808880034662317,0.0,True,6,250,,,-0.04256088627748775,0.04256088627748775,0.021697548660120084,0.003472554100957573,0.02224079368582053,46.6347902231433,67.02073796057586,-0.0006830666469292725,0.0008271242380593069,0.0008271242380593069,0.014792670030146837,
msr3_q50_s10509_t10_bb_s1,t10_bb_s1,50,10509,1,3250,450,train,1,legacy,9.761268781302172e-05,0.0,True,4.959144183636077e-06,46.4182163073258,0.009200502206782833,nan,False,0.024733402228420635,0.0,True,7,250,,,-0.04256088627748775,0.04256088627748775,0.021697548660120084,0.003472554100957573,0.02224079368582053,45.991145405755326,67.02073796057586,-0.014475455590957255,0.0008271242380593069,0.0008271242380593069,0.018214592011645436,
msr3_q50_s10509_t10_bb_s1,t10_bb_s1,50,10509,1,3275,475,train,1,legacy,8.634390651085142e-05,0.0,True,6.931685866407022e-07,46.26626468993228,0.003986769930311485,nan,False,0.024721276222051662,0.0,True,8,250,,,-0.04256088627748775,0.04256088627748775,0.021697548660120084,0.003472554100957573,0.02224079368582053,46.45071764278593,67.02073796057586,-0.004627479083158548,0.0008271242380593069,0.0008271242380593069,0.017347737913951278,
msr3_q50_s10509_t10_bb_s1,t10_bb_s1,50,10509,1,3300,500,train,1,legacy,7.507512520868117e-05,0.0,True,7.47830878353728e-05,47.0,0.03450709485272146,nan,False,0.024648930603435863,0.0,False,0,250,,,-0.04256088627748775,0.04256088627748775,0.021697548660120084,0.003472554100957573,0.02224079368582053,45.37816654192209,67.02073796057586,-0.027610716958812277,0.0008271242380593069,0.0008271242380593069,0.017264599911868572,
msr3_q50_s10509_t10_bb_s1,t10_bb_s1,50,10509,1,3325,525,train,1,legacy,6.380634390651087e-05,0.0,True,6.872448066186365e-07,46.26386619385475,0.004115540703509016,nan,False,0.024677586588692953,0.0,True,1,250,,,-0.04256088627748775,0.04256088627748775,0.021697548660120084,0.003472554100957573,0.02224079368582053,46.45426701827726,67.02073796057586,-0.004551421036915876,0.0008271242380593069,0.0008271242380593069,0.016384085989557207,
msr3_q50_s10509_t10_bb_s1,t10_bb_s1,50,10509,1,3350,550,train,1,legacy,5.253756260434057e-05,0.0,True,2.2134357027248086e-06,46.18791640637682,0.008579544411761283,nan,False,0.024662299940167384,0.0,True,2,250,,,-0.04256088627748775,0.04256088627748775,0.021697548660120084,0.003472554100957573,0.02224079368582053,46.58418768647205,67.02073796057586,-0.0017674067184560423,0.0008271242380593069,0.0008271242380593069,0.009726480930112302,
msr3_q50_s10509_t10_bb_s1,t10_bb_s1,50,10509,1,3375,575,train,1,legacy,4.126878130217027e-05,0.0,True,0.0,46.23745505134582,0.0,nan,False,0.024628847177083763,0.0,True,3,250,,,-0.04256088627748775,0.04256088627748775,0.021697548660120084,0.003472554100957573,0.02224079368582053,46.23745505134582,67.02073796057586,-0.00919739175687526,0.0008271242380593069,0.0008271242380593069,0.009709128993563354,
msr3_q50_s10509_t10_bb_s1,t10_bb_s1,50,10509,1,3400,600,train,1,legacy,3.0000000000000024e-05,0.0,True,0.0,46.31990242372471,0.0,nan,False,0.02462183383100539,0.0,True,4,250,,,-0.04256088627748775,0.04256088627748775,0.021697548660120084,0.003472554100957573,0.02224079368582053,46.31990242372471,67.02073796057586,-0.0074306623487561,0.0008271242380593069,0.0008271242380593069,0.015351599897257984,
