q,tier,fit_half_width,h,BR_plus,BR_minus,slope,ref_slope
50,final,1.0,0.25,46.36509783804541,46.893540479207125,-1.0568852823234351,-0.961
50,final,1.0,0.5,46.153850980840915,47.04621511200139,-0.8923641311604769,-0.961
50,final,1.0,1.0,45.72325209673091,47.56973913036873,-0.9232435168189106,-0.961
50,final,1.0,2.0,44.62662052378799,48.334052142819075,-0.926857904757771,-0.961
50,final,1.0,4.0,42.080327392527096,49.18150039470121,-0.8876466252717643,-0.961
50,final,2.0,0.25,46.390395280812804,46.87743299010212,-0.9740754185786358,-0.961
50,final,2.0,0.5,46.18353990090056,47.1078698491475,-0.9243299482469354,-0.961
50,final,2.0,1.0,45.65320678367869,47.51089610060742,-0.9288446584643637,-0.961
50,final,2.0,2.0,44.68662887052236,48.27289471103385,-0.8965664601278718,-0.961
50,final,2.0,4.0,42.56081270317523,49.42845884297127,-0.8584557674745046,-0.961
50,final,4.0,0.25,46.367030412707,46.848452004841235,-0.9628431842684648,-0.961
50,final,4.0,0.5,46.166182596881896,47.04032343286178,-0.8741408359798868,-0.961
50,final,4.0,1.0,45.65724802119178,47.47987778033472,-0.9113148795714672,-0.961
50,final,4.0,2.0,44.67286963694045,48.20293724640871,-0.8825169023670654,-0.961
50,final,4.0,4.0,42.52940160896043,49.35598696732212,-0.8533231697952113,-0.961
50,fine,1.0,0.25,46.42167825836901,46.89522295211121,-0.9470893874843966,-0.961
50,fine,1.0,0.5,46.19172066993982,47.114346663594475,-0.9226259936546555,-0.961
50,fine,1.0,1.0,45.694571990780865,47.544138657491956,-0.9247833333555455,-0.961
50,fine,1.0,2.0,44.67466280652211,48.2717531473382,-0.8992725852040238,-0.961
50,fine,1.0,4.0,42.579424251996464,49.433171037347414,-0.8567183481688687,-0.961
50,fine,2.0,0.25,46.41673565933407,46.882950372109455,-0.9324294255507652,-0.961
50,fine,2.0,0.5,46.17967062258577,47.10849806985088,-0.9288274472651139,-0.961
50,fine,2.0,1.0,45.68302456793911,47.52781169810028,-0.9223935650805863,-0.961
50,fine,2.0,2.0,44.67600768003426,48.26829018118086,-0.8980706252866497,-0.961
50,fine,2.0,4.0,42.56005074970286,49.448525087283954,-0.8610592921976368,-0.961
50,fine,4.0,0.25,46.394549005402574,46.84465677130051,-0.9002155317958653,-0.961
50,fine,4.0,0.5,46.15664833307976,47.06455344330237,-0.9079051102226146,-0.961
50,fine,4.0,1.0,45.67200151970934,47.47620412578742,-0.9021013030390392,-0.961
50,fine,4.0,2.0,44.67242498257714,48.22295035891779,-0.8876313440851629,-0.961
50,fine,4.0,4.0,42.572386879650644,49.40173523786712,-0.8536685447770598,-0.961
60,final,1.0,0.25,38.79372171198136,38.959806969934874,-0.3321705159070234,-0.309
60,final,1.0,0.5,38.715783288992284,39.047734179172345,-0.3319508901800603,-0.309
60,final,1.0,1.0,38.580754717715116,39.12544795716765,-0.2723466197262674,-0.309
60,final,1.0,2.0,38.22955937007409,39.45410285057585,-0.3061358701254395,-0.309
60,final,1.0,4.0,37.674960199646215,39.90877835884233,-0.27922726989951485,-0.309
60,final,2.0,0.25,38.81710334452159,38.94932452768328,-0.2644423663233795,-0.309
60,final,2.0,0.5,38.73116576824718,39.02534210745955,-0.2941763392123704,-0.309
60,final,2.0,1.0,38.55922406592553,39.18692196299086,-0.3138489485326659,-0.309
60,final,2.0,2.0,38.239083380118394,39.44671959866354,-0.3019090546362868,-0.309
60,final,2.0,4.0,37.544566656876135,39.911247684426904,-0.2958351284438461,-0.309
60,final,4.0,0.25,38.79283300777263,38.93921510355096,-0.2927641915566568,-0.309
60,final,4.0,0.5,38.719256273097905,39.011485652870036,-0.2922293797721309,-0.309
60,final,4.0,1.0,38.55379383140928,39.160617429750985,-0.3034117991708527,-0.309
60,final,4.0,2.0,38.24233978729378,39.42008621053662,-0.2944366058107093,-0.309
60,final,4.0,4.0,37.576319957432354,39.891828105161174,-0.2894385184661026,-0.309
60,fine,1.0,0.25,38.80886959332546,38.96426520358373,-0.31079122051653485,-0.309
60,fine,1.0,0.5,38.73593091851785,39.03274438089655,-0.2968134623787009,-0.309
60,fine,1.0,1.0,38.57809004056183,39.17763375913247,-0.29977185928531824,-0.309
60,fine,1.0,2.0,38.2444595089885,39.461006099944136,-0.30413664773890936,-0.309
60,fine,1.0,4.0,37.55293728533871,39.935053286836144,-0.2977645001871796,-0.309
60,fine,2.0,0.25,38.80729588168304,38.95839144198691,-0.3021911206077448,-0.309
60,fine,2.0,0.5,38.73045453457307,39.032346934746165,-0.30189240017309515,-0.309
60,fine,2.0,1.0,38.57346282985944,39.17649760942684,-0.3015173897837009,-0.309
60,fine,2.0,2.0,38.24845919087804,39.449887322509795,-0.30035703290793947,-0.309
60,fine,2.0,4.0,37.57537019157635,39.917418484944776,-0.29275603667105354,-0.309
60,fine,4.0,0.25,38.7962256559129,38.94449395055197,-0.29653658927814774,-0.309
60,fine,4.0,0.5,38.71863608811695,39.01877163325044,-0.30013554513348595,-0.309
60,fine,4.0,1.0,38.56424523907923,39.16025801004396,-0.2980063854823669,-0.309
60,fine,4.0,2.0,38.2437821855378,39.429959007702436,-0.29654420554115823,-0.309
60,fine,4.0,4.0,37.566626126334086,39.90716818913891,-0.29256775785060274,-0.309
