run,group,q,seed,role,update,local,evaluation_path,arrays_path,source_path,history_path,theory_g1,theory_g2_d0,final_overall_pass,final_concentration_pass,final_joint_pass,final_dreach,final_exp_root,C_all,e1,e1_signed_error,e1_abs_error,e1_relative_pct,full_d2_mae,full_d2_rmse,full_d2_max_abs,full_d2_n_nodes_per_role,domain_half,recovery_grid_step,positive_mae,positive_rmse,positive_max_abs,positive_n_nodes_per_role,e2_d0,peak_d0_signed_error,peak_d0_abs_error,peak_d0_relative_pct,actual_grid_peak,actual_grid_peak_location_role1,actual_grid_peak_location_role2,actual_peak_abs_location,tail_mean,tail_max,symmetry_mean_abs,symmetry_max_abs,onpath_expected_e2,onpath_expected_signed_error,onpath_expected_abs_error,onpath_mae,onpath_rmse,cross_stage_signed_gap,cross_stage_abs_gap,cross_stage_relative_pct,refined_grid_expected_e2,refined_grid_onpath_mae,refined_grid_onpath_rmse,refined_cross_stage_signed_gap,onpath_saved_grid05_minus_gl64_expected_e2,onpath_grid0625_minus_gl64_expected_e2,onpath_grid0625_minus_grid0125_expected_e2,onpath_saved_grid05_minus_gl64_mae,onpath_grid0625_minus_gl64_mae,onpath_grid0625_minus_grid0125_mae,onpath_saved_grid05_minus_gl64_rmse,onpath_grid0625_minus_gl64_rmse,onpath_grid0625_minus_grid0125_rmse
tel_q50_s10001,F1_A400_const_first_eligible,50,10001,first_eligible,1500,500,experiments/two_stage_formal_T2_20260915/F1_A400_const_first_eligible/tel_q50_s10001/final_eval.json,experiments/two_stage_formal_T2_20260915/F1_A400_const_first_eligible/tel_q50_s10001/arrays.npz,experiments/two_stage_formal_T2_20260915/F1_A400_const_first_eligible/tel_q50_s10001/checkpoint.pt,experiments/two_stage_formal_T2_20260915/F1_A400_const_first_eligible/tel_q50_s10001/train_history.json,46.666666666666664,70.0,True,True,True,0.0068503664346709625,0.002231416604252856,0.03388283670751929,49.587058863946886,2.920392197280222,2.920392197280222,6.25798327988619,5.3705295951076915,6.0266040427865954,10.320095638600582,801,200.0,0.5,3.3195069738435152,4.101521111784699,10.06878246468019,399,60.43195839251598,-9.56804160748402,9.56804160748402,13.668630867834313,60.45368857047757,-2.0,2.0,2.0,7.406246077407209,10.320095638600582,1.7623478765493117,5.287526456819066,45.96537213819983,-0.7012945284668319,0.7012945284668319,3.2084463935740732,3.9584206877806807,3.621686725747054,3.621686725747054,7.760757269457973,45.96537559281654,3.2117347861409655,3.9584313533598725,3.621683271130344,0.00021222212701133003,3.4546167100302227e-06,-1.000152299468482e-05,0.0036318488962598927,0.003288392566892284,-1.334061903435213e-05,0.0007038414936650916,1.0665579191826424e-05,-3.295908008427162e-05
tel_q50_s10002,F1_A400_const_first_eligible,50,10002,first_eligible,2000,1000,experiments/two_stage_formal_T2_20260915/F1_A400_const_first_eligible/tel_q50_s10002/final_eval.json,experiments/two_stage_formal_T2_20260915/F1_A400_const_first_eligible/tel_q50_s10002/arrays.npz,experiments/two_stage_formal_T2_20260915/F1_A400_const_first_eligible/tel_q50_s10002/checkpoint.pt,experiments/two_stage_formal_T2_20260915/F1_A400_const_first_eligible/tel_q50_s10002/train_history.json,46.666666666666664,70.0,True,True,True,0.008767825510432536,0.0031323372637800384,0.03257192788916638,44.08111704794057,-2.585549618726091,2.585549618726091,5.540463468698767,5.752038460177713,6.336644296338806,11.12826090448494,801,200.0,0.5,4.011452455339387,4.752025912145831,10.833459648453394,399,59.50420393315151,-10.495796066848492,10.495796066848492,14.99399438121213,59.50862845099055,-1.0,1.0,1.0,7.479635017218738,11.12826090448494,1.407287299988022,5.9879273077172925,44.825577733570945,-1.841088933095719,1.841088933095719,3.869788554008289,4.638545564718735,-0.7444606856303722,0.7444606856303722,1.595272897779369,44.82558103057583,3.8714324127429274,4.638555725589009,-0.7444639826352599,0.00020550563899490726,3.297004887770072e-06,-9.578784471386825e-06,0.002105542606946287,0.0016438587346385702,-2.8436998113612333e-05,0.0006617513411857345,1.0160870274056322e-05,-3.1123976858005165e-05
tel_q50_s10003,F1_A400_const_first_eligible,50,10003,first_eligible,1400,400,experiments/two_stage_formal_T2_20260915/F1_A400_const_first_eligible/tel_q50_s10003/final_eval.json,experiments/two_stage_formal_T2_20260915/F1_A400_const_first_eligible/tel_q50_s10003/arrays.npz,experiments/two_stage_formal_T2_20260915/F1_A400_const_first_eligible/tel_q50_s10003/checkpoint.pt,experiments/two_stage_formal_T2_20260915/F1_A400_const_first_eligible/tel_q50_s10003/train_history.json,46.666666666666664,70.0,True,True,True,0.009519748728386623,0.0022826374513602588,0.0335134486314182,43.29248761375817,-3.374179052908495,3.374179052908495,7.230383684803918,6.435933682224048,7.451728422775253,12.254842338339996,801,200.0,0.5,3.312352366790093,4.27584474199002,11.95552585487109,399,59.077917718321785,-10.922082281678215,10.922082281678215,15.602974688111736,59.11942665030265,-3.0,3.0,3.0,9.536204689333871,12.254842338339996,1.8454873575901667,2.348842280665087,45.72511183587038,-0.9415548307962851,0.9415548307962851,3.291639640799583,4.198573419164254,-2.43262422211221,2.43262422211221,5.21276619024045,45.725115334632484,3.2914436305603862,4.198585084778391,-2.432627720874315,0.00020038350921680603,3.4987621049253903e-06,-9.39513157049987e-06,0.00018841260547564076,-0.00019601023919690874,-2.036851845410581e-05,0.0007558696625755701,1.1665614136902036e-05,-3.5470781721613776e-05
tel_q50_s10004,F1_A400_const_first_eligible,50,10004,first_eligible,1400,400,experiments/two_stage_formal_T2_20260915/F1_A400_const_first_eligible/tel_q50_s10004/final_eval.json,experiments/two_stage_formal_T2_20260915/F1_A400_const_first_eligible/tel_q50_s10004/arrays.npz,experiments/two_stage_formal_T2_20260915/F1_A400_const_first_eligible/tel_q50_s10004/checkpoint.pt,experiments/two_stage_formal_T2_20260915/F1_A400_const_first_eligible/tel_q50_s10004/train_history.json,46.666666666666664,70.0,True,True,True,0.008347358353055223,0.002758255856053715,0.03399559732960881,42.591716447134054,-4.07495021953261,4.07495021953261,8.732036184712737,5.3081415931820715,6.064775854061472,11.694945551575977,801,200.0,0.5,3.0941263137258495,4.086221643094362,11.694945551575977,399,58.30505444842402,-11.694945551575977,11.694945551575977,16.707065073679967,58.31106916522416,-1.0,1.0,1.0,7.505634370552801,9.605440966261993,1.509954296360709,5.568812609272356,44.74880102377794,-1.9178656428887209,1.9178656428887209,3.3334215886775507,4.453967116471176,-2.1570845766438893,2.1570845766438893,4.622324092808334,44.74880480285177,3.3327860409556394,4.453979242280002,-2.1570883557177183,0.0002050875522954243,3.7790738289800174e-06,-9.640634608842902e-06,-0.0003238142762569396,-0.0006355477219113226,-1.7411859057681056e-05,0.0007892691318485134,1.2125808825480533e-05,-3.69887672553304e-05
tel_q50_s10009,F1_A400_const_first_eligible,50,10009,first_eligible,1500,500,experiments/two_stage_formal_T2_20260915/F1_A400_const_first_eligible/tel_q50_s10009/final_eval.json,experiments/two_stage_formal_T2_20260915/F1_A400_const_first_eligible/tel_q50_s10009/arrays.npz,experiments/two_stage_formal_T2_20260915/F1_A400_const_first_eligible/tel_q50_s10009/checkpoint.pt,experiments/two_stage_formal_T2_20260915/F1_A400_const_first_eligible/tel_q50_s10009/train_history.json,46.666666666666664,70.0,True,True,True,0.006855379717029764,0.002200199592963359,0.033052256094147,42.874302525291284,-3.79236414137538,3.79236414137538,8.126494588661528,6.105764784955652,6.792591487208422,10.530750282323762,801,200.0,0.5,3.828482879781328,4.567653663647278,10.219220879723231,399,63.02228677381079,-6.977713226189209,6.977713226189209,9.96816175169887,63.33073425170354,-6.0,6.0,6.0,8.366052049046585,10.530750282323762,3.431415544418189,11.391850650758677,46.55566521361105,-0.11100145305561426,0.11100145305561426,3.7525244249422176,4.502840410432493,-3.6813626883197657,3.6813626883197657,7.888634332113784,46.55566884735789,3.751103053432068,4.50284736462455,-3.6813663220666086,0.00022339523474101952,3.6337468429792352e-06,-1.0496583009000915e-05,-0.0010084998425048397,-0.0014213715101494273,-7.98490102482674e-06,0.00043246959534926077,6.954192056873865e-06,-2.0301030814628973e-05
tel_q50_s10013,F1_A400_const_first_eligible,50,10013,first_eligible,2000,1000,experiments/two_stage_formal_T2_20260915/F1_A400_const_first_eligible/tel_q50_s10013/final_eval.json,experiments/two_stage_formal_T2_20260915/F1_A400_const_first_eligible/tel_q50_s10013/arrays.npz,experiments/two_stage_formal_T2_20260915/F1_A400_const_first_eligible/tel_q50_s10013/checkpoint.pt,experiments/two_stage_formal_T2_20260915/F1_A400_const_first_eligible/tel_q50_s10013/train_history.json,46.666666666666664,70.0,True,True,True,0.005787643283865496,0.001201845429528614,0.030329578635252954,47.053958432466,0.38729176579933267,0.38729176579933267,0.8299109267128557,5.132189009462173,5.791605104401915,9.475507515028461,801,200.0,0.5,3.0820919722356885,3.761125715329958,9.22452187840698,399,61.177146133518335,-8.822853866481665,8.822853866481665,12.604076952116666,61.24880253721859,-3.0,3.0,3.0,7.166986815067564,9.475507515028461,2.0741888749022186,4.7909537551520955,46.44086332382143,-0.22580334284523218,0.22580334284523218,3.0324841048251816,3.6464084545532938,0.6130951086445648,0.6130951086445648,1.3137752328097818,46.44086742443719,3.0346573716799066,3.6464198966828745,0.6130910080288103,0.00021732730919410415,4.100615754509818e-06,-1.0078661233592356e-05,0.002431210425726249,0.0021732668547249645,-1.4116982297807112e-05,0.0007025504331870103,1.1442129580707672e-05,-3.301291672919149e-05
tel_q50_s10014,F1_A400_const_first_eligible,50,10014,first_eligible,1300,300,experiments/two_stage_formal_T2_20260915/F1_A400_const_first_eligible/tel_q50_s10014/final_eval.json,experiments/two_stage_formal_T2_20260915/F1_A400_const_first_eligible/tel_q50_s10014/arrays.npz,experiments/two_stage_formal_T2_20260915/F1_A400_const_first_eligible/tel_q50_s10014/checkpoint.pt,experiments/two_stage_formal_T2_20260915/F1_A400_const_first_eligible/tel_q50_s10014/train_history.json,46.666666666666664,70.0,True,True,True,0.008776859852617114,0.0013253206027747932,0.03526064190565037,45.89343536607933,-0.7732313005873337,0.7732313005873337,1.6569242155442865,4.262374555931306,4.6678688983392105,8.633339475597271,801,200.0,0.5,3.430788723346565,4.140669248576695,8.633339475597271,399,63.89190032832531,-6.108099671674687,6.108099671674687,8.725856673820982,63.981204177361704,-2.5,2.5,2.5,5.087754524093773,7.421446653238393,1.2576748658860188,4.626607685954433,45.20005035323945,-1.4666163134272168,1.4666163134272168,3.0626544358009866,3.7700214617671484,0.6933850128398831,0.6933850128398831,1.4858250275140352,45.20005429906187,3.0661271749116104,3.770028333287435,0.6933810670174623,0.00023683192114276608,3.945822420803324e-06,-1.1071235007875657e-05,0.0035353764523708975,0.003472739110623735,-9.023983646994083e-06,0.00046465093032432847,6.871520286555466e-06,-2.178334067526322e-05
tel_q50_s10017,F1_A400_const_first_eligible,50,10017,first_eligible,1100,100,experiments/two_stage_formal_T2_20260915/F1_A400_const_first_eligible/tel_q50_s10017/final_eval.json,experiments/two_stage_formal_T2_20260915/F1_A400_const_first_eligible/tel_q50_s10017/arrays.npz,experiments/two_stage_formal_T2_20260915/F1_A400_const_first_eligible/tel_q50_s10017/checkpoint.pt,experiments/two_stage_formal_T2_20260915/F1_A400_const_first_eligible/tel_q50_s10017/train_history.json,46.666666666666664,70.0,True,True,True,0.009481664805117584,0.0018434350094119756,0.03646066661856768,44.37907907034541,-2.287587596321252,2.287587596321252,4.901973420688398,6.484323246835657,7.5083793074114284,11.294789418707763,801,200.0,0.5,3.2221942934876613,4.1677837017512855,10.981544932114462,399,60.10962649432202,-9.890373505677978,9.890373505677978,14.129105008111397,60.11021812425893,0.5,-0.5,0.5,9.722107954263144,11.294789418707763,0.9484912572862596,1.4827941431567844,44.193933653402375,-2.472733013264289,2.472733013264289,2.8771679638510057,3.8171327859585245,0.18514541694303688,0.18514541694303688,0.39674017916365045,44.19393694040971,2.876501684841063,3.817144658595361,0.18514212993569856,0.00020381782781697666,3.2870073383151066e-06,-9.482753014822265e-06,-0.0003422355034712332,-0.0006662790099425386,-1.311886896138148e-05,0.000741472652090458,1.1872636836329775e-05,-3.47400346223381e-05
tel_q50_s10018,F1_A400_const_first_eligible,50,10018,first_eligible,1200,200,experiments/two_stage_formal_T2_20260915/F1_A400_const_first_eligible/tel_q50_s10018/final_eval.json,experiments/two_stage_formal_T2_20260915/F1_A400_const_first_eligible/tel_q50_s10018/arrays.npz,experiments/two_stage_formal_T2_20260915/F1_A400_const_first_eligible/tel_q50_s10018/checkpoint.pt,experiments/two_stage_formal_T2_20260915/F1_A400_const_first_eligible/tel_q50_s10018/train_history.json,46.666666666666664,70.0,True,True,True,0.008852107796139874,0.0023378154087717595,0.03765086353028607,49.23157853875373,2.564911872087066,2.564911872087066,5.496239725900856,5.978482491945986,6.748305731953847,10.984971994595735,801,200.0,0.5,3.5287071516106776,4.181016380428617,10.674213294933322,399,60.66312923776081,-9.336870762239187,9.336870762239187,13.338386803198839,60.756462052322405,3.0,-3.0,3.0,8.409975926756404,10.984971994595735,2.923991871946177,4.221224217473221,44.25355495778962,-2.4131117088770466,2.4131117088770466,3.3311166847790936,3.975864059343797,4.978023580964113,4.978023580964113,10.667193387780241,44.25355828766921,3.331496754417272,3.9758745420924435,4.978020251084523,0.00021385846651611473,3.3298795898417666e-06,-9.948765544720573e-06,0.000786467646723743,0.00038006963817860395,-1.1778959700947667e-05,0.000682961475466648,1.0482748646456486e-05,-3.2148179634372553e-05
tel_q50_s10019,F1_A400_const_first_eligible,50,10019,first_eligible,1700,700,experiments/two_stage_formal_T2_20260915/F1_A400_const_first_eligible/tel_q50_s10019/final_eval.json,experiments/two_stage_formal_T2_20260915/F1_A400_const_first_eligible/tel_q50_s10019/arrays.npz,experiments/two_stage_formal_T2_20260915/F1_A400_const_first_eligible/tel_q50_s10019/checkpoint.pt,experiments/two_stage_formal_T2_20260915/F1_A400_const_first_eligible/tel_q50_s10019/train_history.json,46.666666666666664,70.0,True,True,True,0.009408828710227302,0.004400582813939069,0.031720679681410305,48.697067876310186,2.0304012096435216,2.0304012096435216,4.3508597349504035,5.071406774182093,6.004210578532122,14.45003593002297,801,200.0,0.5,3.963948216033911,5.751733977748901,14.45003593002297,399,63.61567889104529,-6.384321108954708,6.384321108954708,9.120458727078155,64.67674247143825,-13.0,13.0,13.0,6.170600716224692,10.018892802043109,3.178403269796859,13.725213327069739,49.083115822826244,2.4164491561595796,2.4164491561595796,4.194105656839097,6.120396615548632,-0.386047946516058,0.386047946516058,0.8272455996772672,49.08311981835334,4.195584018425116,6.120401407324114,-0.38605194204315296,0.00022831399166989286,3.9955270949576516e-06,-1.0686326447739702e-05,0.0018801400721226713,0.0014783615860185506,-2.3930219214207682e-05,0.0002911183005265272,4.791775482182459e-06,-1.3712562212830903e-05
tel_q60_s10001,F1_A400_const_first_eligible,60,10001,first_eligible,1300,300,experiments/two_stage_formal_T2_20260915/F1_A400_const_first_eligible/tel_q60_s10001/final_eval.json,experiments/two_stage_formal_T2_20260915/F1_A400_const_first_eligible/tel_q60_s10001/arrays.npz,experiments/two_stage_formal_T2_20260915/F1_A400_const_first_eligible/tel_q60_s10001/checkpoint.pt,experiments/two_stage_formal_T2_20260915/F1_A400_const_first_eligible/tel_q60_s10001/train_history.json,38.888888888888886,58.33333333333333,True,True,True,0.00992883233985492,0.002608976677629049,0.033760276311207184,40.7028547785314,1.8139658896425175,1.8139658896425175,4.664483716223617,6.514747505049165,7.347756180630406,11.78105026210215,881,220.0,0.5,4.562164057788528,5.223115338599741,11.543609718943546,479,57.77297666860308,-0.56035666473025,0.56035666473025,0.9606114252518573,57.81396647944959,-2.5,2.5,2.5,8.841333254397037,11.78105026210215,3.5430335710559144,5.606217486451718,39.09272288427854,0.20383399538965108,0.20383399538965108,4.234863994600632,4.821738713519644,1.6101318942528664,1.6101318942528664,4.140339156650228,39.09272461055369,4.232166673870796,4.821739211133037,1.6101301679777151,0.00013992343904334348,1.726275151270329e-06,-6.540981999592077e-06,-0.002635847260599178,-0.0026973207298359725,-9.590666701697614e-06,-7.1286941114578894e-06,4.97613393157792e-07,3.1780248122004195e-07
tel_q60_s10002,F1_A400_const_first_eligible,60,10002,first_eligible,1100,100,experiments/two_stage_formal_T2_20260915/F1_A400_const_first_eligible/tel_q60_s10002/final_eval.json,experiments/two_stage_formal_T2_20260915/F1_A400_const_first_eligible/tel_q60_s10002/arrays.npz,experiments/two_stage_formal_T2_20260915/F1_A400_const_first_eligible/tel_q60_s10002/checkpoint.pt,experiments/two_stage_formal_T2_20260915/F1_A400_const_first_eligible/tel_q60_s10002/train_history.json,38.888888888888886,58.33333333333333,True,True,True,0.009693073253989215,0.0022644849055996064,0.03605927931124713,40.13553782670465,1.2466489378157632,1.2466489378157632,3.2056686972405344,7.4928225140979094,8.515443010827713,12.023412614078989,881,220.0,0.5,4.494646287128172,5.506195035156832,11.811415917729116,479,58.308375507310885,-0.024957826022443896,0.024957826022443896,0.042784844609903824,58.897382329948066,-9.5,9.5,9.5,11.065276277079262,12.023412614078989,2.0087683882002185,6.103329867643858,42.12916148380491,3.2402725949160214,3.2402725949160214,4.463010486964885,5.444212906963752,-1.9936236571002581,1.9936236571002581,5.126460832543521,42.12916303041637,4.462908459471064,5.444211721929744,-1.9936252037117228,0.0001339384496503726,1.5466114646756068e-06,-6.327754597634794e-06,-0.00015257043497118872,-0.00010202749382060006,-1.5732877404417422e-05,-3.6759262561858463e-05,-1.1850340086994038e-06,1.7157928393629618e-06
tel_q60_s10003,F1_A400_const_first_eligible,60,10003,first_eligible,1400,400,experiments/two_stage_formal_T2_20260915/F1_A400_const_first_eligible/tel_q60_s10003/final_eval.json,experiments/two_stage_formal_T2_20260915/F1_A400_const_first_eligible/tel_q60_s10003/arrays.npz,experiments/two_stage_formal_T2_20260915/F1_A400_const_first_eligible/tel_q60_s10003/checkpoint.pt,experiments/two_stage_formal_T2_20260915/F1_A400_const_first_eligible/tel_q60_s10003/train_history.json,38.888888888888886,58.33333333333333,True,True,True,0.008939689208428359,0.002692358689398655,0.03271054658662221,37.63651140284306,-1.2523774860458232,1.2523774860458232,3.2203992498321172,6.55586090739783,7.318912070709073,11.917456445555167,881,220.0,0.5,4.83752876138078,5.936240300535699,11.917456445555167,479,46.41587688777816,-11.917456445555167,11.917456445555167,20.42992533523743,46.51884846612486,5.5,-5.5,5.5,8.603326325164414,11.611609703197166,2.9870371567804734,8.710035419313819,34.43570162124248,-4.453187267646406,4.453187267646406,4.960132937347054,6.075900195687422,3.200809781600583,3.200809781600583,8.230653724115786,34.43570298760979,4.959628991884902,6.075905761952876,3.2008084152332756,0.00010302946810725189,1.3663673072983329e-06,-4.8207141034595224e-06,-0.0003788286022095022,-0.0005039454621522665,-9.267198171514224e-06,0.00033737739667571987,5.566265453893493e-06,-1.576272989289862e-05
tel_q60_s10004,F1_A400_const_first_eligible,60,10004,first_eligible,2000,1000,experiments/two_stage_formal_T2_20260915/F1_A400_const_first_eligible/tel_q60_s10004/final_eval.json,experiments/two_stage_formal_T2_20260915/F1_A400_const_first_eligible/tel_q60_s10004/arrays.npz,experiments/two_stage_formal_T2_20260915/F1_A400_const_first_eligible/tel_q60_s10004/checkpoint.pt,experiments/two_stage_formal_T2_20260915/F1_A400_const_first_eligible/tel_q60_s10004/train_history.json,38.888888888888886,58.33333333333333,True,True,True,0.00958800815060945,0.001614731587116558,0.02896207733942239,39.69958491793451,0.8106960290456229,0.8106960290456229,2.084646931831602,6.227277560412612,7.456994920394991,12.645734925043142,881,220.0,0.5,3.5200847122027943,4.368601698453881,12.406010103681458,479,48.32024751535053,-10.013085817982798,10.013085817982798,17.1652899736848,48.34918021322067,3.5,-3.5,3.5,9.453012322334262,12.645734925043142,4.473060420176396,7.606018803216774,37.50758475582482,-1.381304133064063,1.381304133064063,3.484320353831212,4.263930409377514,2.192000162109686,2.192000162109686,5.636571845424907,37.507586430661675,3.484099869671743,4.263936308867078,2.1919984872728335,0.00011117759412826445,1.67483685231673e-06,-5.1722537222076426e-06,-2.110812541156193e-05,-0.00022048415946906985,-5.86910972621979e-06,0.0003944373722717387,5.899489563532256e-06,-1.8535432880995018e-05
tel_q60_s10005,F1_A400_const_first_eligible,60,10005,first_eligible,1200,200,experiments/two_stage_formal_T2_20260915/F1_A400_const_first_eligible/tel_q60_s10005/final_eval.json,experiments/two_stage_formal_T2_20260915/F1_A400_const_first_eligible/tel_q60_s10005/arrays.npz,experiments/two_stage_formal_T2_20260915/F1_A400_const_first_eligible/tel_q60_s10005/checkpoint.pt,experiments/two_stage_formal_T2_20260915/F1_A400_const_first_eligible/tel_q60_s10005/train_history.json,38.888888888888886,58.33333333333333,True,True,True,0.009749602415921599,0.0036255494464335625,0.03433162088648614,38.52016969322479,-0.3687191956640987,0.3687191956640987,0.9481350745648254,7.385541237469857,8.304011309496902,16.40097392969951,881,220.0,0.5,5.829515510571098,7.286650768532406,16.40097392969951,479,51.11587754775283,-7.217455785580498,7.217455785580498,12.372781346709427,51.517504558175936,8.0,-8.0,8.0,9.239611693152705,11.291960686609853,5.465728274079183,19.84070111593918,34.63314447453328,-4.255744414355604,4.255744414355604,5.982085752991932,7.470675680180509,3.8870252186915053,3.8870252186915053,9.99520770520673,34.63314608970404,5.982739909224895,7.470678549798818,3.8870236035207455,0.00011973312785329426,1.615170759805551e-06,-5.668900229238716e-06,0.0007904484060912154,0.0006541562329633877,-8.628717070635616e-06,0.00015469385825905846,2.8696183091980743e-06,-7.1999128916644395e-06
tel_q60_s10006,F1_A400_const_first_eligible,60,10006,first_eligible,1100,100,experiments/two_stage_formal_T2_20260915/F1_A400_const_first_eligible/tel_q60_s10006/final_eval.json,experiments/two_stage_formal_T2_20260915/F1_A400_const_first_eligible/tel_q60_s10006/arrays.npz,experiments/two_stage_formal_T2_20260915/F1_A400_const_first_eligible/tel_q60_s10006/checkpoint.pt,experiments/two_stage_formal_T2_20260915/F1_A400_const_first_eligible/tel_q60_s10006/train_history.json,38.888888888888886,58.33333333333333,True,True,True,0.007144422878070045,0.002512918986260493,0.036272149505942444,42.247067999836034,3.358179110947148,3.358179110947148,8.635317713864096,4.6287865416655025,5.082219214116268,8.849392992972946,881,220.0,0.5,3.481874201709066,4.088328676904176,8.669850388170868,479,52.2728677476367,-6.060465585696626,6.060465585696626,10.38936957547993,52.332812074574036,-4.5,4.5,4.5,5.995381095991703,8.849392992972946,1.63648403966027,3.510451168411958,41.01692597205026,2.1280370831613737,2.1280370831613737,3.6031624824899278,4.171192497598817,1.2301420277857744,1.2301420277857744,3.1632223571634204,41.016927178898385,3.6042880804232125,4.171195602932731,1.230140820937649,0.00012825441918096203,1.2068481254345897e-06,-6.066268895210669e-06,0.0013829538683989284,0.0011255979332847055,-6.43099779829015e-06,0.0002363837457810547,3.1053339144548886e-06,-1.1102513011174153e-05
tel_q60_s10007,F1_A400_const_first_eligible,60,10007,first_eligible,1200,200,experiments/two_stage_formal_T2_20260915/F1_A400_const_first_eligible/tel_q60_s10007/final_eval.json,experiments/two_stage_formal_T2_20260915/F1_A400_const_first_eligible/tel_q60_s10007/arrays.npz,experiments/two_stage_formal_T2_20260915/F1_A400_const_first_eligible/tel_q60_s10007/checkpoint.pt,experiments/two_stage_formal_T2_20260915/F1_A400_const_first_eligible/tel_q60_s10007/train_history.json,38.888888888888886,58.33333333333333,True,True,True,0.009739653453063768,0.0017020105286681408,0.0340852137845846,38.69789703002224,-0.19099185886664571,0.19099185886664571,0.49112192279994615,6.630214611859354,7.7325909584159875,12.482760024309446,881,220.0,0.5,4.211650769938832,5.198587675700869,12.244528958697634,479,55.20305686606056,-3.130276467272772,3.130276467272772,5.366188229610467,55.35226009694072,3.5,-3.5,3.5,9.512035707083058,12.482760024309446,5.967824478104541,12.945484527186462,37.87439134652886,-1.0144975423600258,1.0144975423600258,3.716954326101515,4.659066013682421,0.82350568349338,0.82350568349338,2.117586043268692,37.87439307014347,3.7166821890606396,4.659067827607047,0.8235039598787708,0.00012857007900635153,1.7236146092614035e-06,-6.0537059027865325e-06,-0.0001055411891726088,-0.0002721370408753643,-1.4435673856283415e-06,8.031614348347205e-05,1.813924626503649e-06,-3.6700570200665084e-06
tel_q60_s10008,F1_A400_const_first_eligible,60,10008,first_eligible,1200,200,experiments/two_stage_formal_T2_20260915/F1_A400_const_first_eligible/tel_q60_s10008/final_eval.json,experiments/two_stage_formal_T2_20260915/F1_A400_const_first_eligible/tel_q60_s10008/arrays.npz,experiments/two_stage_formal_T2_20260915/F1_A400_const_first_eligible/tel_q60_s10008/checkpoint.pt,experiments/two_stage_formal_T2_20260915/F1_A400_const_first_eligible/tel_q60_s10008/train_history.json,38.888888888888886,58.33333333333333,True,True,True,0.009139704872432652,0.00321945031413029,0.03564840945833952,43.910814842355556,5.0219259534666705,5.0219259534666705,12.913523880342868,5.421380240549349,6.220314852581652,9.710734735472576,881,220.0,0.5,3.5031945002483855,4.297142071838423,9.474444814066533,479,52.95863598134414,-5.374697351989191,5.374697351989191,9.21376688912433,53.0600292388398,-4.0,4.0,4.0,7.706979667425371,9.710734735472576,2.653561351353767,4.463846478867644,37.23272499843982,-1.656163890449065,1.656163890449065,2.981877067563799,3.761144401145053,6.6780898439157355,6.6780898439157355,17.172231027211893,37.23272666871458,2.978974394860998,3.7611481950129604,6.67808817364098,0.0001282678515011071,1.6702747558383635e-06,-6.026681049320359e-06,-0.002631864996013533,-0.002902672702800757,-1.0975608401686543e-05,0.0002245224415706737,3.793867907386783e-06,-1.0444596701297826e-05
tel_q60_s10009,F1_A400_const_first_eligible,60,10009,first_eligible,1900,900,experiments/two_stage_formal_T2_20260915/F1_A400_const_first_eligible/tel_q60_s10009/final_eval.json,experiments/two_stage_formal_T2_20260915/F1_A400_const_first_eligible/tel_q60_s10009/arrays.npz,experiments/two_stage_formal_T2_20260915/F1_A400_const_first_eligible/tel_q60_s10009/checkpoint.pt,experiments/two_stage_formal_T2_20260915/F1_A400_const_first_eligible/tel_q60_s10009/train_history.json,38.888888888888886,58.33333333333333,True,True,True,0.009710211878361963,0.003429680985283179,0.030051500392255643,40.83574722701003,1.946858338121146,1.946858338121146,5.006207155168662,7.200779638200358,8.245263486796787,13.810712345906992,881,220.0,0.5,5.564686125635975,7.010255038584445,13.810712345906992,479,45.62959147374258,-12.70374185959075,12.70374185959075,21.77784318786986,45.662524687868576,3.0,-3.0,3.0,9.150254246454933,11.793184708077847,5.235293071260193,13.083758862497938,32.967226426141764,-5.921662462747122,5.921662462747122,6.19177184301647,7.554767347365299,7.868520800868268,7.868520800868268,20.233339202232692,32.96722720727098,6.191474234554343,7.554772726993772,7.8685200197390515,0.00010243459953329648,7.811292164205952e-07,-4.870781083354814e-06,-0.00012398369358024297,-0.000297608462126675,-7.51849394475812e-06,0.00029603927873900204,5.379628472468312e-06,-1.3803707343384986e-05
tel_q60_s10010,F1_A400_const_first_eligible,60,10010,first_eligible,1100,100,experiments/two_stage_formal_T2_20260915/F1_A400_const_first_eligible/tel_q60_s10010/final_eval.json,experiments/two_stage_formal_T2_20260915/F1_A400_const_first_eligible/tel_q60_s10010/arrays.npz,experiments/two_stage_formal_T2_20260915/F1_A400_const_first_eligible/tel_q60_s10010/checkpoint.pt,experiments/two_stage_formal_T2_20260915/F1_A400_const_first_eligible/tel_q60_s10010/train_history.json,38.888888888888886,58.33333333333333,True,True,True,0.009384422585124952,0.003925948616207098,0.03555574283407778,34.11948126707263,-4.769407621816256,4.769407621816256,12.264191027527518,6.185063123773396,6.780469448276228,9.629016919799515,881,220.0,0.5,4.344775395740694,5.0159226880893035,9.562024177820192,479,48.77130915551314,-9.562024177820192,9.562024177820192,16.39204144769176,48.77407754143924,1.0,-1.0,1.0,8.377843774837237,9.629016919799515,1.2363233451279687,2.746201346283602,34.80358056044618,-4.085308328442707,4.085308328442707,4.262624167660327,4.959984411087453,-0.6840992933735492,0.6840992933735492,1.7591124686748412,34.803582210971,4.262190109967543,4.9599899041121205,-0.6841009438983718,0.00011498000450416157,1.6505248225939795e-06,-5.309557707278145e-06,-0.0002557824960423005,-0.00043405769278415107,-8.241973000089331e-06,0.00032903420894747626,5.493024667124757e-06,-1.552681683136825e-05
tel_q60_s10011,F1_A400_const_first_eligible,60,10011,first_eligible,1200,200,experiments/two_stage_formal_T2_20260915/F1_A400_const_first_eligible/tel_q60_s10011/final_eval.json,experiments/two_stage_formal_T2_20260915/F1_A400_const_first_eligible/tel_q60_s10011/arrays.npz,experiments/two_stage_formal_T2_20260915/F1_A400_const_first_eligible/tel_q60_s10011/checkpoint.pt,experiments/two_stage_formal_T2_20260915/F1_A400_const_first_eligible/tel_q60_s10011/train_history.json,38.888888888888886,58.33333333333333,True,True,True,0.009550921312512672,0.003191793438720225,0.03332217079638767,36.382956539967616,-2.50593234892127,2.50593234892127,6.443826040083267,6.770513805187504,7.6398931499115275,11.958609151181816,881,220.0,0.5,4.099433729338818,4.887405405076067,11.745561080432912,479,56.563906954730776,-1.769426378602553,1.769426378602553,3.0333023633186627,56.72517927017571,5.0,-5.0,5.0,9.953218671683823,11.958609151181816,2.4185250930917945,9.72404390297784,40.17297689881039,1.2840880099215042,1.2840880099215042,3.760136924996671,4.5008134271661575,-3.7900203588427743,3.7900203588427743,9.745766637024278,40.17297927534048,3.760825660058697,4.500814251885424,-3.7900227353728653,0.00013251315643003636,2.376530090941742e-06,-6.1894117138194815e-06,0.0007581198494661656,0.0006887350620261579,2.9385597963837995e-06,2.8933159094357563e-05,8.247192662125258e-07,-1.3617011722644179e-06
tel_q60_s10012,F1_A400_const_first_eligible,60,10012,first_eligible,1400,400,experiments/two_stage_formal_T2_20260915/F1_A400_const_first_eligible/tel_q60_s10012/final_eval.json,experiments/two_stage_formal_T2_20260915/F1_A400_const_first_eligible/tel_q60_s10012/arrays.npz,experiments/two_stage_formal_T2_20260915/F1_A400_const_first_eligible/tel_q60_s10012/checkpoint.pt,experiments/two_stage_formal_T2_20260915/F1_A400_const_first_eligible/tel_q60_s10012/train_history.json,38.888888888888886,58.33333333333333,True,True,True,0.007581104051211929,0.0017075004990660947,0.032673022840828556,37.875437167798964,-1.0134517210899219,1.0134517210899219,2.606018711374085,6.005509304410528,6.786770098210009,10.6017975654867,881,220.0,0.5,3.7536385815086617,4.448033338561135,10.36840667852077,479,50.13152947574673,-8.201803857586597,8.201803857586597,14.060235184434166,50.1333995810211,1.0,-1.0,1.0,8.688708499112005,10.6017975654867,2.025752191366235,4.702115819295592,39.73451965395864,0.8456307650697568,0.8456307650697568,3.849341910998005,4.45633205776611,-1.8590824861596786,1.8590824861596786,4.7804978215534595,39.73452052580974,3.8467468827798212,4.456336424754515,-1.8590833580107784,0.00011686151216139251,8.71851099759624e-07,-5.581882092542401e-06,-0.00243817425486359,-0.0025950282181836926,-1.0124802093613994e-05,0.0003026972338737721,4.3669884055574926e-06,-1.4244731482371265e-05
tel_q60_s10013,F1_A400_const_first_eligible,60,10013,first_eligible,1200,200,experiments/two_stage_formal_T2_20260915/F1_A400_const_first_eligible/tel_q60_s10013/final_eval.json,experiments/two_stage_formal_T2_20260915/F1_A400_const_first_eligible/tel_q60_s10013/arrays.npz,experiments/two_stage_formal_T2_20260915/F1_A400_const_first_eligible/tel_q60_s10013/checkpoint.pt,experiments/two_stage_formal_T2_20260915/F1_A400_const_first_eligible/tel_q60_s10013/train_history.json,38.888888888888886,58.33333333333333,True,True,True,0.008269330365493766,0.0016388320922129385,0.035834850585361976,39.819236083662766,0.93034719477388,0.93034719477388,2.392321357989977,6.768365039716502,7.694635449660401,11.478983332009008,881,220.0,0.5,3.979924737773649,4.775338182850197,11.278982268399815,479,56.4266756432395,-1.9066576900938301,1.9066576900938301,3.2685560401608518,56.55017608407799,-4.5,4.5,4.5,10.090909578598659,11.478983332009008,2.102641251944181,5.886673644095318,41.16135369282776,2.272464803938874,2.272464803938874,3.691997439611055,4.346623068596546,-1.342117609164994,1.342117609164994,3.4511595664242707,41.161355628496224,3.693128520589884,4.346624089383984,-1.3421195448334586,0.00013086499935610618,1.9356684646254507e-06,-6.091100786420611e-06,0.0012776076863332264,0.0011310809788289689,-7.715997178969758e-06,3.4769665992584464e-05,1.0207874376888526e-06,-1.5701072317853004e-06
tel_q60_s10014,F1_A400_const_first_eligible,60,10014,first_eligible,1400,400,experiments/two_stage_formal_T2_20260915/F1_A400_const_first_eligible/tel_q60_s10014/final_eval.json,experiments/two_stage_formal_T2_20260915/F1_A400_const_first_eligible/tel_q60_s10014/arrays.npz,experiments/two_stage_formal_T2_20260915/F1_A400_const_first_eligible/tel_q60_s10014/checkpoint.pt,experiments/two_stage_formal_T2_20260915/F1_A400_const_first_eligible/tel_q60_s10014/train_history.json,38.888888888888886,58.33333333333333,True,True,True,0.009402206091116694,0.0035091742795014813,0.034609397053931,44.41726641825554,5.528377529366651,5.528377529366651,14.215827932657103,6.145400873617217,6.805774236659285,10.28817086591041,881,220.0,0.5,4.129403123563547,4.850757197409292,10.06995004717098,479,51.96869486851209,-6.36463846482124,6.36463846482124,10.910808796836413,52.19931670127821,6.0,-6.0,6.0,8.547547446442362,10.28817086591041,2.29860866617623,8.200208859826528,36.54787374180712,-2.3410151470817624,2.3410151470817624,3.757393251820563,4.455609093345189,7.869392676448413,7.869392676448413,20.235581168010206,36.547875032403184,3.7597329367015933,4.455612850866348,7.869391385852353,0.00012253644620585646,1.2905960602438427e-06,-5.807100386334696e-06,0.002600319977771992,0.0023396848810302018,-8.678328713429551e-07,0.0002253770474940353,3.7575211591089897e-06,-1.0467717288520362e-05
tel_q60_s10015,F1_A400_const_first_eligible,60,10015,first_eligible,1200,200,experiments/two_stage_formal_T2_20260915/F1_A400_const_first_eligible/tel_q60_s10015/final_eval.json,experiments/two_stage_formal_T2_20260915/F1_A400_const_first_eligible/tel_q60_s10015/arrays.npz,experiments/two_stage_formal_T2_20260915/F1_A400_const_first_eligible/tel_q60_s10015/checkpoint.pt,experiments/two_stage_formal_T2_20260915/F1_A400_const_first_eligible/tel_q60_s10015/train_history.json,38.888888888888886,58.33333333333333,True,True,True,0.008437681742762937,0.0022983228020700963,0.03495630884956997,41.49749114002375,2.6086022511348617,2.6086022511348617,6.707834360061074,6.758539444589954,7.8184512137671485,12.745895311976822,881,220.0,0.5,3.8425048199751766,4.508217723232302,12.51050981397201,479,56.92911571691084,-1.4042176164224855,1.4042176164224855,2.407230199581404,56.93097109842934,0.5,-0.5,0.5,10.23311801471552,12.745895311976822,3.0654031200945426,4.61040862559677,39.89570393746739,1.0068150485785026,1.0068150485785026,3.4283774750773293,3.9031838934198007,1.601787202556359,1.601787202556359,4.118881378002067,39.895705336469376,3.426418995536786,3.9031836183871764,1.601785803554371,0.0001324567436213897,1.3990019880338878e-06,-6.232064350797373e-06,-0.0019832298137627546,-0.001958479540543401,-5.885849404307919e-06,1.572369871727375e-05,-2.7503262423067554e-07,-8.406255007642471e-07
tel_q60_s10016,F1_A400_const_first_eligible,60,10016,first_eligible,1200,200,experiments/two_stage_formal_T2_20260915/F1_A400_const_first_eligible/tel_q60_s10016/final_eval.json,experiments/two_stage_formal_T2_20260915/F1_A400_const_first_eligible/tel_q60_s10016/arrays.npz,experiments/two_stage_formal_T2_20260915/F1_A400_const_first_eligible/tel_q60_s10016/checkpoint.pt,experiments/two_stage_formal_T2_20260915/F1_A400_const_first_eligible/tel_q60_s10016/train_history.json,38.888888888888886,58.33333333333333,True,True,True,0.006930188771084311,0.0030738089950191894,0.03494009570184529,33.60359664928064,-5.285292239608246,5.285292239608246,13.590751473278349,5.411630266125305,6.225478362161497,10.219700101924872,881,220.0,0.5,3.41683835704272,4.130299882159469,9.984457086317505,479,52.70479231774787,-5.628541015585462,5.628541015585462,9.648927455289364,53.18156605199051,-10.0,10.0,10.0,7.788509182668981,10.219700101924872,3.1102421414651253,4.773953583689636,38.54641647825454,-0.3424724106343433,0.3424724106343433,3.0960223421774895,3.7507563330161817,-4.942819828973903,4.942819828973903,12.71010813164718,38.54641784478366,3.0964077060077058,3.750760417301788,-4.942821195503022,0.00012632742988216705,1.3665291191955475e-06,-5.9331610344770525e-06,0.0005977844950599831,0.00038536383021625653,-9.02947556280509e-06,0.00023450764185373174,4.084285606165139e-06,-1.0896419452510742e-05
tel_q60_s10018,F1_A400_const_first_eligible,60,10018,first_eligible,1400,400,experiments/two_stage_formal_T2_20260915/F1_A400_const_first_eligible/tel_q60_s10018/final_eval.json,experiments/two_stage_formal_T2_20260915/F1_A400_const_first_eligible/tel_q60_s10018/arrays.npz,experiments/two_stage_formal_T2_20260915/F1_A400_const_first_eligible/tel_q60_s10018/checkpoint.pt,experiments/two_stage_formal_T2_20260915/F1_A400_const_first_eligible/tel_q60_s10018/train_history.json,38.888888888888886,58.33333333333333,True,True,True,0.007365959882937645,0.0022799727817196525,0.03383574253958562,38.05979604520697,-0.8290928436819129,0.8290928436819129,2.1319530266106335,6.837813875181014,7.653496075698582,11.625893838303847,881,220.0,0.5,4.391126302736951,5.103909683509198,11.389682477197693,479,57.52168322353886,-0.8116501097944706,0.8116501097944706,1.3914001882190925,57.52168322353886,0.0,0.0,0.0,9.753145584635506,11.625893838303847,2.847661965092927,7.342442201647213,39.48134925888895,0.5924603700000617,0.5924603700000617,4.08836266953368,4.732744915262723,-1.4215532136819746,1.4215532136819746,3.655422549467935,39.48135170298119,4.090425569186815,4.732746536281493,-1.4215556577742205,0.0001371883192504697,2.444092245923457e-06,-6.431905326564902e-06,0.0023397069706829754,0.0020628996531346644,-9.780924152380521e-06,-2.128886258390139e-06,1.6210187698817435e-06,1.3724544523086024e-07
tel_q60_s10019,F1_A400_const_first_eligible,60,10019,first_eligible,1100,100,experiments/two_stage_formal_T2_20260915/F1_A400_const_first_eligible/tel_q60_s10019/final_eval.json,experiments/two_stage_formal_T2_20260915/F1_A400_const_first_eligible/tel_q60_s10019/arrays.npz,experiments/two_stage_formal_T2_20260915/F1_A400_const_first_eligible/tel_q60_s10019/checkpoint.pt,experiments/two_stage_formal_T2_20260915/F1_A400_const_first_eligible/tel_q60_s10019/train_history.json,38.888888888888886,58.33333333333333,True,True,True,0.008951537986054747,0.002987637860337067,0.03546293713508026,39.1431198111047,0.254230922215811,0.254230922215811,0.6537366571263712,7.452946183429915,8.234472782091535,11.954867106812564,881,220.0,0.5,5.596012821158918,6.575567673750477,11.90252028220494,479,46.43081305112839,-11.90252028220494,11.90252028220494,20.404320483779898,46.648312594407344,6.0,-6.0,6.0,9.66556081160854,11.954867106812564,4.449223483893129,8.310527995380486,33.18873879278724,-5.700150096101645,5.700150096101645,5.968950147654426,6.904665636170537,5.954381018317456,5.954381018317456,15.31126547567346,33.18874113677252,5.968694312094668,6.904669280027163,5.954378674332176,0.00010639873286066859,2.343985279651406e-06,-5.088465321989588e-06,-6.324679105684794e-05,-0.00025583555975838834,-9.335971393298337e-06,0.00029779967753285064,3.6438566262120275e-06,-1.387489948090348e-05
tel_q60_s10020,F1_A400_const_first_eligible,60,10020,first_eligible,1000,100,experiments/two_stage_formal_T2_20260915/F1_A400_const_first_eligible/tel_q60_s10020/final_eval.json,experiments/two_stage_formal_T2_20260915/F1_A400_const_first_eligible/tel_q60_s10020/arrays.npz,experiments/two_stage_formal_T2_20260915/F1_A400_const_first_eligible/tel_q60_s10020/checkpoint.pt,experiments/two_stage_formal_T2_20260915/F1_A400_const_first_eligible/tel_q60_s10020/train_history.json,38.888888888888886,58.33333333333333,False,True,False,0.01005528337171735,0.002470793793711068,0.035053993392965804,36.639995732390695,-2.248893156498191,2.248893156498191,5.7828681167096345,6.447382706671477,7.336086326709299,12.48953371638064,881,220.0,0.5,4.223359621349607,5.112386903611338,12.29227680931915,479,49.259412318431636,-9.073921014901693,9.073921014901693,15.555293168402903,49.43999564128833,-5.0,5.0,5.0,9.097400263559972,12.48953371638064,4.901957683082107,9.119094586229881,36.01431763418164,-2.8745712547072486,2.8745712547072486,3.922294397516619,4.737273195847346,0.6256780982090575,0.6256780982090575,1.6088865382518622,36.014319696784995,3.9224805422478437,4.737277892771014,0.6256760356057001,0.00011314813718854566,2.062603357444459e-06,-5.312098458887249e-06,0.00036374496301450066,0.00018614473122458008,-1.0759793587222788e-05,0.00031483026391843083,4.696923667779629e-06,-1.481084112775477e-05
