step,method,q,seed,ablation,effort_mean,theoretical_effort
0,TEL-PPO,25.0,123,pat_10,100.01996321789932,87.5
4096,TEL-PPO,25.0,123,pat_10,96.73265165090558,87.5
8192,TEL-PPO,25.0,123,pat_10,94.11663765460224,87.5
12288,TEL-PPO,25.0,123,pat_10,91.5140651296825,87.5
16384,TEL-PPO,25.0,123,pat_10,88.64024155400692,87.5
20480,TEL-PPO,25.0,123,pat_10,85.70611537387602,87.5
24576,TEL-PPO,25.0,123,pat_10,83.80721836443989,87.5
28672,TEL-PPO,25.0,123,pat_10,82.41806766716775,87.5
32768,TEL-PPO,25.0,123,pat_10,81.67001983663062,87.5
36864,TEL-PPO,25.0,123,pat_10,81.53477289015441,87.5
40960,TEL-PPO,25.0,123,pat_10,81.82178987562654,87.5
45056,TEL-PPO,25.0,123,pat_10,82.6990875331684,87.5
49152,TEL-PPO,25.0,123,pat_10,83.5649153213017,87.5
53248,TEL-PPO,25.0,123,pat_10,84.39923549769458,87.5
57344,TEL-PPO,25.0,123,pat_10,84.53224665997547,87.5
61440,TEL-PPO,25.0,123,pat_10,85.13311456423246,87.5
65536,TEL-PPO,25.0,123,pat_10,85.31694930605605,87.5
69632,TEL-PPO,25.0,123,pat_10,85.75181907368822,87.5
73728,TEL-PPO,25.0,123,pat_10,86.03886713320392,87.5
77824,TEL-PPO,25.0,123,pat_10,86.49055815814077,87.5
81920,TEL-PPO,25.0,123,pat_10,86.40833604615176,87.5
86016,TEL-PPO,25.0,123,pat_10,86.87462624441858,87.5
90112,TEL-PPO,25.0,123,pat_10,87.40844757016745,87.5
94208,TEL-PPO,25.0,123,pat_10,87.03486114740369,87.5
98304,TEL-PPO,25.0,123,pat_10,86.82802275195736,87.5
102400,TEL-PPO,25.0,123,pat_10,86.59669398237017,87.5
106496,TEL-PPO,25.0,123,pat_10,87.13070915266862,87.5
110592,TEL-PPO,25.0,123,pat_10,87.23877915367481,87.5
114688,TEL-PPO,25.0,123,pat_10,87.27634214889261,87.5
118784,TEL-PPO,25.0,123,pat_10,87.56970685534172,87.5
122880,TEL-PPO,25.0,123,pat_10,87.55715784430524,87.5
126976,TEL-PPO,25.0,123,pat_10,87.75436530448479,87.5
131072,TEL-PPO,25.0,123,pat_10,87.42123429849715,87.5
135168,TEL-PPO,25.0,123,pat_10,87.51426006667296,87.5
139264,TEL-PPO,25.0,123,pat_10,87.16733242943883,87.5
143360,TEL-PPO,25.0,123,pat_10,87.3433032706381,87.5
147456,TEL-PPO,25.0,123,pat_10,87.02672055922466,87.5
151552,TEL-PPO,25.0,123,pat_10,87.4146628128365,87.5
155648,TEL-PPO,25.0,123,pat_10,87.26892451290065,87.5
159744,TEL-PPO,25.0,123,pat_10,87.64711906388412,87.5
163840,TEL-PPO,25.0,123,pat_10,88.27229278720912,87.5
167936,TEL-PPO,25.0,123,pat_10,87.97073001321415,87.5
172032,TEL-PPO,25.0,123,pat_10,88.18918795231741,87.5
176128,TEL-PPO,25.0,123,pat_10,88.01316597685214,87.5
180224,TEL-PPO,25.0,123,pat_10,88.02937412168825,87.5
184320,TEL-PPO,25.0,123,pat_10,87.60798699595043,87.5
188416,TEL-PPO,25.0,123,pat_10,87.45693382900194,87.5
192512,TEL-PPO,25.0,123,pat_10,87.49052425287665,87.5
196608,TEL-PPO,25.0,123,pat_10,87.45356548950062,87.5
200704,TEL-PPO,25.0,123,pat_10,87.67605286370967,87.5
204800,TEL-PPO,25.0,123,pat_10,88.05696604121495,87.5
208896,TEL-PPO,25.0,123,pat_10,87.80920707900069,87.5
212992,TEL-PPO,25.0,123,pat_10,87.7902961559594,87.5
217088,TEL-PPO,25.0,123,pat_10,87.60318934917458,87.5
221184,TEL-PPO,25.0,123,pat_10,87.7017881954088,87.5
225280,TEL-PPO,25.0,123,pat_10,87.96482683811334,87.5
229376,TEL-PPO,25.0,123,pat_10,87.89211381133626,87.5
233472,TEL-PPO,25.0,123,pat_10,87.87285513710233,87.5
237568,TEL-PPO,25.0,123,pat_10,87.89348166156563,87.5
241664,TEL-PPO,25.0,123,pat_10,87.9401921210812,87.5
245760,TEL-PPO,25.0,123,pat_10,88.20047371461999,87.5
249856,TEL-PPO,25.0,123,pat_10,87.9286393634977,87.5
253952,TEL-PPO,25.0,123,pat_10,87.9841057648883,87.5
258048,TEL-PPO,25.0,123,pat_10,87.81449568923561,87.5
262144,TEL-PPO,25.0,123,pat_10,87.69601649697871,87.5
266240,TEL-PPO,25.0,123,pat_10,87.49783501401541,87.5
270336,TEL-PPO,25.0,123,pat_10,87.58900948241339,87.5
274432,TEL-PPO,25.0,123,pat_10,87.46650165505717,87.5
278528,TEL-PPO,25.0,123,pat_10,87.50296045560387,87.5
282624,TEL-PPO,25.0,123,pat_10,87.7379389498384,87.5
286720,TEL-PPO,25.0,123,pat_10,87.67389502469442,87.5
290816,TEL-PPO,25.0,123,pat_10,87.87425433099271,87.5
294912,TEL-PPO,25.0,123,pat_10,87.9311975091696,87.5
299008,TEL-PPO,25.0,123,pat_10,88.2317619007081,87.5
303104,TEL-PPO,25.0,123,pat_10,88.14032685291026,87.5
307200,TEL-PPO,25.0,123,pat_10,87.82798274979001,87.5
311296,TEL-PPO,25.0,123,pat_10,87.55664216447637,87.5
315392,TEL-PPO,25.0,123,pat_10,87.69588593766105,87.5
319488,TEL-PPO,25.0,123,pat_10,87.69518718495948,87.5
323584,TEL-PPO,25.0,123,pat_10,87.99297176580865,87.5
327680,TEL-PPO,25.0,123,pat_10,88.27066843584177,87.5
331776,TEL-PPO,25.0,123,pat_10,88.13657201640298,87.5
335872,TEL-PPO,25.0,123,pat_10,87.7440915312618,87.5
339968,TEL-PPO,25.0,123,pat_10,87.86199425440267,87.5
344064,TEL-PPO,25.0,123,pat_10,87.87425315193832,87.5
348160,TEL-PPO,25.0,123,pat_10,87.90932571608562,87.5
352256,TEL-PPO,25.0,123,pat_10,87.96802898589505,87.5
356352,TEL-PPO,25.0,123,pat_10,87.85312944184979,87.5
360448,TEL-PPO,25.0,123,pat_10,87.59051086008571,87.5
364544,TEL-PPO,25.0,123,pat_10,87.3557441225277,87.5
368640,TEL-PPO,25.0,123,pat_10,87.54346684925258,87.5
372736,TEL-PPO,25.0,123,pat_10,87.51479336060581,87.5
376832,TEL-PPO,25.0,123,pat_10,87.70415806118402,87.5
380928,TEL-PPO,25.0,123,pat_10,87.53732738271358,87.5
385024,TEL-PPO,25.0,123,pat_10,87.44716616347438,87.5
389120,TEL-PPO,25.0,123,pat_10,87.69474084768444,87.5
393216,TEL-PPO,25.0,123,pat_10,87.56265490502108,87.5
397312,TEL-PPO,25.0,123,pat_10,87.49477015808219,87.5
401408,TEL-PPO,25.0,123,pat_10,87.40526447538278,87.5
405504,TEL-PPO,25.0,123,pat_10,87.19055811129509,87.5
409600,TEL-PPO,25.0,123,pat_10,87.10396862495705,87.5
413696,TEL-PPO,25.0,123,pat_10,86.96460271254186,87.5
417792,TEL-PPO,25.0,123,pat_10,87.17748349718747,87.5
421888,TEL-PPO,25.0,123,pat_10,87.00719548296189,87.5
425984,TEL-PPO,25.0,123,pat_10,86.65496015921238,87.5
430080,TEL-PPO,25.0,123,pat_10,86.86121217813356,87.5
434176,TEL-PPO,25.0,123,pat_10,87.06513591855764,87.5
438272,TEL-PPO,25.0,123,pat_10,87.01672870758935,87.5
442368,TEL-PPO,25.0,123,pat_10,87.03407447040087,87.5
446464,TEL-PPO,25.0,123,pat_10,87.14330903161341,87.5
450560,TEL-PPO,25.0,123,pat_10,87.28848727047445,87.5
454656,TEL-PPO,25.0,123,pat_10,87.49646821524952,87.5
458752,TEL-PPO,25.0,123,pat_10,87.44020444992933,87.5
462848,TEL-PPO,25.0,123,pat_10,87.3765513841063,87.5
466944,TEL-PPO,25.0,123,pat_10,87.4140554498884,87.5
471040,TEL-PPO,25.0,123,pat_10,87.05104647763085,87.5
475136,TEL-PPO,25.0,123,pat_10,86.78616166021699,87.5
479232,TEL-PPO,25.0,123,pat_10,87.01505397818987,87.5
483328,TEL-PPO,25.0,123,pat_10,86.76659106463212,87.5
487424,TEL-PPO,25.0,123,pat_10,86.68364754877993,87.5
491520,TEL-PPO,25.0,123,pat_10,86.56122674234226,87.5
495616,TEL-PPO,25.0,123,pat_10,86.73223203513761,87.5
499712,TEL-PPO,25.0,123,pat_10,86.70244206022471,87.5
503808,TEL-PPO,25.0,123,pat_10,86.4109739633277,87.5
507904,TEL-PPO,25.0,123,pat_10,86.16174683347349,87.5
512000,TEL-PPO,25.0,123,pat_10,86.20831557176986,87.5
516096,TEL-PPO,25.0,123,pat_10,86.28873869311066,87.5
520192,TEL-PPO,25.0,123,pat_10,86.33563086669895,87.5
524288,TEL-PPO,25.0,123,pat_10,86.64766943827266,87.5
528384,TEL-PPO,25.0,123,pat_10,86.59115687850858,87.5
532480,TEL-PPO,25.0,123,pat_10,86.66401822958149,87.5
536576,TEL-PPO,25.0,123,pat_10,86.53136250935498,87.5
540672,TEL-PPO,25.0,123,pat_10,86.67904291860765,87.5
544768,TEL-PPO,25.0,123,pat_10,86.93611561320728,87.5
548864,TEL-PPO,25.0,123,pat_10,87.11702067870651,87.5
552960,TEL-PPO,25.0,123,pat_10,86.98958504851926,87.5
557056,TEL-PPO,25.0,123,pat_10,86.78094463516047,87.5
561152,TEL-PPO,25.0,123,pat_10,86.97305993456389,87.5
565248,TEL-PPO,25.0,123,pat_10,87.02779229357827,87.5
569344,TEL-PPO,25.0,123,pat_10,87.3572597391903,87.5
573440,TEL-PPO,25.0,123,pat_10,87.61146514210859,87.5
577536,TEL-PPO,25.0,123,pat_10,87.67281290981916,87.5
581632,TEL-PPO,25.0,123,pat_10,87.99647546745831,87.5
585728,TEL-PPO,25.0,123,pat_10,87.93461678177113,87.5
589824,TEL-PPO,25.0,123,pat_10,88.05589203350266,87.5
593920,TEL-PPO,25.0,123,pat_10,88.29254603758457,87.5
598016,TEL-PPO,25.0,123,pat_10,88.04158196039486,87.5
602112,TEL-PPO,25.0,123,pat_10,87.84814626164749,87.5
606208,TEL-PPO,25.0,123,pat_10,87.91534772515308,87.5
610304,TEL-PPO,25.0,123,pat_10,87.75577121134846,87.5
614400,TEL-PPO,25.0,123,pat_10,87.8213149802759,87.5
618496,TEL-PPO,25.0,123,pat_10,87.77023134566849,87.5
622592,TEL-PPO,25.0,123,pat_10,87.76708239316956,87.5
626688,TEL-PPO,25.0,123,pat_10,87.94330015685405,87.5
630784,TEL-PPO,25.0,123,pat_10,88.17707484681166,87.5
634880,TEL-PPO,25.0,123,pat_10,88.03150436282174,87.5
638976,TEL-PPO,25.0,123,pat_10,88.2670338889582,87.5
643072,TEL-PPO,25.0,123,pat_10,88.18676496297115,87.5
647168,TEL-PPO,25.0,123,pat_10,88.08233492635182,87.5
651264,TEL-PPO,25.0,123,pat_10,88.14556178916254,87.5
655360,TEL-PPO,25.0,123,pat_10,88.07382026035333,87.5
659456,TEL-PPO,25.0,123,pat_10,87.76137426402411,87.5
663552,TEL-PPO,25.0,123,pat_10,87.63805802259589,87.5
667648,TEL-PPO,25.0,123,pat_10,87.69801098667071,87.5
671744,TEL-PPO,25.0,123,pat_10,87.83998259715746,87.5
675840,TEL-PPO,25.0,123,pat_10,87.89397680200656,87.5
679936,TEL-PPO,25.0,123,pat_10,87.8955118348822,87.5
684032,TEL-PPO,25.0,123,pat_10,87.83348348923028,87.5
688128,TEL-PPO,25.0,123,pat_10,87.73600225616251,87.5
692224,TEL-PPO,25.0,123,pat_10,87.70198508538294,87.5
696320,TEL-PPO,25.0,123,pat_10,87.80545363947746,87.5
700416,TEL-PPO,25.0,123,pat_10,87.68461911659685,87.5
704512,TEL-PPO,25.0,123,pat_10,87.5664682304486,87.5
708608,TEL-PPO,25.0,123,pat_10,87.37190998438743,87.5
712704,TEL-PPO,25.0,123,pat_10,87.23879715148354,87.5
716800,TEL-PPO,25.0,123,pat_10,87.22050528321418,87.5
720896,TEL-PPO,25.0,123,pat_10,87.37141532823445,87.5
724992,TEL-PPO,25.0,123,pat_10,87.71512202173484,87.5
729088,TEL-PPO,25.0,123,pat_10,87.74857902340602,87.5
733184,TEL-PPO,25.0,123,pat_10,87.44055709242812,87.5
737280,TEL-PPO,25.0,123,pat_10,87.62257887050515,87.5
741376,TEL-PPO,25.0,123,pat_10,87.67883566673822,87.5
745472,TEL-PPO,25.0,123,pat_10,87.54209854733213,87.5
749568,TEL-PPO,25.0,123,pat_10,87.43890174198897,87.5
753664,TEL-PPO,25.0,123,pat_10,87.2565561486407,87.5
757760,TEL-PPO,25.0,123,pat_10,87.25429125968354,87.5
761856,TEL-PPO,25.0,123,pat_10,87.08710171747938,87.5
765952,TEL-PPO,25.0,123,pat_10,86.84225097205496,87.5
770048,TEL-PPO,25.0,123,pat_10,86.72363300528389,87.5
774144,TEL-PPO,25.0,123,pat_10,86.68815102800741,87.5
778240,TEL-PPO,25.0,123,pat_10,86.89254580810655,87.5
782336,TEL-PPO,25.0,123,pat_10,86.72643786668786,87.5
786432,TEL-PPO,25.0,123,pat_10,86.79465457983328,87.5
790528,TEL-PPO,25.0,123,pat_10,86.68379705771801,87.5
794624,TEL-PPO,25.0,123,pat_10,86.37820260040448,87.5
798720,TEL-PPO,25.0,123,pat_10,86.11723270919188,87.5
802816,TEL-PPO,25.0,123,pat_10,86.1319872029126,87.5
806912,TEL-PPO,25.0,123,pat_10,86.2304258849473,87.5
811008,TEL-PPO,25.0,123,pat_10,86.27587875816988,87.5
815104,TEL-PPO,25.0,123,pat_10,86.07040721923104,87.5
819200,TEL-PPO,25.0,123,pat_10,86.08555669710043,87.5
823296,TEL-PPO,25.0,123,pat_10,85.91562793310712,87.5
827392,TEL-PPO,25.0,123,pat_10,85.85867117997253,87.5
831488,TEL-PPO,25.0,123,pat_10,85.97307141497731,87.5
835584,TEL-PPO,25.0,123,pat_10,85.91455814056087,87.5
839680,TEL-PPO,25.0,123,pat_10,85.6240169582889,87.5
843776,TEL-PPO,25.0,123,pat_10,85.46428677067169,87.5
847872,TEL-PPO,25.0,123,pat_10,85.54232251830399,87.5
851968,TEL-PPO,25.0,123,pat_10,85.70272899232808,87.5
856064,TEL-PPO,25.0,123,pat_10,85.64390262775126,87.5
860160,TEL-PPO,25.0,123,pat_10,85.63891351688643,87.5
864256,TEL-PPO,25.0,123,pat_10,85.35995760094376,87.5
868352,TEL-PPO,25.0,123,pat_10,85.56455238163474,87.5
872448,TEL-PPO,25.0,123,pat_10,85.58694968838235,87.5
876544,TEL-PPO,25.0,123,pat_10,85.72243436332786,87.5
880640,TEL-PPO,25.0,123,pat_10,85.83647067472339,87.5
884736,TEL-PPO,25.0,123,pat_10,85.89983478747314,87.5
888832,TEL-PPO,25.0,123,pat_10,86.09247448109078,87.5
892928,TEL-PPO,25.0,123,pat_10,85.99115886073565,87.5
897024,TEL-PPO,25.0,123,pat_10,86.23667229060094,87.5
901120,TEL-PPO,25.0,123,pat_10,86.31065030116598,87.5
905216,TEL-PPO,25.0,123,pat_10,86.26321054995076,87.5
909312,TEL-PPO,25.0,123,pat_10,86.54020555783077,87.5
913408,TEL-PPO,25.0,123,pat_10,86.73104709573076,87.5
917504,TEL-PPO,25.0,123,pat_10,86.96225584670896,87.5
921600,TEL-PPO,25.0,123,pat_10,87.09802975505602,87.5
925696,TEL-PPO,25.0,123,pat_10,87.26829090807576,87.5
929792,TEL-PPO,25.0,123,pat_10,87.16339719016098,87.5
933888,TEL-PPO,25.0,123,pat_10,87.2317401468753,87.5
937984,TEL-PPO,25.0,123,pat_10,87.44847099483002,87.5
942080,TEL-PPO,25.0,123,pat_10,87.3712037336083,87.5
946176,TEL-PPO,25.0,123,pat_10,87.55255681276336,87.5
950272,TEL-PPO,25.0,123,pat_10,87.30920646991572,87.5
954368,TEL-PPO,25.0,123,pat_10,87.2572879130021,87.5
958464,TEL-PPO,25.0,123,pat_10,87.45960164349513,87.5
962560,TEL-PPO,25.0,123,pat_10,87.376866769977,87.5
966656,TEL-PPO,25.0,123,pat_10,87.54719235934309,87.5
970752,TEL-PPO,25.0,123,pat_10,87.50936247128978,87.5
974848,TEL-PPO,25.0,123,pat_10,87.59240637812741,87.5
978944,TEL-PPO,25.0,123,pat_10,87.38900646846729,87.5
983040,TEL-PPO,25.0,123,pat_10,87.47390161640935,87.5
987136,TEL-PPO,25.0,123,pat_10,87.57867939025166,87.5
991232,TEL-PPO,25.0,123,pat_10,87.61096093431098,87.5
995328,TEL-PPO,25.0,123,pat_10,87.60470929834989,87.5
999424,TEL-PPO,25.0,123,pat_10,87.74654607009158,87.5
1003520,TEL-PPO,25.0,123,pat_10,87.63217240385703,87.5
1007616,TEL-PPO,25.0,123,pat_10,87.5677857184781,87.5
1011712,TEL-PPO,25.0,123,pat_10,87.5410857098176,87.5
1015808,TEL-PPO,25.0,123,pat_10,87.53730776254079,87.5
1019904,TEL-PPO,25.0,123,pat_10,87.33533150609571,87.5
1024000,TEL-PPO,25.0,123,pat_10,87.40228487085537,87.5
1028096,TEL-PPO,25.0,123,pat_10,87.22452670149505,87.5
1032192,TEL-PPO,25.0,123,pat_10,87.06931333895771,87.5
1036288,TEL-PPO,25.0,123,pat_10,87.04286355990905,87.5
1040384,TEL-PPO,25.0,123,pat_10,87.06023753900078,87.5
1044480,TEL-PPO,25.0,123,pat_10,87.0524997944011,87.5
1048576,TEL-PPO,25.0,123,pat_10,86.88810554519281,87.5
1052672,TEL-PPO,25.0,123,pat_10,86.738105935976,87.5
1056768,TEL-PPO,25.0,123,pat_10,86.62225402239716,87.5
1060864,TEL-PPO,25.0,123,pat_10,86.61021438240996,87.5
1064960,TEL-PPO,25.0,123,pat_10,86.59733673091975,87.5
1069056,TEL-PPO,25.0,123,pat_10,86.37571082357304,87.5
1073152,TEL-PPO,25.0,123,pat_10,86.44163407944137,87.5
1077248,TEL-PPO,25.0,123,pat_10,86.74455408006924,87.5
1081344,TEL-PPO,25.0,123,pat_10,86.7580317314715,87.5
1085440,TEL-PPO,25.0,123,pat_10,86.50452501047415,87.5
1089536,TEL-PPO,25.0,123,pat_10,86.55992192495629,87.5
1093632,TEL-PPO,25.0,123,pat_10,86.53325088694706,87.5
1097728,TEL-PPO,25.0,123,pat_10,86.57595917861914,87.5
1101824,TEL-PPO,25.0,123,pat_10,86.78007185552258,87.5
1105920,TEL-PPO,25.0,123,pat_10,86.67620334494862,87.5
1110016,TEL-PPO,25.0,123,pat_10,86.57881888840365,87.5
1114112,TEL-PPO,25.0,123,pat_10,86.40496153105038,87.5
1118208,TEL-PPO,25.0,123,pat_10,86.24409312941128,87.5
1122304,TEL-PPO,25.0,123,pat_10,86.34450285229842,87.5
1126400,TEL-PPO,25.0,123,pat_10,86.35899326670902,87.5
1130496,TEL-PPO,25.0,123,pat_10,86.36302645504469,87.5
1134592,TEL-PPO,25.0,123,pat_10,86.22510698810217,87.5
1138688,TEL-PPO,25.0,123,pat_10,86.37127213459458,87.5
1142784,TEL-PPO,25.0,123,pat_10,86.51858555991208,87.5
1146880,TEL-PPO,25.0,123,pat_10,86.76003414858121,87.5
1150976,TEL-PPO,25.0,123,pat_10,86.93188144173476,87.5
1155072,TEL-PPO,25.0,123,pat_10,86.68029736354947,87.5
1159168,TEL-PPO,25.0,123,pat_10,86.53917534369981,87.5
1163264,TEL-PPO,25.0,123,pat_10,86.7214291291312,87.5
1167360,TEL-PPO,25.0,123,pat_10,86.9942047344521,87.5
1171456,TEL-PPO,25.0,123,pat_10,87.24573282245544,87.5
1175552,TEL-PPO,25.0,123,pat_10,87.07389775291088,87.5
1179648,TEL-PPO,25.0,123,pat_10,86.9367782035843,87.5
1183744,TEL-PPO,25.0,123,pat_10,86.90797941759206,87.5
1187840,TEL-PPO,25.0,123,pat_10,86.6394936023281,87.5
1191936,TEL-PPO,25.0,123,pat_10,86.4659118857235,87.5
1196032,TEL-PPO,25.0,123,pat_10,86.34317199978972,87.5
1200128,TEL-PPO,25.0,123,pat_10,86.48085912689587,87.5
1204224,TEL-PPO,25.0,123,pat_10,86.6391510143876,87.5
1208320,TEL-PPO,25.0,123,pat_10,86.81837589852522,87.5
1212416,TEL-PPO,25.0,123,pat_10,86.84220280218881,87.5
1216512,TEL-PPO,25.0,123,pat_10,86.98824567999677,87.5
1220608,TEL-PPO,25.0,123,pat_10,87.29848942067488,87.5
1224704,TEL-PPO,25.0,123,pat_10,87.40500849206018,87.5
1228800,TEL-PPO,25.0,123,pat_10,87.4819453107193,87.5
1232896,TEL-PPO,25.0,123,pat_10,87.3548098625615,87.5
1236992,TEL-PPO,25.0,123,pat_10,87.43642129749045,87.5
1241088,TEL-PPO,25.0,123,pat_10,87.62532763741902,87.5
1245184,TEL-PPO,25.0,123,pat_10,87.56154631171388,87.5
1249280,TEL-PPO,25.0,123,pat_10,87.6952343434095,87.5
1253376,TEL-PPO,25.0,123,pat_10,87.77492099441585,87.5
1257472,TEL-PPO,25.0,123,pat_10,87.99136027507504,87.5
1261568,TEL-PPO,25.0,123,pat_10,87.90940814930954,87.5
1265664,TEL-PPO,25.0,123,pat_10,87.75723072513922,87.5
1269760,TEL-PPO,25.0,123,pat_10,87.70324924867626,87.5
1273856,TEL-PPO,25.0,123,pat_10,87.73425480443987,87.5
1277952,TEL-PPO,25.0,123,pat_10,87.8623411608859,87.5
1282048,TEL-PPO,25.0,123,pat_10,88.05886155460044,87.5
1286144,TEL-PPO,25.0,123,pat_10,88.23613515589378,87.5
1290240,TEL-PPO,25.0,123,pat_10,88.13292500656095,87.5
1294336,TEL-PPO,25.0,123,pat_10,87.9537124074995,87.5
1298432,TEL-PPO,25.0,123,pat_10,88.05999552085989,87.5
1302528,TEL-PPO,25.0,123,pat_10,87.91464774031203,87.5
1306624,TEL-PPO,25.0,123,pat_10,87.767910054885,87.5
1310720,TEL-PPO,25.0,123,pat_10,87.68541263137001,87.5
1314816,TEL-PPO,25.0,123,pat_10,87.79197343811387,87.5
1318912,TEL-PPO,25.0,123,pat_10,87.73928054887816,87.5
1323008,TEL-PPO,25.0,123,pat_10,87.70733392331735,87.5
1327104,TEL-PPO,25.0,123,pat_10,87.6683731749653,87.5
1331200,TEL-PPO,25.0,123,pat_10,87.88593347650011,87.5
1335296,TEL-PPO,25.0,123,pat_10,88.10185005981468,87.5
1339392,TEL-PPO,25.0,123,pat_10,88.22373315785066,87.5
1343488,TEL-PPO,25.0,123,pat_10,88.03975740168235,87.5
1347584,TEL-PPO,25.0,123,pat_10,88.0747769381848,87.5
1351680,TEL-PPO,25.0,123,pat_10,88.13801503274593,87.5
1355776,TEL-PPO,25.0,123,pat_10,87.88405995257202,87.5
1359872,TEL-PPO,25.0,123,pat_10,87.82423566374912,87.5
1363968,TEL-PPO,25.0,123,pat_10,87.74019986297927,87.5
1368064,TEL-PPO,25.0,123,pat_10,87.9292349200696,87.5
1372160,TEL-PPO,25.0,123,pat_10,87.68937555328012,87.5
1376256,TEL-PPO,25.0,123,pat_10,87.55962122045445,87.5
1380352,TEL-PPO,25.0,123,pat_10,87.6198664279656,87.5
1384448,TEL-PPO,25.0,123,pat_10,87.44662991259246,87.5
1388544,TEL-PPO,25.0,123,pat_10,87.31827502045769,87.5
1392640,TEL-PPO,25.0,123,pat_10,87.31882510520526,87.5
1396736,TEL-PPO,25.0,123,pat_10,87.17955124657591,87.5
1400832,TEL-PPO,25.0,123,pat_10,86.865319288336,87.5
1404928,TEL-PPO,25.0,123,pat_10,86.75425647944223,87.5
1409024,TEL-PPO,25.0,123,pat_10,86.53175296075645,87.5
1413120,TEL-PPO,25.0,123,pat_10,86.39154652226728,87.5
1417216,TEL-PPO,25.0,123,pat_10,86.38362733088448,87.5
1421312,TEL-PPO,25.0,123,pat_10,86.36007371172298,87.5
1425408,TEL-PPO,25.0,123,pat_10,86.29350520111637,87.5
1429504,TEL-PPO,25.0,123,pat_10,86.29336938168848,87.5
1433600,TEL-PPO,25.0,123,pat_10,86.27154144179076,87.5
1437696,TEL-PPO,25.0,123,pat_10,86.21989809256053,87.5
1441792,TEL-PPO,25.0,123,pat_10,85.94430858362477,87.5
1445888,TEL-PPO,25.0,123,pat_10,85.76829852070675,87.5
1449984,TEL-PPO,25.0,123,pat_10,85.67471578996613,87.5
1454080,TEL-PPO,25.0,123,pat_10,85.39072192646552,87.5
1458176,TEL-PPO,25.0,123,pat_10,85.18993400502964,87.5
1462272,TEL-PPO,25.0,123,pat_10,85.198944574222,87.5
1466368,TEL-PPO,25.0,123,pat_10,85.07241736259311,87.5
1470464,TEL-PPO,25.0,123,pat_10,85.07333782222125,87.5
1474560,TEL-PPO,25.0,123,pat_10,85.07461097929631,87.5
1478656,TEL-PPO,25.0,123,pat_10,85.20090006291886,87.5
1482752,TEL-PPO,25.0,123,pat_10,85.04091151710588,87.5
1486848,TEL-PPO,25.0,123,pat_10,85.19097257498667,87.5
1490944,TEL-PPO,25.0,123,pat_10,85.19252637587488,87.5
1495040,TEL-PPO,25.0,123,pat_10,85.19121467322122,87.5
1499136,TEL-PPO,25.0,123,pat_10,85.32365329470503,87.5
1503232,TEL-PPO,25.0,123,pat_10,85.60286808945249,87.5
1507328,TEL-PPO,25.0,123,pat_10,85.81475162040428,87.5
1511424,TEL-PPO,25.0,123,pat_10,85.97766500432029,87.5
1515520,TEL-PPO,25.0,123,pat_10,86.13640649989262,87.5
1519616,TEL-PPO,25.0,123,pat_10,86.07907759491377,87.5
1523712,TEL-PPO,25.0,123,pat_10,85.84554732777177,87.5
1527808,TEL-PPO,25.0,123,pat_10,85.76876484882075,87.5
1531904,TEL-PPO,25.0,123,pat_10,85.51358537096519,87.5
1536000,TEL-PPO,25.0,123,pat_10,85.6429259423164,87.5
1540096,TEL-PPO,25.0,123,pat_10,85.5344778029247,87.5
1544192,TEL-PPO,25.0,123,pat_10,85.49821394495659,87.5
1548288,TEL-PPO,25.0,123,pat_10,85.63459980022155,87.5
1552384,TEL-PPO,25.0,123,pat_10,85.53957226313653,87.5
1556480,TEL-PPO,25.0,123,pat_10,85.49743364751336,87.5
1560576,TEL-PPO,25.0,123,pat_10,85.60312731470913,87.5
1564672,TEL-PPO,25.0,123,pat_10,85.44366184901446,87.5
1568768,TEL-PPO,25.0,123,pat_10,85.11891131475572,87.5
1572864,TEL-PPO,25.0,123,pat_10,85.18922502920063,87.5
1576960,TEL-PPO,25.0,123,pat_10,85.18275993969291,87.5
1581056,TEL-PPO,25.0,123,pat_10,85.08251638244852,87.5
1585152,TEL-PPO,25.0,123,pat_10,84.8457000954076,87.5
1589248,TEL-PPO,25.0,123,pat_10,84.64362148661164,87.5
1593344,TEL-PPO,25.0,123,pat_10,84.7592520518229,87.5
1597440,TEL-PPO,25.0,123,pat_10,84.61284390278166,87.5
1601536,TEL-PPO,25.0,123,pat_10,84.76047223899518,87.5
1605632,TEL-PPO,25.0,123,pat_10,85.03624679893257,87.5
1609728,TEL-PPO,25.0,123,pat_10,84.98461134918037,87.5
1613824,TEL-PPO,25.0,123,pat_10,85.19681242108356,87.5
1617920,TEL-PPO,25.0,123,pat_10,85.3486500540748,87.5
1622016,TEL-PPO,25.0,123,pat_10,85.42799618374552,87.5
1626112,TEL-PPO,25.0,123,pat_10,85.69461709540349,87.5
1630208,TEL-PPO,25.0,123,pat_10,85.88857639860376,87.5
1634304,TEL-PPO,25.0,123,pat_10,85.77341117337363,87.5
1638400,TEL-PPO,25.0,123,pat_10,85.95767870638522,87.5
1642496,TEL-PPO,25.0,123,pat_10,86.09052206017078,87.5
1646592,TEL-PPO,25.0,123,pat_10,86.3703842060639,87.5
1650688,TEL-PPO,25.0,123,pat_10,86.53459991980344,87.5
1654784,TEL-PPO,25.0,123,pat_10,86.55389752890896,87.5
1658880,TEL-PPO,25.0,123,pat_10,86.75890069175519,87.5
1662976,TEL-PPO,25.0,123,pat_10,86.86892446503037,87.5
1667072,TEL-PPO,25.0,123,pat_10,87.11460819095365,87.5
1671168,TEL-PPO,25.0,123,pat_10,87.02066622953879,87.5
1675264,TEL-PPO,25.0,123,pat_10,86.88396797049805,87.5
1679360,TEL-PPO,25.0,123,pat_10,86.59354974702013,87.5
1683456,TEL-PPO,25.0,123,pat_10,86.56564262788743,87.5
1687552,TEL-PPO,25.0,123,pat_10,86.54290573485193,87.5
1691648,TEL-PPO,25.0,123,pat_10,86.34858438931388,87.5
1695744,TEL-PPO,25.0,123,pat_10,86.5272268643603,87.5
1699840,TEL-PPO,25.0,123,pat_10,86.64729700796303,87.5
1703936,TEL-PPO,25.0,123,pat_10,86.69157246779653,87.5
1708032,TEL-PPO,25.0,123,pat_10,86.4395630592482,87.5
1712128,TEL-PPO,25.0,123,pat_10,86.42653602268555,87.5
1716224,TEL-PPO,25.0,123,pat_10,86.56953492667529,87.5
1720320,TEL-PPO,25.0,123,pat_10,86.55617566220462,87.5
1724416,TEL-PPO,25.0,123,pat_10,86.45396919827886,87.5
1728512,TEL-PPO,25.0,123,pat_10,86.71122369077048,87.5
1732608,TEL-PPO,25.0,123,pat_10,86.95186557434485,87.5
1736704,TEL-PPO,25.0,123,pat_10,87.07348163705325,87.5
1740800,TEL-PPO,25.0,123,pat_10,86.99791179038581,87.5
1744896,TEL-PPO,25.0,123,pat_10,86.94626064039761,87.5
1748992,TEL-PPO,25.0,123,pat_10,86.92815893050275,87.5
1753088,TEL-PPO,25.0,123,pat_10,87.05019658617684,87.5
1757184,TEL-PPO,25.0,123,pat_10,87.11389032565042,87.5
1761280,TEL-PPO,25.0,123,pat_10,87.0719837108627,87.5
1765376,TEL-PPO,25.0,123,pat_10,87.33382936380823,87.5
1769472,TEL-PPO,25.0,123,pat_10,87.51994914375234,87.5
1773568,TEL-PPO,25.0,123,pat_10,87.4044320629909,87.5
1777664,TEL-PPO,25.0,123,pat_10,87.59298766311255,87.5
1781760,TEL-PPO,25.0,123,pat_10,87.53657979983855,87.5
1785856,TEL-PPO,25.0,123,pat_10,87.32461796514687,87.5
1789952,TEL-PPO,25.0,123,pat_10,87.18656744528556,87.5
1794048,TEL-PPO,25.0,123,pat_10,87.2729168543591,87.5
1798144,TEL-PPO,25.0,123,pat_10,87.02547399885965,87.5
1802240,TEL-PPO,25.0,123,pat_10,87.01468870043752,87.5
1806336,TEL-PPO,25.0,123,pat_10,86.81374875362951,87.5
1810432,TEL-PPO,25.0,123,pat_10,86.82970947679124,87.5
1814528,TEL-PPO,25.0,123,pat_10,87.05858059879398,87.5
1818624,TEL-PPO,25.0,123,pat_10,87.20349892415115,87.5
1822720,TEL-PPO,25.0,123,pat_10,87.03122287709239,87.5
1826816,TEL-PPO,25.0,123,pat_10,87.10385660175261,87.5
1830912,TEL-PPO,25.0,123,pat_10,87.23163155931991,87.5
1835008,TEL-PPO,25.0,123,pat_10,87.20053043216461,87.5
1839104,TEL-PPO,25.0,123,pat_10,87.30390640068794,87.5
1843200,TEL-PPO,25.0,123,pat_10,87.30755208618933,87.5
1847296,TEL-PPO,25.0,123,pat_10,87.24247600417594,87.5
1851392,TEL-PPO,25.0,123,pat_10,87.26923770178115,87.5
1855488,TEL-PPO,25.0,123,pat_10,87.36801578849534,87.5
1859584,TEL-PPO,25.0,123,pat_10,87.38533284701418,87.5
1863680,TEL-PPO,25.0,123,pat_10,87.59694928210232,87.5
1867776,TEL-PPO,25.0,123,pat_10,87.60640638414762,87.5
1871872,TEL-PPO,25.0,123,pat_10,87.62939514312887,87.5
1875968,TEL-PPO,25.0,123,pat_10,87.75504742749035,87.5
1880064,TEL-PPO,25.0,123,pat_10,87.79498561657948,87.5
1884160,TEL-PPO,25.0,123,pat_10,87.8330765105782,87.5
1888256,TEL-PPO,25.0,123,pat_10,88.07492104917759,87.5
1892352,TEL-PPO,25.0,123,pat_10,88.0982801457866,87.5
1896448,TEL-PPO,25.0,123,pat_10,87.92015187349173,87.5
1900544,TEL-PPO,25.0,123,pat_10,87.92618971411133,87.5
1904640,TEL-PPO,25.0,123,pat_10,87.84264024626458,87.5
1908736,TEL-PPO,25.0,123,pat_10,87.91740138269975,87.5
1912832,TEL-PPO,25.0,123,pat_10,87.95844619907422,87.5
1916928,TEL-PPO,25.0,123,pat_10,88.0734279602766,87.5
1921024,TEL-PPO,25.0,123,pat_10,87.99983688909577,87.5
1925120,TEL-PPO,25.0,123,pat_10,87.96789104584607,87.5
1929216,TEL-PPO,25.0,123,pat_10,87.82009888999167,87.5
1933312,TEL-PPO,25.0,123,pat_10,87.90706648025666,87.5
1937408,TEL-PPO,25.0,123,pat_10,87.85598859936002,87.5
1941504,TEL-PPO,25.0,123,pat_10,87.68023232650012,87.5
1945600,TEL-PPO,25.0,123,pat_10,87.64511922933181,87.5
1949696,TEL-PPO,25.0,123,pat_10,87.63240701612091,87.5
1953792,TEL-PPO,25.0,123,pat_10,87.60919635836035,87.5
1957888,TEL-PPO,25.0,123,pat_10,87.6373756378888,87.5
1961984,TEL-PPO,25.0,123,pat_10,87.5122863668947,87.5
1966080,TEL-PPO,25.0,123,pat_10,87.25764532107863,87.5
1970176,TEL-PPO,25.0,123,pat_10,87.0854721441867,87.5
1974272,TEL-PPO,25.0,123,pat_10,86.99265388119964,87.5
1978368,TEL-PPO,25.0,123,pat_10,87.07680709473766,87.5
1982464,TEL-PPO,25.0,123,pat_10,87.00022849347467,87.5
1986560,TEL-PPO,25.0,123,pat_10,86.8138517364859,87.5
1990656,TEL-PPO,25.0,123,pat_10,86.79962667357148,87.5
1994752,TEL-PPO,25.0,123,pat_10,86.79812973644592,87.5
1998848,TEL-PPO,25.0,123,pat_10,87.00922497082495,87.5
2002944,TEL-PPO,25.0,123,pat_10,87.15519376657916,87.5
2007040,TEL-PPO,25.0,123,pat_10,87.10884582158157,87.5
2011136,TEL-PPO,25.0,123,pat_10,87.10205815453088,87.5
2015232,TEL-PPO,25.0,123,pat_10,87.22312480118126,87.5
2019328,TEL-PPO,25.0,123,pat_10,87.28467864915734,87.5
2023424,TEL-PPO,25.0,123,pat_10,87.39030343852937,87.5
2027520,TEL-PPO,25.0,123,pat_10,87.59148729313165,87.5
2031616,TEL-PPO,25.0,123,pat_10,87.77010330557832,87.5
2035712,TEL-PPO,25.0,123,pat_10,87.51449644472427,87.5
2039808,TEL-PPO,25.0,123,pat_10,87.49440914485609,87.5
2043904,TEL-PPO,25.0,123,pat_10,87.487511171028,87.5
0,TEL-PPO,40.0,456,pat_10,108.14224229287373,54.6875
4096,TEL-PPO,40.0,456,pat_10,105.57981372717778,54.6875
8192,TEL-PPO,40.0,456,pat_10,102.45216397289197,54.6875
12288,TEL-PPO,40.0,456,pat_10,100.11583799356583,54.6875
16384,TEL-PPO,40.0,456,pat_10,96.91814214643085,54.6875
20480,TEL-PPO,40.0,456,pat_10,93.75627638958385,54.6875
24576,TEL-PPO,40.0,456,pat_10,90.72729413676998,54.6875
28672,TEL-PPO,40.0,456,pat_10,88.33464538399122,54.6875
32768,TEL-PPO,40.0,456,pat_10,85.85361280851095,54.6875
36864,TEL-PPO,40.0,456,pat_10,82.89573684567608,54.6875
40960,TEL-PPO,40.0,456,pat_10,79.72346856212238,54.6875
45056,TEL-PPO,40.0,456,pat_10,76.83053732942798,54.6875
49152,TEL-PPO,40.0,456,pat_10,74.10209443885842,54.6875
53248,TEL-PPO,40.0,456,pat_10,71.93310008617115,54.6875
57344,TEL-PPO,40.0,456,pat_10,69.38326151436195,54.6875
61440,TEL-PPO,40.0,456,pat_10,66.47227017581469,54.6875
65536,TEL-PPO,40.0,456,pat_10,64.2048148126341,54.6875
69632,TEL-PPO,40.0,456,pat_10,61.948406517040034,54.6875
73728,TEL-PPO,40.0,456,pat_10,60.228395371232125,54.6875
77824,TEL-PPO,40.0,456,pat_10,58.70741263497618,54.6875
81920,TEL-PPO,40.0,456,pat_10,57.82645345944911,54.6875
86016,TEL-PPO,40.0,456,pat_10,57.00131206586961,54.6875
90112,TEL-PPO,40.0,456,pat_10,56.522703510243474,54.6875
94208,TEL-PPO,40.0,456,pat_10,56.23966909898455,54.6875
98304,TEL-PPO,40.0,456,pat_10,55.84473757818337,54.6875
102400,TEL-PPO,40.0,456,pat_10,55.71177424350749,54.6875
106496,TEL-PPO,40.0,456,pat_10,55.92826314317064,54.6875
110592,TEL-PPO,40.0,456,pat_10,55.73372890753667,54.6875
114688,TEL-PPO,40.0,456,pat_10,55.508709232788505,54.6875
118784,TEL-PPO,40.0,456,pat_10,55.67893027327966,54.6875
122880,TEL-PPO,40.0,456,pat_10,55.65588467335331,54.6875
126976,TEL-PPO,40.0,456,pat_10,55.64733898639688,54.6875
131072,TEL-PPO,40.0,456,pat_10,55.54043560707943,54.6875
135168,TEL-PPO,40.0,456,pat_10,55.466140919830636,54.6875
139264,TEL-PPO,40.0,456,pat_10,55.51686607254669,54.6875
143360,TEL-PPO,40.0,456,pat_10,55.48788043297826,54.6875
147456,TEL-PPO,40.0,456,pat_10,55.52502672094849,54.6875
151552,TEL-PPO,40.0,456,pat_10,55.61080420436332,54.6875
155648,TEL-PPO,40.0,456,pat_10,55.3870185315609,54.6875
159744,TEL-PPO,40.0,456,pat_10,55.34997756779198,54.6875
163840,TEL-PPO,40.0,456,pat_10,55.56142871733752,54.6875
167936,TEL-PPO,40.0,456,pat_10,55.61038739560172,54.6875
172032,TEL-PPO,40.0,456,pat_10,55.60604761447755,54.6875
176128,TEL-PPO,40.0,456,pat_10,55.58169122599062,54.6875
180224,TEL-PPO,40.0,456,pat_10,55.638991065789014,54.6875
184320,TEL-PPO,40.0,456,pat_10,55.59768052166327,54.6875
188416,TEL-PPO,40.0,456,pat_10,55.845127322245446,54.6875
192512,TEL-PPO,40.0,456,pat_10,55.82426641089847,54.6875
196608,TEL-PPO,40.0,456,pat_10,55.75967543339358,54.6875
200704,TEL-PPO,40.0,456,pat_10,55.7845016699284,54.6875
204800,TEL-PPO,40.0,456,pat_10,55.56170600885528,54.6875
208896,TEL-PPO,40.0,456,pat_10,55.393384014721946,54.6875
212992,TEL-PPO,40.0,456,pat_10,55.47384804720059,54.6875
217088,TEL-PPO,40.0,456,pat_10,55.43968868954106,54.6875
221184,TEL-PPO,40.0,456,pat_10,55.411965394858235,54.6875
225280,TEL-PPO,40.0,456,pat_10,55.24740891577667,54.6875
229376,TEL-PPO,40.0,456,pat_10,55.180695545859706,54.6875
233472,TEL-PPO,40.0,456,pat_10,55.46697915066025,54.6875
237568,TEL-PPO,40.0,456,pat_10,55.61917131301013,54.6875
241664,TEL-PPO,40.0,456,pat_10,55.5586813106201,54.6875
245760,TEL-PPO,40.0,456,pat_10,55.70944286370649,54.6875
249856,TEL-PPO,40.0,456,pat_10,55.90034946147347,54.6875
253952,TEL-PPO,40.0,456,pat_10,56.29960110038522,54.6875
258048,TEL-PPO,40.0,456,pat_10,56.2944060740993,54.6875
262144,TEL-PPO,40.0,456,pat_10,56.32895049406209,54.6875
266240,TEL-PPO,40.0,456,pat_10,56.601184207480365,54.6875
270336,TEL-PPO,40.0,456,pat_10,56.499421113170634,54.6875
274432,TEL-PPO,40.0,456,pat_10,56.29981017252422,54.6875
278528,TEL-PPO,40.0,456,pat_10,56.13545273896307,54.6875
282624,TEL-PPO,40.0,456,pat_10,56.08593944832678,54.6875
286720,TEL-PPO,40.0,456,pat_10,56.13761909073219,54.6875
290816,TEL-PPO,40.0,456,pat_10,55.91723622474823,54.6875
294912,TEL-PPO,40.0,456,pat_10,55.789530243258916,54.6875
299008,TEL-PPO,40.0,456,pat_10,55.659452688880265,54.6875
303104,TEL-PPO,40.0,456,pat_10,55.59258612338453,54.6875
307200,TEL-PPO,40.0,456,pat_10,55.51777948578817,54.6875
311296,TEL-PPO,40.0,456,pat_10,55.455751511268375,54.6875
315392,TEL-PPO,40.0,456,pat_10,55.42043409496552,54.6875
319488,TEL-PPO,40.0,456,pat_10,55.395680218469366,54.6875
323584,TEL-PPO,40.0,456,pat_10,55.356850398704346,54.6875
327680,TEL-PPO,40.0,456,pat_10,55.550943910144255,54.6875
331776,TEL-PPO,40.0,456,pat_10,55.68777429219332,54.6875
335872,TEL-PPO,40.0,456,pat_10,55.62584936665368,54.6875
339968,TEL-PPO,40.0,456,pat_10,55.39942905819052,54.6875
344064,TEL-PPO,40.0,456,pat_10,55.20062417583543,54.6875
348160,TEL-PPO,40.0,456,pat_10,55.33280941378326,54.6875
352256,TEL-PPO,40.0,456,pat_10,55.277726917061955,54.6875
356352,TEL-PPO,40.0,456,pat_10,55.08220304222774,54.6875
360448,TEL-PPO,40.0,456,pat_10,55.21038560569282,54.6875
364544,TEL-PPO,40.0,456,pat_10,55.02013491140688,54.6875
368640,TEL-PPO,40.0,456,pat_10,55.02787381690001,54.6875
372736,TEL-PPO,40.0,456,pat_10,54.782425605226365,54.6875
376832,TEL-PPO,40.0,456,pat_10,54.62723330035807,54.6875
380928,TEL-PPO,40.0,456,pat_10,54.77119424054402,54.6875
385024,TEL-PPO,40.0,456,pat_10,54.71906364383168,54.6875
389120,TEL-PPO,40.0,456,pat_10,54.55371364299205,54.6875
393216,TEL-PPO,40.0,456,pat_10,54.82496854942295,54.6875
397312,TEL-PPO,40.0,456,pat_10,55.0267644589767,54.6875
401408,TEL-PPO,40.0,456,pat_10,54.761269151233094,54.6875
405504,TEL-PPO,40.0,456,pat_10,54.64666145900266,54.6875
409600,TEL-PPO,40.0,456,pat_10,54.64153332822028,54.6875
413696,TEL-PPO,40.0,456,pat_10,54.63095269864439,54.6875
417792,TEL-PPO,40.0,456,pat_10,54.56140525080263,54.6875
421888,TEL-PPO,40.0,456,pat_10,54.53235876467073,54.6875
425984,TEL-PPO,40.0,456,pat_10,54.33119000168514,54.6875
430080,TEL-PPO,40.0,456,pat_10,54.51141035789622,54.6875
434176,TEL-PPO,40.0,456,pat_10,54.729677075985705,54.6875
438272,TEL-PPO,40.0,456,pat_10,55.00797792570669,54.6875
442368,TEL-PPO,40.0,456,pat_10,54.82420793734504,54.6875
446464,TEL-PPO,40.0,456,pat_10,54.76554217189552,54.6875
450560,TEL-PPO,40.0,456,pat_10,54.51095388177784,54.6875
454656,TEL-PPO,40.0,456,pat_10,54.5329169617034,54.6875
458752,TEL-PPO,40.0,456,pat_10,54.575382919982104,54.6875
462848,TEL-PPO,40.0,456,pat_10,54.71564276516442,54.6875
466944,TEL-PPO,40.0,456,pat_10,54.563469907734515,54.6875
471040,TEL-PPO,40.0,456,pat_10,54.76749858539549,54.6875
475136,TEL-PPO,40.0,456,pat_10,54.798903880175196,54.6875
479232,TEL-PPO,40.0,456,pat_10,55.04921008273956,54.6875
483328,TEL-PPO,40.0,456,pat_10,55.17950562108307,54.6875
487424,TEL-PPO,40.0,456,pat_10,55.040852957870754,54.6875
491520,TEL-PPO,40.0,456,pat_10,55.21880326140673,54.6875
495616,TEL-PPO,40.0,456,pat_10,55.35546109592549,54.6875
499712,TEL-PPO,40.0,456,pat_10,55.48534608492631,54.6875
503808,TEL-PPO,40.0,456,pat_10,55.452612706460044,54.6875
507904,TEL-PPO,40.0,456,pat_10,55.4982961639762,54.6875
512000,TEL-PPO,40.0,456,pat_10,55.25359293818474,54.6875
516096,TEL-PPO,40.0,456,pat_10,55.28180255508061,54.6875
520192,TEL-PPO,40.0,456,pat_10,54.97470666794106,54.6875
524288,TEL-PPO,40.0,456,pat_10,55.13527703285214,54.6875
528384,TEL-PPO,40.0,456,pat_10,55.048829497303885,54.6875
532480,TEL-PPO,40.0,456,pat_10,55.24958511721345,54.6875
536576,TEL-PPO,40.0,456,pat_10,55.293119848240245,54.6875
540672,TEL-PPO,40.0,456,pat_10,55.566214926540866,54.6875
544768,TEL-PPO,40.0,456,pat_10,55.73104859469454,54.6875
548864,TEL-PPO,40.0,456,pat_10,55.73913922952473,54.6875
552960,TEL-PPO,40.0,456,pat_10,55.716182958800445,54.6875
557056,TEL-PPO,40.0,456,pat_10,55.44315636437385,54.6875
561152,TEL-PPO,40.0,456,pat_10,55.67069718753925,54.6875
565248,TEL-PPO,40.0,456,pat_10,55.59084897814327,54.6875
569344,TEL-PPO,40.0,456,pat_10,55.64406424388282,54.6875
573440,TEL-PPO,40.0,456,pat_10,55.482899627648294,54.6875
577536,TEL-PPO,40.0,456,pat_10,55.405094882939,54.6875
581632,TEL-PPO,40.0,456,pat_10,55.2733382456935,54.6875
585728,TEL-PPO,40.0,456,pat_10,55.17693180311476,54.6875
589824,TEL-PPO,40.0,456,pat_10,55.00891115004191,54.6875
593920,TEL-PPO,40.0,456,pat_10,55.24192203627899,54.6875
598016,TEL-PPO,40.0,456,pat_10,55.22243741108113,54.6875
602112,TEL-PPO,40.0,456,pat_10,55.38546521728859,54.6875
606208,TEL-PPO,40.0,456,pat_10,55.306811998132545,54.6875
610304,TEL-PPO,40.0,456,pat_10,55.50724798254666,54.6875
614400,TEL-PPO,40.0,456,pat_10,55.59480179985984,54.6875
618496,TEL-PPO,40.0,456,pat_10,55.45977745810525,54.6875
622592,TEL-PPO,40.0,456,pat_10,55.59962992370134,54.6875
626688,TEL-PPO,40.0,456,pat_10,55.46071204589681,54.6875
630784,TEL-PPO,40.0,456,pat_10,55.48981012916188,54.6875
634880,TEL-PPO,40.0,456,pat_10,55.60803805291654,54.6875
638976,TEL-PPO,40.0,456,pat_10,55.88732168870046,54.6875
643072,TEL-PPO,40.0,456,pat_10,56.00102515844629,54.6875
647168,TEL-PPO,40.0,456,pat_10,55.84950328059493,54.6875
651264,TEL-PPO,40.0,456,pat_10,55.58817054191596,54.6875
655360,TEL-PPO,40.0,456,pat_10,55.36690614884719,54.6875
659456,TEL-PPO,40.0,456,pat_10,55.26113802334281,54.6875
663552,TEL-PPO,40.0,456,pat_10,55.21431133337319,54.6875
667648,TEL-PPO,40.0,456,pat_10,54.98765231948339,54.6875
671744,TEL-PPO,40.0,456,pat_10,55.05807648645711,54.6875
675840,TEL-PPO,40.0,456,pat_10,54.91860097413887,54.6875
679936,TEL-PPO,40.0,456,pat_10,54.88045463198803,54.6875
684032,TEL-PPO,40.0,456,pat_10,54.96724863070995,54.6875
688128,TEL-PPO,40.0,456,pat_10,55.11271855002264,54.6875
692224,TEL-PPO,40.0,456,pat_10,55.02906897244981,54.6875
696320,TEL-PPO,40.0,456,pat_10,55.02340319147333,54.6875
700416,TEL-PPO,40.0,456,pat_10,54.97612360073256,54.6875
704512,TEL-PPO,40.0,456,pat_10,54.97875808924429,54.6875
708608,TEL-PPO,40.0,456,pat_10,55.0979306241497,54.6875
712704,TEL-PPO,40.0,456,pat_10,55.098853897303385,54.6875
716800,TEL-PPO,40.0,456,pat_10,54.938072355929776,54.6875
720896,TEL-PPO,40.0,456,pat_10,55.00358769344159,54.6875
724992,TEL-PPO,40.0,456,pat_10,54.889120116364175,54.6875
729088,TEL-PPO,40.0,456,pat_10,54.96405380405487,54.6875
733184,TEL-PPO,40.0,456,pat_10,55.215748070739295,54.6875
737280,TEL-PPO,40.0,456,pat_10,55.41581016080458,54.6875
741376,TEL-PPO,40.0,456,pat_10,55.456732945516734,54.6875
745472,TEL-PPO,40.0,456,pat_10,55.335127132013454,54.6875
749568,TEL-PPO,40.0,456,pat_10,55.35421906411655,54.6875
753664,TEL-PPO,40.0,456,pat_10,55.37467987043786,54.6875
757760,TEL-PPO,40.0,456,pat_10,55.34474041312933,54.6875
761856,TEL-PPO,40.0,456,pat_10,55.24059101194138,54.6875
765952,TEL-PPO,40.0,456,pat_10,55.1540651870892,54.6875
770048,TEL-PPO,40.0,456,pat_10,54.991170966997785,54.6875
774144,TEL-PPO,40.0,456,pat_10,54.96507924934848,54.6875
778240,TEL-PPO,40.0,456,pat_10,54.737604572903344,54.6875
782336,TEL-PPO,40.0,456,pat_10,54.86961332568896,54.6875
786432,TEL-PPO,40.0,456,pat_10,54.85488012665882,54.6875
790528,TEL-PPO,40.0,456,pat_10,54.99053764576092,54.6875
794624,TEL-PPO,40.0,456,pat_10,55.24584937607872,54.6875
798720,TEL-PPO,40.0,456,pat_10,55.03993624681607,54.6875
802816,TEL-PPO,40.0,456,pat_10,54.89445201260976,54.6875
806912,TEL-PPO,40.0,456,pat_10,54.61980585474521,54.6875
811008,TEL-PPO,40.0,456,pat_10,54.632307443302125,54.6875
0,TEL-PPO,55.0,50,baseline,99.08000000000001,39.77272727272727
4096,TEL-PPO,55.0,50,baseline,96.64,39.77272727272727
8192,TEL-PPO,55.0,50,baseline,93.765,39.77272727272727
12288,TEL-PPO,55.0,50,baseline,90.62,39.77272727272727
16384,TEL-PPO,55.0,50,baseline,88.06,39.77272727272727
20480,TEL-PPO,55.0,50,baseline,85.475,39.77272727272727
24576,TEL-PPO,55.0,50,baseline,82.765,39.77272727272727
28672,TEL-PPO,55.0,50,baseline,80.245,39.77272727272727
32768,TEL-PPO,55.0,50,baseline,77.905,39.77272727272727
36864,TEL-PPO,55.0,50,baseline,74.87,39.77272727272727
40960,TEL-PPO,55.0,50,baseline,71.88,39.77272727272727
45056,TEL-PPO,55.0,50,baseline,68.96000000000001,39.77272727272727
49152,TEL-PPO,55.0,50,baseline,66.255,39.77272727272727
53248,TEL-PPO,55.0,50,baseline,63.56,39.77272727272727
57344,TEL-PPO,55.0,50,baseline,61.075,39.77272727272727
61440,TEL-PPO,55.0,50,baseline,58.75,39.77272727272727
65536,TEL-PPO,55.0,50,baseline,56.58,39.77272727272727
69632,TEL-PPO,55.0,50,baseline,54.69,39.77272727272727
73728,TEL-PPO,55.0,50,baseline,52.28,39.77272727272727
77824,TEL-PPO,55.0,50,baseline,50.16,39.77272727272727
81920,TEL-PPO,55.0,50,baseline,48.504999999999995,39.77272727272727
86016,TEL-PPO,55.0,50,baseline,47.285,39.77272727272727
90112,TEL-PPO,55.0,50,baseline,46.44,39.77272727272727
94208,TEL-PPO,55.0,50,baseline,45.825,39.77272727272727
98304,TEL-PPO,55.0,50,baseline,45.36,39.77272727272727
102400,TEL-PPO,55.0,50,baseline,44.925,39.77272727272727
106496,TEL-PPO,55.0,50,baseline,44.644999999999996,39.77272727272727
110592,TEL-PPO,55.0,50,baseline,44.36,39.77272727272727
114688,TEL-PPO,55.0,50,baseline,44.224999999999994,39.77272727272727
118784,TEL-PPO,55.0,50,baseline,44.08,39.77272727272727
122880,TEL-PPO,55.0,50,baseline,43.86,39.77272727272727
126976,TEL-PPO,55.0,50,baseline,43.745000000000005,39.77272727272727
131072,TEL-PPO,55.0,50,baseline,43.540000000000006,39.77272727272727
135168,TEL-PPO,55.0,50,baseline,43.265,39.77272727272727
139264,TEL-PPO,55.0,50,baseline,43.195,39.77272727272727
143360,TEL-PPO,55.0,50,baseline,42.915,39.77272727272727
147456,TEL-PPO,55.0,50,baseline,42.855000000000004,39.77272727272727
151552,TEL-PPO,55.0,50,baseline,42.79,39.77272727272727
155648,TEL-PPO,55.0,50,baseline,42.68,39.77272727272727
159744,TEL-PPO,55.0,50,baseline,42.505,39.77272727272727
163840,TEL-PPO,55.0,50,baseline,42.555,39.77272727272727
167936,TEL-PPO,55.0,50,baseline,42.555,39.77272727272727
172032,TEL-PPO,55.0,50,baseline,42.394999999999996,39.77272727272727
176128,TEL-PPO,55.0,50,baseline,42.36,39.77272727272727
180224,TEL-PPO,55.0,50,baseline,42.335,39.77272727272727
184320,TEL-PPO,55.0,50,baseline,42.239999999999995,39.77272727272727
188416,TEL-PPO,55.0,50,baseline,42.18,39.77272727272727
192512,TEL-PPO,55.0,50,baseline,42.025000000000006,39.77272727272727
196608,TEL-PPO,55.0,50,baseline,41.995000000000005,39.77272727272727
200704,TEL-PPO,55.0,50,baseline,42.07,39.77272727272727
204800,TEL-PPO,55.0,50,baseline,41.905,39.77272727272727
208896,TEL-PPO,55.0,50,baseline,41.995000000000005,39.77272727272727
212992,TEL-PPO,55.0,50,baseline,41.835,39.77272727272727
217088,TEL-PPO,55.0,50,baseline,41.68,39.77272727272727
221184,TEL-PPO,55.0,50,baseline,41.545,39.77272727272727
225280,TEL-PPO,55.0,50,baseline,41.59,39.77272727272727
229376,TEL-PPO,55.0,50,baseline,41.515,39.77272727272727
233472,TEL-PPO,55.0,50,baseline,41.55,39.77272727272727
237568,TEL-PPO,55.0,50,baseline,41.575,39.77272727272727
241664,TEL-PPO,55.0,50,baseline,41.71,39.77272727272727
245760,TEL-PPO,55.0,50,baseline,42.035,39.77272727272727
249856,TEL-PPO,55.0,50,baseline,41.975,39.77272727272727
253952,TEL-PPO,55.0,50,baseline,42.015,39.77272727272727
258048,TEL-PPO,55.0,50,baseline,41.855000000000004,39.77272727272727
262144,TEL-PPO,55.0,50,baseline,41.945,39.77272727272727
266240,TEL-PPO,55.0,50,baseline,41.92,39.77272727272727
270336,TEL-PPO,55.0,50,baseline,41.77,39.77272727272727
274432,TEL-PPO,55.0,50,baseline,41.815,39.77272727272727
278528,TEL-PPO,55.0,50,baseline,41.625,39.77272727272727
282624,TEL-PPO,55.0,50,baseline,41.625,39.77272727272727
286720,TEL-PPO,55.0,50,baseline,41.59,39.77272727272727
290816,TEL-PPO,55.0,50,baseline,41.65,39.77272727272727
294912,TEL-PPO,55.0,50,baseline,41.620000000000005,39.77272727272727
299008,TEL-PPO,55.0,50,baseline,41.535,39.77272727272727
303104,TEL-PPO,55.0,50,baseline,41.495000000000005,39.77272727272727
307200,TEL-PPO,55.0,50,baseline,41.585,39.77272727272727
311296,TEL-PPO,55.0,50,baseline,41.480000000000004,39.77272727272727
315392,TEL-PPO,55.0,50,baseline,41.575,39.77272727272727
319488,TEL-PPO,55.0,50,baseline,41.46,39.77272727272727
323584,TEL-PPO,55.0,50,baseline,41.614999999999995,39.77272727272727
327680,TEL-PPO,55.0,50,baseline,41.555,39.77272727272727
331776,TEL-PPO,55.0,50,baseline,41.405,39.77272727272727
335872,TEL-PPO,55.0,50,baseline,41.445,39.77272727272727
339968,TEL-PPO,55.0,50,baseline,41.25,39.77272727272727
344064,TEL-PPO,55.0,50,baseline,41.230000000000004,39.77272727272727
348160,TEL-PPO,55.0,50,baseline,41.465,39.77272727272727
352256,TEL-PPO,55.0,50,baseline,41.6,39.77272727272727
356352,TEL-PPO,55.0,50,baseline,41.84,39.77272727272727
360448,TEL-PPO,55.0,50,baseline,41.995000000000005,39.77272727272727
364544,TEL-PPO,55.0,50,baseline,42.16,39.77272727272727
368640,TEL-PPO,55.0,50,baseline,42.025000000000006,39.77272727272727
372736,TEL-PPO,55.0,50,baseline,41.870000000000005,39.77272727272727
376832,TEL-PPO,55.0,50,baseline,41.67,39.77272727272727
380928,TEL-PPO,55.0,50,baseline,41.52,39.77272727272727
385024,TEL-PPO,55.0,50,baseline,41.54,39.77272727272727
389120,TEL-PPO,55.0,50,baseline,41.7,39.77272727272727
393216,TEL-PPO,55.0,50,baseline,41.965,39.77272727272727
397312,TEL-PPO,55.0,50,baseline,42.18,39.77272727272727
401408,TEL-PPO,55.0,50,baseline,42.135000000000005,39.77272727272727
405504,TEL-PPO,55.0,50,baseline,42.004999999999995,39.77272727272727
409600,TEL-PPO,55.0,50,baseline,41.905,39.77272727272727
413696,TEL-PPO,55.0,50,baseline,41.96,39.77272727272727
417792,TEL-PPO,55.0,50,baseline,41.805,39.77272727272727
421888,TEL-PPO,55.0,50,baseline,41.64,39.77272727272727
425984,TEL-PPO,55.0,50,baseline,41.879999999999995,39.77272727272727
430080,TEL-PPO,55.0,50,baseline,41.885000000000005,39.77272727272727
434176,TEL-PPO,55.0,50,baseline,42.055,39.77272727272727
438272,TEL-PPO,55.0,50,baseline,41.93,39.77272727272727
442368,TEL-PPO,55.0,50,baseline,41.73,39.77272727272727
446464,TEL-PPO,55.0,50,baseline,41.535,39.77272727272727
450560,TEL-PPO,55.0,50,baseline,41.4,39.77272727272727
454656,TEL-PPO,55.0,50,baseline,41.25,39.77272727272727
458752,TEL-PPO,55.0,50,baseline,41.05,39.77272727272727
462848,TEL-PPO,55.0,50,baseline,40.864999999999995,39.77272727272727
466944,TEL-PPO,55.0,50,baseline,40.7,39.77272727272727
471040,TEL-PPO,55.0,50,baseline,40.775000000000006,39.77272727272727
475136,TEL-PPO,55.0,50,baseline,40.835,39.77272727272727
479232,TEL-PPO,55.0,50,baseline,41.03,39.77272727272727
483328,TEL-PPO,55.0,50,baseline,40.83,39.77272727272727
487424,TEL-PPO,55.0,50,baseline,40.85,39.77272727272727
491520,TEL-PPO,55.0,50,baseline,40.955,39.77272727272727
495616,TEL-PPO,55.0,50,baseline,40.795,39.77272727272727
499712,TEL-PPO,55.0,50,baseline,40.8,39.77272727272727
503808,TEL-PPO,55.0,50,baseline,40.72,39.77272727272727
507904,TEL-PPO,55.0,50,baseline,40.59,39.77272727272727
512000,TEL-PPO,55.0,50,baseline,40.55,39.77272727272727
516096,TEL-PPO,55.0,50,baseline,40.375,39.77272727272727
520192,TEL-PPO,55.0,50,baseline,40.28,39.77272727272727
524288,TEL-PPO,55.0,50,baseline,40.265,39.77272727272727
528384,TEL-PPO,55.0,50,baseline,40.305,39.77272727272727
532480,TEL-PPO,55.0,50,baseline,40.345,39.77272727272727
536576,TEL-PPO,55.0,50,baseline,40.27,39.77272727272727
540672,TEL-PPO,55.0,50,baseline,40.35,39.77272727272727
544768,TEL-PPO,55.0,50,baseline,40.34,39.77272727272727
548864,TEL-PPO,55.0,50,baseline,40.585,39.77272727272727
552960,TEL-PPO,55.0,50,baseline,40.73,39.77272727272727
557056,TEL-PPO,55.0,50,baseline,40.8,39.77272727272727
561152,TEL-PPO,55.0,50,baseline,40.82,39.77272727272727
565248,TEL-PPO,55.0,50,baseline,41.03,39.77272727272727
569344,TEL-PPO,55.0,50,baseline,41.129999999999995,39.77272727272727
573440,TEL-PPO,55.0,50,baseline,41.155,39.77272727272727
577536,TEL-PPO,55.0,50,baseline,41.155,39.77272727272727
581632,TEL-PPO,55.0,50,baseline,41.14,39.77272727272727
585728,TEL-PPO,55.0,50,baseline,41.14,39.77272727272727
589824,TEL-PPO,55.0,50,baseline,41.25,39.77272727272727
593920,TEL-PPO,55.0,50,baseline,41.29,39.77272727272727
598016,TEL-PPO,55.0,50,baseline,41.385000000000005,39.77272727272727
602112,TEL-PPO,55.0,50,baseline,41.575,39.77272727272727
606208,TEL-PPO,55.0,50,baseline,41.510000000000005,39.77272727272727
610304,TEL-PPO,55.0,50,baseline,41.495000000000005,39.77272727272727
614400,TEL-PPO,55.0,50,baseline,41.305,39.77272727272727
618496,TEL-PPO,55.0,50,baseline,41.129999999999995,39.77272727272727
622592,TEL-PPO,55.0,50,baseline,41.06,39.77272727272727
626688,TEL-PPO,55.0,50,baseline,40.875,39.77272727272727
630784,TEL-PPO,55.0,50,baseline,40.795,39.77272727272727
634880,TEL-PPO,55.0,50,baseline,40.72,39.77272727272727
638976,TEL-PPO,55.0,50,baseline,40.485,39.77272727272727
643072,TEL-PPO,55.0,50,baseline,40.69,39.77272727272727
647168,TEL-PPO,55.0,50,baseline,40.825,39.77272727272727
651264,TEL-PPO,55.0,50,baseline,40.864999999999995,39.77272727272727
655360,TEL-PPO,55.0,50,baseline,41.075,39.77272727272727
659456,TEL-PPO,55.0,50,baseline,40.885,39.77272727272727
663552,TEL-PPO,55.0,50,baseline,40.815,39.77272727272727
667648,TEL-PPO,55.0,50,baseline,40.835,39.77272727272727
671744,TEL-PPO,55.0,50,baseline,40.735,39.77272727272727
675840,TEL-PPO,55.0,50,baseline,40.625,39.77272727272727
679936,TEL-PPO,55.0,50,baseline,40.754999999999995,39.77272727272727
684032,TEL-PPO,55.0,50,baseline,40.675,39.77272727272727
688128,TEL-PPO,55.0,50,baseline,40.655,39.77272727272727
692224,TEL-PPO,55.0,50,baseline,40.66,39.77272727272727
696320,TEL-PPO,55.0,50,baseline,40.5,39.77272727272727
700416,TEL-PPO,55.0,50,baseline,40.4,39.77272727272727
704512,TEL-PPO,55.0,50,baseline,40.474999999999994,39.77272727272727
708608,TEL-PPO,55.0,50,baseline,40.47,39.77272727272727
712704,TEL-PPO,55.0,50,baseline,40.55,39.77272727272727
716800,TEL-PPO,55.0,50,baseline,40.765,39.77272727272727
720896,TEL-PPO,55.0,50,baseline,40.845,39.77272727272727
724992,TEL-PPO,55.0,50,baseline,40.885000000000005,39.77272727272727
729088,TEL-PPO,55.0,50,baseline,40.84,39.77272727272727
733184,TEL-PPO,55.0,50,baseline,40.76,39.77272727272727
737280,TEL-PPO,55.0,50,baseline,40.855000000000004,39.77272727272727
741376,TEL-PPO,55.0,50,baseline,40.945,39.77272727272727
745472,TEL-PPO,55.0,50,baseline,40.93,39.77272727272727
749568,TEL-PPO,55.0,50,baseline,40.905,39.77272727272727
753664,TEL-PPO,55.0,50,baseline,40.825,39.77272727272727
757760,TEL-PPO,55.0,50,baseline,40.74,39.77272727272727
761856,TEL-PPO,55.0,50,baseline,40.785,39.77272727272727
765952,TEL-PPO,55.0,50,baseline,40.61,39.77272727272727
770048,TEL-PPO,55.0,50,baseline,40.83,39.77272727272727
774144,TEL-PPO,55.0,50,baseline,40.735,39.77272727272727
778240,TEL-PPO,55.0,50,baseline,40.6,39.77272727272727
782336,TEL-PPO,55.0,50,baseline,40.665,39.77272727272727
786432,TEL-PPO,55.0,50,baseline,40.71,39.77272727272727
790528,TEL-PPO,55.0,50,baseline,40.855000000000004,39.77272727272727
794624,TEL-PPO,55.0,50,baseline,40.94,39.77272727272727
798720,TEL-PPO,55.0,50,baseline,40.875,39.77272727272727
802816,TEL-PPO,55.0,50,baseline,40.985,39.77272727272727
806912,TEL-PPO,55.0,50,baseline,41.105000000000004,39.77272727272727
811008,TEL-PPO,55.0,50,baseline,41.125,39.77272727272727
815104,TEL-PPO,55.0,50,baseline,41.015,39.77272727272727
819200,TEL-PPO,55.0,50,baseline,41.16,39.77272727272727
823296,TEL-PPO,55.0,50,baseline,40.989999999999995,39.77272727272727
827392,TEL-PPO,55.0,50,baseline,41.1,39.77272727272727
831488,TEL-PPO,55.0,50,baseline,41.33,39.77272727272727
835584,TEL-PPO,55.0,50,baseline,41.315,39.77272727272727
839680,TEL-PPO,55.0,50,baseline,41.135000000000005,39.77272727272727
843776,TEL-PPO,55.0,50,baseline,41.015,39.77272727272727
847872,TEL-PPO,55.0,50,baseline,41.09,39.77272727272727
851968,TEL-PPO,55.0,50,baseline,41.24,39.77272727272727
856064,TEL-PPO,55.0,50,baseline,41.13,39.77272727272727
860160,TEL-PPO,55.0,50,baseline,40.93,39.77272727272727
864256,TEL-PPO,55.0,50,baseline,40.735,39.77272727272727
868352,TEL-PPO,55.0,50,baseline,40.705,39.77272727272727
872448,TEL-PPO,55.0,50,baseline,40.74,39.77272727272727
876544,TEL-PPO,55.0,50,baseline,40.61,39.77272727272727
880640,TEL-PPO,55.0,50,baseline,40.71,39.77272727272727
884736,TEL-PPO,55.0,50,baseline,40.62,39.77272727272727
888832,TEL-PPO,55.0,50,baseline,40.565,39.77272727272727
892928,TEL-PPO,55.0,50,baseline,40.705,39.77272727272727
897024,TEL-PPO,55.0,50,baseline,40.69,39.77272727272727
901120,TEL-PPO,55.0,50,baseline,40.49,39.77272727272727
905216,TEL-PPO,55.0,50,baseline,40.335,39.77272727272727
909312,TEL-PPO,55.0,50,baseline,40.42,39.77272727272727
913408,TEL-PPO,55.0,50,baseline,40.49,39.77272727272727
917504,TEL-PPO,55.0,50,baseline,40.365,39.77272727272727
921600,TEL-PPO,55.0,50,baseline,40.21,39.77272727272727
925696,TEL-PPO,55.0,50,baseline,40.12,39.77272727272727
929792,TEL-PPO,55.0,50,baseline,40.019999999999996,39.77272727272727
933888,TEL-PPO,55.0,50,baseline,40.075,39.77272727272727
937984,TEL-PPO,55.0,50,baseline,39.995000000000005,39.77272727272727
942080,TEL-PPO,55.0,50,baseline,40.03,39.77272727272727
946176,TEL-PPO,55.0,50,baseline,39.93,39.77272727272727
950272,TEL-PPO,55.0,50,baseline,39.885000000000005,39.77272727272727
954368,TEL-PPO,55.0,50,baseline,39.765,39.77272727272727
958464,TEL-PPO,55.0,50,baseline,39.915,39.77272727272727
962560,TEL-PPO,55.0,50,baseline,39.93,39.77272727272727
966656,TEL-PPO,55.0,50,baseline,39.87,39.77272727272727
970752,TEL-PPO,55.0,50,baseline,39.84,39.77272727272727
974848,TEL-PPO,55.0,50,baseline,39.825,39.77272727272727
978944,TEL-PPO,55.0,50,baseline,39.795,39.77272727272727
983040,TEL-PPO,55.0,50,baseline,39.92,39.77272727272727
987136,TEL-PPO,55.0,50,baseline,39.955,39.77272727272727
991232,TEL-PPO,55.0,50,baseline,39.97,39.77272727272727
995328,TEL-PPO,55.0,50,baseline,40.035,39.77272727272727
999424,TEL-PPO,55.0,50,baseline,40.21,39.77272727272727
1003520,TEL-PPO,55.0,50,baseline,39.985,39.77272727272727
1007616,TEL-PPO,55.0,50,baseline,39.86,39.77272727272727
1011712,TEL-PPO,55.0,50,baseline,39.69,39.77272727272727
1015808,TEL-PPO,55.0,50,baseline,39.75,39.77272727272727
1019904,TEL-PPO,55.0,50,baseline,39.760000000000005,39.77272727272727
1024000,TEL-PPO,55.0,50,baseline,39.74,39.77272727272727
1028096,TEL-PPO,55.0,50,baseline,39.84,39.77272727272727
1032192,TEL-PPO,55.0,50,baseline,39.845,39.77272727272727
1036288,TEL-PPO,55.0,50,baseline,39.945,39.77272727272727
1040384,TEL-PPO,55.0,50,baseline,39.82,39.77272727272727
1044480,TEL-PPO,55.0,50,baseline,39.92,39.77272727272727
1048576,TEL-PPO,55.0,50,baseline,40.144999999999996,39.77272727272727
1052672,TEL-PPO,55.0,50,baseline,40.235,39.77272727272727
1056768,TEL-PPO,55.0,50,baseline,40.41,39.77272727272727
1060864,TEL-PPO,55.0,50,baseline,40.525000000000006,39.77272727272727
1064960,TEL-PPO,55.0,50,baseline,40.57,39.77272727272727
1069056,TEL-PPO,55.0,50,baseline,40.44,39.77272727272727
1073152,TEL-PPO,55.0,50,baseline,40.55,39.77272727272727
1077248,TEL-PPO,55.0,50,baseline,40.555,39.77272727272727
1081344,TEL-PPO,55.0,50,baseline,40.54,39.77272727272727
1085440,TEL-PPO,55.0,50,baseline,40.51,39.77272727272727
1089536,TEL-PPO,55.0,50,baseline,40.7,39.77272727272727
1093632,TEL-PPO,55.0,50,baseline,40.595,39.77272727272727
1097728,TEL-PPO,55.0,50,baseline,40.42,39.77272727272727
1101824,TEL-PPO,55.0,50,baseline,40.4,39.77272727272727
1105920,TEL-PPO,55.0,50,baseline,40.260000000000005,39.77272727272727
1110016,TEL-PPO,55.0,50,baseline,40.364999999999995,39.77272727272727
1114112,TEL-PPO,55.0,50,baseline,40.394999999999996,39.77272727272727
1118208,TEL-PPO,55.0,50,baseline,40.435,39.77272727272727
1122304,TEL-PPO,55.0,50,baseline,40.49,39.77272727272727
1126400,TEL-PPO,55.0,50,baseline,40.65,39.77272727272727
1130496,TEL-PPO,55.0,50,baseline,40.61,39.77272727272727
1134592,TEL-PPO,55.0,50,baseline,40.665,39.77272727272727
1138688,TEL-PPO,55.0,50,baseline,40.785,39.77272727272727
1142784,TEL-PPO,55.0,50,baseline,40.705,39.77272727272727
1146880,TEL-PPO,55.0,50,baseline,40.47,39.77272727272727
1150976,TEL-PPO,55.0,50,baseline,40.5,39.77272727272727
1155072,TEL-PPO,55.0,50,baseline,40.614999999999995,39.77272727272727
1159168,TEL-PPO,55.0,50,baseline,40.88,39.77272727272727
1163264,TEL-PPO,55.0,50,baseline,40.825,39.77272727272727
1167360,TEL-PPO,55.0,50,baseline,40.925,39.77272727272727
1171456,TEL-PPO,55.0,50,baseline,40.724999999999994,39.77272727272727
1175552,TEL-PPO,55.0,50,baseline,40.7,39.77272727272727
1179648,TEL-PPO,55.0,50,baseline,40.715,39.77272727272727
1183744,TEL-PPO,55.0,50,baseline,40.625,39.77272727272727
1187840,TEL-PPO,55.0,50,baseline,40.63,39.77272727272727
1191936,TEL-PPO,55.0,50,baseline,40.63,39.77272727272727
1196032,TEL-PPO,55.0,50,baseline,40.7,39.77272727272727
1200128,TEL-PPO,55.0,50,baseline,40.94,39.77272727272727
1204224,TEL-PPO,55.0,50,baseline,40.96,39.77272727272727
1208320,TEL-PPO,55.0,50,baseline,40.765,39.77272727272727
1212416,TEL-PPO,55.0,50,baseline,40.7,39.77272727272727
1216512,TEL-PPO,55.0,50,baseline,40.815,39.77272727272727
1220608,TEL-PPO,55.0,50,baseline,40.64,39.77272727272727
1224704,TEL-PPO,55.0,50,baseline,40.51,39.77272727272727
1228800,TEL-PPO,55.0,50,baseline,40.555,39.77272727272727
1232896,TEL-PPO,55.0,50,baseline,40.66,39.77272727272727
1236992,TEL-PPO,55.0,50,baseline,40.65,39.77272727272727
1241088,TEL-PPO,55.0,50,baseline,40.74,39.77272727272727
1245184,TEL-PPO,55.0,50,baseline,40.9,39.77272727272727
1249280,TEL-PPO,55.0,50,baseline,40.98,39.77272727272727
1253376,TEL-PPO,55.0,50,baseline,41.14,39.77272727272727
1257472,TEL-PPO,55.0,50,baseline,41.17,39.77272727272727
1261568,TEL-PPO,55.0,50,baseline,41.285,39.77272727272727
1265664,TEL-PPO,55.0,50,baseline,41.175,39.77272727272727
1269760,TEL-PPO,55.0,50,baseline,41.230000000000004,39.77272727272727
1273856,TEL-PPO,55.0,50,baseline,41.25,39.77272727272727
1277952,TEL-PPO,55.0,50,baseline,41.25,39.77272727272727
1282048,TEL-PPO,55.0,50,baseline,41.2,39.77272727272727
1286144,TEL-PPO,55.0,50,baseline,41.055,39.77272727272727
1290240,TEL-PPO,55.0,50,baseline,40.985,39.77272727272727
1294336,TEL-PPO,55.0,50,baseline,40.870000000000005,39.77272727272727
1298432,TEL-PPO,55.0,50,baseline,41.01,39.77272727272727
1302528,TEL-PPO,55.0,50,baseline,41.11,39.77272727272727
1306624,TEL-PPO,55.0,50,baseline,41.105000000000004,39.77272727272727
1310720,TEL-PPO,55.0,50,baseline,40.995000000000005,39.77272727272727
1314816,TEL-PPO,55.0,50,baseline,41.05,39.77272727272727
1318912,TEL-PPO,55.0,50,baseline,40.95,39.77272727272727
1323008,TEL-PPO,55.0,50,baseline,41.13,39.77272727272727
1327104,TEL-PPO,55.0,50,baseline,41.269999999999996,39.77272727272727
1331200,TEL-PPO,55.0,50,baseline,41.235,39.77272727272727
1335296,TEL-PPO,55.0,50,baseline,41.275000000000006,39.77272727272727
1339392,TEL-PPO,55.0,50,baseline,41.305,39.77272727272727
1343488,TEL-PPO,55.0,50,baseline,41.3,39.77272727272727
1347584,TEL-PPO,55.0,50,baseline,41.18,39.77272727272727
1351680,TEL-PPO,55.0,50,baseline,40.99,39.77272727272727
1355776,TEL-PPO,55.0,50,baseline,40.845,39.77272727272727
1359872,TEL-PPO,55.0,50,baseline,40.855000000000004,39.77272727272727
1363968,TEL-PPO,55.0,50,baseline,41.004999999999995,39.77272727272727
1368064,TEL-PPO,55.0,50,baseline,40.97,39.77272727272727
1372160,TEL-PPO,55.0,50,baseline,40.925,39.77272727272727
1376256,TEL-PPO,55.0,50,baseline,40.724999999999994,39.77272727272727
1380352,TEL-PPO,55.0,50,baseline,40.75,39.77272727272727
1384448,TEL-PPO,55.0,50,baseline,40.835,39.77272727272727
1388544,TEL-PPO,55.0,50,baseline,40.915,39.77272727272727
1392640,TEL-PPO,55.0,50,baseline,41.06,39.77272727272727
1396736,TEL-PPO,55.0,50,baseline,41.16,39.77272727272727
1400832,TEL-PPO,55.0,50,baseline,41.14,39.77272727272727
1404928,TEL-PPO,55.0,50,baseline,41.11,39.77272727272727
1409024,TEL-PPO,55.0,50,baseline,41.11,39.77272727272727
1413120,TEL-PPO,55.0,50,baseline,41.045,39.77272727272727
1417216,TEL-PPO,55.0,50,baseline,40.985,39.77272727272727
1421312,TEL-PPO,55.0,50,baseline,40.775000000000006,39.77272727272727
1425408,TEL-PPO,55.0,50,baseline,40.775000000000006,39.77272727272727
1429504,TEL-PPO,55.0,50,baseline,40.74,39.77272727272727
1433600,TEL-PPO,55.0,50,baseline,40.85,39.77272727272727
1437696,TEL-PPO,55.0,50,baseline,40.91,39.77272727272727
1441792,TEL-PPO,55.0,50,baseline,41.045,39.77272727272727
1445888,TEL-PPO,55.0,50,baseline,41.03,39.77272727272727
1449984,TEL-PPO,55.0,50,baseline,41.12,39.77272727272727
1454080,TEL-PPO,55.0,50,baseline,41.015,39.77272727272727
1458176,TEL-PPO,55.0,50,baseline,41.12,39.77272727272727
1462272,TEL-PPO,55.0,50,baseline,41.004999999999995,39.77272727272727
1466368,TEL-PPO,55.0,50,baseline,40.905,39.77272727272727
1470464,TEL-PPO,55.0,50,baseline,41.03,39.77272727272727
1474560,TEL-PPO,55.0,50,baseline,41.1,39.77272727272727
1478656,TEL-PPO,55.0,50,baseline,41.165,39.77272727272727
1482752,TEL-PPO,55.0,50,baseline,41.09,39.77272727272727
1486848,TEL-PPO,55.0,50,baseline,41.06,39.77272727272727
1490944,TEL-PPO,55.0,50,baseline,41.105000000000004,39.77272727272727
1495040,TEL-PPO,55.0,50,baseline,40.96,39.77272727272727
1499136,TEL-PPO,55.0,50,baseline,40.864999999999995,39.77272727272727
1503232,TEL-PPO,55.0,50,baseline,40.754999999999995,39.77272727272727
1507328,TEL-PPO,55.0,50,baseline,40.79,39.77272727272727
1511424,TEL-PPO,55.0,50,baseline,40.9,39.77272727272727
1515520,TEL-PPO,55.0,50,baseline,40.84,39.77272727272727
1519616,TEL-PPO,55.0,50,baseline,40.825,39.77272727272727
1523712,TEL-PPO,55.0,50,baseline,40.9,39.77272727272727
1527808,TEL-PPO,55.0,50,baseline,40.835,39.77272727272727
1531904,TEL-PPO,55.0,50,baseline,40.81,39.77272727272727
1536000,TEL-PPO,55.0,50,baseline,40.7,39.77272727272727
1540096,TEL-PPO,55.0,50,baseline,40.765,39.77272727272727
1544192,TEL-PPO,55.0,50,baseline,40.9,39.77272727272727
1548288,TEL-PPO,55.0,50,baseline,40.72,39.77272727272727
1552384,TEL-PPO,55.0,50,baseline,40.6,39.77272727272727
1556480,TEL-PPO,55.0,50,baseline,40.52,39.77272727272727
1560576,TEL-PPO,55.0,50,baseline,40.46,39.77272727272727
1564672,TEL-PPO,55.0,50,baseline,40.305,39.77272727272727
1568768,TEL-PPO,55.0,50,baseline,40.14,39.77272727272727
1572864,TEL-PPO,55.0,50,baseline,40.135000000000005,39.77272727272727
1576960,TEL-PPO,55.0,50,baseline,40.305,39.77272727272727
1581056,TEL-PPO,55.0,50,baseline,40.39,39.77272727272727
1585152,TEL-PPO,55.0,50,baseline,40.47,39.77272727272727
1589248,TEL-PPO,55.0,50,baseline,40.415,39.77272727272727
1593344,TEL-PPO,55.0,50,baseline,40.245,39.77272727272727
1597440,TEL-PPO,55.0,50,baseline,40.254999999999995,39.77272727272727
1601536,TEL-PPO,55.0,50,baseline,40.105000000000004,39.77272727272727
1605632,TEL-PPO,55.0,50,baseline,40.04,39.77272727272727
1609728,TEL-PPO,55.0,50,baseline,39.980000000000004,39.77272727272727
1613824,TEL-PPO,55.0,50,baseline,40.07,39.77272727272727
1617920,TEL-PPO,55.0,50,baseline,40.06,39.77272727272727
1622016,TEL-PPO,55.0,50,baseline,40.125,39.77272727272727
1626112,TEL-PPO,55.0,50,baseline,40.224999999999994,39.77272727272727
1630208,TEL-PPO,55.0,50,baseline,40.125,39.77272727272727
1634304,TEL-PPO,55.0,50,baseline,39.925,39.77272727272727
1638400,TEL-PPO,55.0,50,baseline,39.77,39.77272727272727
1642496,TEL-PPO,55.0,50,baseline,39.86,39.77272727272727
1646592,TEL-PPO,55.0,50,baseline,40.075,39.77272727272727
1650688,TEL-PPO,55.0,50,baseline,40.144999999999996,39.77272727272727
1654784,TEL-PPO,55.0,50,baseline,40.295,39.77272727272727
1658880,TEL-PPO,55.0,50,baseline,40.275000000000006,39.77272727272727
1662976,TEL-PPO,55.0,50,baseline,40.114999999999995,39.77272727272727
1667072,TEL-PPO,55.0,50,baseline,40.065,39.77272727272727
1671168,TEL-PPO,55.0,50,baseline,39.98,39.77272727272727
1675264,TEL-PPO,55.0,50,baseline,39.925,39.77272727272727
1679360,TEL-PPO,55.0,50,baseline,39.785,39.77272727272727
1683456,TEL-PPO,55.0,50,baseline,39.7,39.77272727272727
1687552,TEL-PPO,55.0,50,baseline,39.51,39.77272727272727
1691648,TEL-PPO,55.0,50,baseline,39.355000000000004,39.77272727272727
1695744,TEL-PPO,55.0,50,baseline,39.47,39.77272727272727
1699840,TEL-PPO,55.0,50,baseline,39.345,39.77272727272727
1703936,TEL-PPO,55.0,50,baseline,39.14,39.77272727272727
1708032,TEL-PPO,55.0,50,baseline,39.195,39.77272727272727
1712128,TEL-PPO,55.0,50,baseline,39.105000000000004,39.77272727272727
1716224,TEL-PPO,55.0,50,baseline,39.21,39.77272727272727
1720320,TEL-PPO,55.0,50,baseline,39.28,39.77272727272727
1724416,TEL-PPO,55.0,50,baseline,39.325,39.77272727272727
1728512,TEL-PPO,55.0,50,baseline,39.515,39.77272727272727
1732608,TEL-PPO,55.0,50,baseline,39.69,39.77272727272727
1736704,TEL-PPO,55.0,50,baseline,39.655,39.77272727272727
1740800,TEL-PPO,55.0,50,baseline,39.52,39.77272727272727
1744896,TEL-PPO,55.0,50,baseline,39.59,39.77272727272727
1748992,TEL-PPO,55.0,50,baseline,39.74,39.77272727272727
1753088,TEL-PPO,55.0,50,baseline,39.84,39.77272727272727
1757184,TEL-PPO,55.0,50,baseline,39.71,39.77272727272727
1761280,TEL-PPO,55.0,50,baseline,39.655,39.77272727272727
1765376,TEL-PPO,55.0,50,baseline,39.45,39.77272727272727
1769472,TEL-PPO,55.0,50,baseline,39.29,39.77272727272727
1773568,TEL-PPO,55.0,50,baseline,39.16,39.77272727272727
1777664,TEL-PPO,55.0,50,baseline,39.15,39.77272727272727
1781760,TEL-PPO,55.0,50,baseline,39.205,39.77272727272727
1785856,TEL-PPO,55.0,50,baseline,39.11,39.77272727272727
1789952,TEL-PPO,55.0,50,baseline,39.215,39.77272727272727
1794048,TEL-PPO,55.0,50,baseline,39.32,39.77272727272727
1798144,TEL-PPO,55.0,50,baseline,39.525000000000006,39.77272727272727
1802240,TEL-PPO,55.0,50,baseline,39.48,39.77272727272727
1806336,TEL-PPO,55.0,50,baseline,39.535,39.77272727272727
1810432,TEL-PPO,55.0,50,baseline,39.405,39.77272727272727
1814528,TEL-PPO,55.0,50,baseline,39.31,39.77272727272727
1818624,TEL-PPO,55.0,50,baseline,39.485,39.77272727272727
1822720,TEL-PPO,55.0,50,baseline,39.455,39.77272727272727
1826816,TEL-PPO,55.0,50,baseline,39.515,39.77272727272727
1830912,TEL-PPO,55.0,50,baseline,39.545,39.77272727272727
1835008,TEL-PPO,55.0,50,baseline,39.64,39.77272727272727
1839104,TEL-PPO,55.0,50,baseline,39.73,39.77272727272727
1843200,TEL-PPO,55.0,50,baseline,39.67,39.77272727272727
1847296,TEL-PPO,55.0,50,baseline,39.685,39.77272727272727
1851392,TEL-PPO,55.0,50,baseline,39.785,39.77272727272727
1855488,TEL-PPO,55.0,50,baseline,39.72,39.77272727272727
1859584,TEL-PPO,55.0,50,baseline,39.805,39.77272727272727
1863680,TEL-PPO,55.0,50,baseline,39.885000000000005,39.77272727272727
1867776,TEL-PPO,55.0,50,baseline,39.835,39.77272727272727
1871872,TEL-PPO,55.0,50,baseline,39.754999999999995,39.77272727272727
1875968,TEL-PPO,55.0,50,baseline,39.735,39.77272727272727
1880064,TEL-PPO,55.0,50,baseline,39.8,39.77272727272727
1884160,TEL-PPO,55.0,50,baseline,39.7,39.77272727272727
1888256,TEL-PPO,55.0,50,baseline,39.504999999999995,39.77272727272727
1892352,TEL-PPO,55.0,50,baseline,39.585,39.77272727272727
1896448,TEL-PPO,55.0,50,baseline,39.61,39.77272727272727
1900544,TEL-PPO,55.0,50,baseline,39.625,39.77272727272727
1904640,TEL-PPO,55.0,50,baseline,39.55,39.77272727272727
1908736,TEL-PPO,55.0,50,baseline,39.585,39.77272727272727
1912832,TEL-PPO,55.0,50,baseline,39.555,39.77272727272727
1916928,TEL-PPO,55.0,50,baseline,39.53,39.77272727272727
1921024,TEL-PPO,55.0,50,baseline,39.504999999999995,39.77272727272727
1925120,TEL-PPO,55.0,50,baseline,39.385000000000005,39.77272727272727
1929216,TEL-PPO,55.0,50,baseline,39.555,39.77272727272727
1933312,TEL-PPO,55.0,50,baseline,39.644999999999996,39.77272727272727
1937408,TEL-PPO,55.0,50,baseline,39.7,39.77272727272727
1941504,TEL-PPO,55.0,50,baseline,39.71,39.77272727272727
1945600,TEL-PPO,55.0,50,baseline,39.68,39.77272727272727
1949696,TEL-PPO,55.0,50,baseline,39.595,39.77272727272727
1953792,TEL-PPO,55.0,50,baseline,39.585,39.77272727272727
1957888,TEL-PPO,55.0,50,baseline,39.67,39.77272727272727
1961984,TEL-PPO,55.0,50,baseline,39.805,39.77272727272727
