step,method,q,seed,ablation,policy_mean_effort,theoretical_effort,effort_error
0,TEL-PPO,35.0,42,baseline,48.35102558135986,45.45454545454545,2.89648012681441
4096,TEL-PPO,35.0,42,baseline,48.00914525985718,45.45454545454545,2.5545998053117245
8192,TEL-PPO,35.0,42,baseline,47.58239686489105,45.45454545454545,2.127851410345599
12288,TEL-PPO,35.0,42,baseline,47.240179777145386,45.45454545454545,1.7856343225999325
16384,TEL-PPO,35.0,42,baseline,46.88454866409302,45.45454545454545,1.4300032095475643
20480,TEL-PPO,35.0,42,baseline,46.67429327964783,45.45454545454545,1.219747825102374
24576,TEL-PPO,35.0,42,baseline,46.29862904548645,45.45454545454545,0.8440835909409969
28672,TEL-PPO,35.0,42,baseline,46.041539311409,45.45454545454545,0.5869938568635433
32768,TEL-PPO,35.0,42,baseline,45.776790380477905,45.45454545454545,0.322244925932452
36864,TEL-PPO,35.0,42,baseline,45.52867412567139,45.45454545454545,0.07412867112593347
40960,TEL-PPO,35.0,42,baseline,45.23980915546417,45.45454545454545,0.2147362990812809
45056,TEL-PPO,35.0,42,baseline,44.96539831161499,45.45454545454545,0.489147142930463
49152,TEL-PPO,35.0,42,baseline,44.77953016757965,45.45454545454545,0.6750152869658024
53248,TEL-PPO,35.0,42,baseline,44.50202286243439,45.45454545454545,0.952522592111066
57344,TEL-PPO,35.0,42,baseline,44.218966364860535,45.45454545454545,1.2355790896849186
61440,TEL-PPO,35.0,42,baseline,44.03439164161682,45.45454545454545,1.420153812928632
65536,TEL-PPO,35.0,42,baseline,44.04537379741669,45.45454545454545,1.4091716571287662
69632,TEL-PPO,35.0,42,baseline,43.89778673648834,45.45454545454545,1.556758718057111
73728,TEL-PPO,35.0,42,baseline,44.065266847610474,45.45454545454545,1.3892786069349796
77824,TEL-PPO,35.0,42,baseline,44.42921578884125,45.45454545454545,1.0253296657042057
81920,TEL-PPO,35.0,42,baseline,44.475990533828735,45.45454545454545,0.9785549207167179
86016,TEL-PPO,35.0,42,baseline,44.650861620903015,45.45454545454545,0.8036838336424381
90112,TEL-PPO,35.0,42,baseline,44.78098154067993,45.45454545454545,0.6735639138655216
94208,TEL-PPO,35.0,42,baseline,44.753497838974,45.45454545454545,0.7010476155714542
98304,TEL-PPO,35.0,42,baseline,44.51117813587189,45.45454545454545,0.943367318673566
102400,TEL-PPO,35.0,42,baseline,44.14632320404053,45.45454545454545,1.308222250504926
106496,TEL-PPO,35.0,42,baseline,44.085705280303955,45.45454545454545,1.3688401742414982
110592,TEL-PPO,35.0,42,baseline,43.79630088806152,45.45454545454545,1.6582445664839298
114688,TEL-PPO,35.0,42,baseline,43.47525238990784,45.45454545454545,1.9792930646376163
118784,TEL-PPO,35.0,42,baseline,43.155744671821594,45.45454545454545,2.298800782723859
122880,TEL-PPO,35.0,42,baseline,43.203434348106384,45.45454545454545,2.251111106439069
126976,TEL-PPO,35.0,42,baseline,43.398451805114746,45.45454545454545,2.056093649430707
131072,TEL-PPO,35.0,42,baseline,43.19622814655304,45.45454545454545,2.2583173079924137
135168,TEL-PPO,35.0,42,baseline,43.52932870388031,45.45454545454545,1.9252167506651432
139264,TEL-PPO,35.0,42,baseline,43.81771981716156,45.45454545454545,1.6368256373838932
143360,TEL-PPO,35.0,42,baseline,43.52164268493652,45.45454545454545,1.9329027696089298
147456,TEL-PPO,35.0,42,baseline,43.4628963470459,45.45454545454545,1.9916491074995548
151552,TEL-PPO,35.0,42,baseline,43.92240345478058,45.45454545454545,1.5321419997648746
155648,TEL-PPO,35.0,42,baseline,44.197484850883484,45.45454545454545,1.2570606036619694
159744,TEL-PPO,35.0,42,baseline,44.37519907951355,45.45454545454545,1.0793463750319034
163840,TEL-PPO,35.0,42,baseline,44.27053928375244,45.45454545454545,1.1840061707930118
167936,TEL-PPO,35.0,42,baseline,44.15426254272461,45.45454545454545,1.3002829118208439
172032,TEL-PPO,35.0,42,baseline,44.278669357299805,45.45454545454545,1.1758760972456486
176128,TEL-PPO,35.0,42,baseline,43.75912547111511,45.45454545454545,1.695419983430341
180224,TEL-PPO,35.0,42,baseline,43.595823645591736,45.45454545454545,1.8587218089537174
184320,TEL-PPO,35.0,42,baseline,43.23750436306,45.45454545454545,2.2170410914854557
188416,TEL-PPO,35.0,42,baseline,43.03784668445587,45.45454545454545,2.4166987700895817
192512,TEL-PPO,35.0,42,baseline,43.35229992866516,45.45454545454545,2.102245525880292
196608,TEL-PPO,35.0,42,baseline,43.356773257255554,45.45454545454545,2.097772197289899
0,TEL-PPO,35.0,43,baseline,54.68367338180542,45.45454545454545,9.229127927259967
4096,TEL-PPO,35.0,43,baseline,54.19354438781738,45.45454545454545,8.73899893327193
8192,TEL-PPO,35.0,43,baseline,53.674304485321045,45.45454545454545,8.219759030775592
12288,TEL-PPO,35.0,43,baseline,53.25543284416199,45.45454545454545,7.800887389616534
16384,TEL-PPO,35.0,43,baseline,52.7269721031189,45.45454545454545,7.272426648573443
20480,TEL-PPO,35.0,43,baseline,52.31322646141052,45.45454545454545,6.858681006865069
24576,TEL-PPO,35.0,43,baseline,51.96342468261719,45.45454545454545,6.508879228071734
28672,TEL-PPO,35.0,43,baseline,51.60169005393982,45.45454545454545,6.147144599394366
32768,TEL-PPO,35.0,43,baseline,51.116615533828735,45.45454545454545,5.662070079283282
36864,TEL-PPO,35.0,43,baseline,50.708162784576416,45.45454545454545,5.253617330030963
40960,TEL-PPO,35.0,43,baseline,50.2494752407074,45.45454545454545,4.794929786161944
45056,TEL-PPO,35.0,43,baseline,50.13880133628845,45.45454545454545,4.684255881742999
49152,TEL-PPO,35.0,43,baseline,49.75886046886444,45.45454545454545,4.304315014318988
53248,TEL-PPO,35.0,43,baseline,49.391284584999084,45.45454545454545,3.936739130453631
57344,TEL-PPO,35.0,43,baseline,49.330708384513855,45.45454545454545,3.8761629299684017
61440,TEL-PPO,35.0,43,baseline,48.96816611289978,45.45454545454545,3.513620658354327
65536,TEL-PPO,35.0,43,baseline,48.60875904560089,45.45454545454545,3.154213591055438
69632,TEL-PPO,35.0,43,baseline,48.356494307518005,45.45454545454545,2.901948852972552
73728,TEL-PPO,35.0,43,baseline,48.25460612773895,45.45454545454545,2.8000606731934994
77824,TEL-PPO,35.0,43,baseline,48.11219871044159,45.45454545454545,2.657653255896136
81920,TEL-PPO,35.0,43,baseline,47.75189161300659,45.45454545454545,2.2973461584611385
86016,TEL-PPO,35.0,43,baseline,47.5314736366272,45.45454545454545,2.076928182081744
90112,TEL-PPO,35.0,43,baseline,47.214895486831665,45.45454545454545,1.7603500322862118
94208,TEL-PPO,35.0,43,baseline,46.88631296157837,45.45454545454545,1.4317675070329159
98304,TEL-PPO,35.0,43,baseline,46.66025936603546,45.45454545454545,1.2057139114900082
102400,TEL-PPO,35.0,43,baseline,46.78534269332886,45.45454545454545,1.3307972387834042
106496,TEL-PPO,35.0,43,baseline,46.408891677856445,45.45454545454545,0.9543462233109921
110592,TEL-PPO,35.0,43,baseline,46.05262875556946,45.45454545454545,0.5980833010240048
114688,TEL-PPO,35.0,43,baseline,46.00822627544403,45.45454545454545,0.5536808208985775
118784,TEL-PPO,35.0,43,baseline,45.64153254032135,45.45454545454545,0.18698708577589684
122880,TEL-PPO,35.0,43,baseline,45.518797636032104,45.45454545454545,0.06425218148665124
126976,TEL-PPO,35.0,43,baseline,45.77288627624512,45.45454545454545,0.31834082169966393
131072,TEL-PPO,35.0,43,baseline,45.355600118637085,45.45454545454545,0.09894533590836829
135168,TEL-PPO,35.0,43,baseline,45.02077102661133,45.45454545454545,0.43377442793412513
139264,TEL-PPO,35.0,43,baseline,44.75875496864319,45.45454545454545,0.6957904859022648
143360,TEL-PPO,35.0,43,baseline,45.00194787979126,45.45454545454545,0.4525975747541935
147456,TEL-PPO,35.0,43,baseline,44.70765292644501,45.45454545454545,0.7468925281004459
151552,TEL-PPO,35.0,43,baseline,44.56001818180084,45.45454545454545,0.894527272744611
155648,TEL-PPO,35.0,43,baseline,44.843390583992004,45.45454545454545,0.6111548705534489
159744,TEL-PPO,35.0,43,baseline,44.50560212135315,45.45454545454545,0.9489433331923038
163840,TEL-PPO,35.0,43,baseline,44.183775782585144,45.45454545454545,1.2707696719603092
167936,TEL-PPO,35.0,43,baseline,44.34678554534912,45.45454545454545,1.1077599091963322
172032,TEL-PPO,35.0,43,baseline,43.943947553634644,45.45454545454545,1.5105979009108097
176128,TEL-PPO,35.0,43,baseline,44.18714940547943,45.45454545454545,1.267396049066022
180224,TEL-PPO,35.0,43,baseline,44.55008506774902,45.45454545454545,0.9044603867964298
184320,TEL-PPO,35.0,43,baseline,44.84662711620331,45.45454545454545,0.6079183383421451
188416,TEL-PPO,35.0,43,baseline,44.53982710838318,45.45454545454545,0.9147183461622745
192512,TEL-PPO,35.0,43,baseline,44.80853080749512,45.45454545454545,0.6460146470503361
196608,TEL-PPO,35.0,43,baseline,44.61164474487305,45.45454545454545,0.8429007096724064
200704,TEL-PPO,35.0,43,baseline,44.43011283874512,45.45454545454545,1.024432615800336
204800,TEL-PPO,35.0,43,baseline,44.25083100795746,45.45454545454545,1.2037144465879948
208896,TEL-PPO,35.0,43,baseline,43.946731090545654,45.45454545454545,1.507814363999799
212992,TEL-PPO,35.0,43,baseline,44.105467200279236,45.45454545454545,1.3490782542662174
217088,TEL-PPO,35.0,43,baseline,43.877217173576355,45.45454545454545,1.5773282809690983
221184,TEL-PPO,35.0,43,baseline,43.47032308578491,45.45454545454545,1.9842223687605411
225280,TEL-PPO,35.0,43,baseline,43.62035095691681,45.45454545454545,1.8341944976286442
229376,TEL-PPO,35.0,43,baseline,43.50292980670929,45.45454545454545,1.9516156478361637
233472,TEL-PPO,35.0,43,baseline,43.229520320892334,45.45454545454545,2.2250251336531193
237568,TEL-PPO,35.0,43,baseline,42.99969673156738,45.45454545454545,2.4548487229780704
0,TEL-PPO,35.0,44,baseline,47.650349140167236,45.45454545454545,2.195803685621783
4096,TEL-PPO,35.0,44,baseline,47.154852747917175,45.45454545454545,1.700307293371722
8192,TEL-PPO,35.0,44,baseline,46.658581495285034,45.45454545454545,1.204036040739581
12288,TEL-PPO,35.0,44,baseline,46.21407687664032,45.45454545454545,0.7595314220948666
16384,TEL-PPO,35.0,44,baseline,45.77803909778595,45.45454545454545,0.32349364324049645
20480,TEL-PPO,35.0,44,baseline,45.35716474056244,45.45454545454545,0.09738071398301429
24576,TEL-PPO,35.0,44,baseline,44.8652058839798,45.45454545454545,0.5893395705656559
28672,TEL-PPO,35.0,44,baseline,44.520553946495056,45.45454545454545,0.9339915080503971
32768,TEL-PPO,35.0,44,baseline,43.99219751358032,45.45454545454545,1.462347940965131
36864,TEL-PPO,35.0,44,baseline,43.60126554965973,45.45454545454545,1.8532799048857242
40960,TEL-PPO,35.0,44,baseline,43.26721727848053,45.45454545454545,2.1873281760649235
45056,TEL-PPO,35.0,44,baseline,42.94147193431854,45.45454545454545,2.5130735202269108
49152,TEL-PPO,35.0,44,baseline,42.54274368286133,45.45454545454545,2.911801771684125
53248,TEL-PPO,35.0,44,baseline,42.29403734207153,45.45454545454545,3.16050811247392
57344,TEL-PPO,35.0,44,baseline,42.03102886676788,45.45454545454545,3.42351658777757
61440,TEL-PPO,35.0,44,baseline,41.858795285224915,45.45454545454545,3.5957501693205387
65536,TEL-PPO,35.0,44,baseline,41.73571467399597,45.45454545454545,3.7188307805494816
69632,TEL-PPO,35.0,44,baseline,41.60897731781006,45.45454545454545,3.8455681367353947
73728,TEL-PPO,35.0,44,baseline,41.526174545288086,45.45454545454545,3.9283709092573673
77824,TEL-PPO,35.0,44,baseline,41.53666794300079,45.45454545454545,3.91787751154466
81920,TEL-PPO,35.0,44,baseline,41.77347421646118,45.45454545454545,3.6810712380842716
86016,TEL-PPO,35.0,44,baseline,41.98693633079529,45.45454545454545,3.467609123750165
90112,TEL-PPO,35.0,44,baseline,41.954854130744934,45.45454545454545,3.499691323800519
94208,TEL-PPO,35.0,44,baseline,41.75923764705658,45.45454545454545,3.6953078074888737
98304,TEL-PPO,35.0,44,baseline,42.05438792705536,45.45454545454545,3.4001575274900944
102400,TEL-PPO,35.0,44,baseline,42.28130877017975,45.45454545454545,3.1732366843657047
106496,TEL-PPO,35.0,44,baseline,42.26926565170288,45.45454545454545,3.1852798028425724
110592,TEL-PPO,35.0,44,baseline,41.90169870853424,45.45454545454545,3.5528467460112125
114688,TEL-PPO,35.0,44,baseline,41.53872728347778,45.45454545454545,3.91581817106767
118784,TEL-PPO,35.0,44,baseline,41.78681969642639,45.45454545454545,3.6677257581190617
122880,TEL-PPO,35.0,44,baseline,42.03595519065857,45.45454545454545,3.418590263886884
126976,TEL-PPO,35.0,44,baseline,41.73699617385864,45.45454545454545,3.7175492806868107
131072,TEL-PPO,35.0,44,baseline,41.51700139045715,45.45454545454545,3.9375440640883
135168,TEL-PPO,35.0,44,baseline,41.36297106742859,45.45454545454545,4.091574387116864
139264,TEL-PPO,35.0,44,baseline,41.09233915805817,45.45454545454545,4.362206296487287
143360,TEL-PPO,35.0,44,baseline,41.15384221076965,45.45454545454545,4.3007032437758
147456,TEL-PPO,35.0,44,baseline,41.44656956195831,45.45454545454545,4.00797589258714
151552,TEL-PPO,35.0,44,baseline,41.325244307518005,45.45454545454545,4.129301147027448
155648,TEL-PPO,35.0,44,baseline,41.62575602531433,45.45454545454545,3.828789429231122
159744,TEL-PPO,35.0,44,baseline,41.7843222618103,45.45454545454545,3.6702231927351505
163840,TEL-PPO,35.0,44,baseline,42.14063882827759,45.45454545454545,3.3139066262678654
167936,TEL-PPO,35.0,44,baseline,41.93383455276489,45.45454545454545,3.5207109017805607
172032,TEL-PPO,35.0,44,baseline,41.973066329956055,45.45454545454545,3.4814791245893986
176128,TEL-PPO,35.0,44,baseline,42.24750101566315,45.45454545454545,3.2070444388823063
180224,TEL-PPO,35.0,44,baseline,42.3383504152298,45.45454545454545,3.116195039315656
184320,TEL-PPO,35.0,44,baseline,42.55909025669098,45.45454545454545,2.8954551978544742
188416,TEL-PPO,35.0,44,baseline,42.20777153968811,45.45454545454545,3.246773914857343
192512,TEL-PPO,35.0,44,baseline,41.747450828552246,45.45454545454545,3.707094625993207
196608,TEL-PPO,35.0,44,baseline,41.96806848049164,45.45454545454545,3.486476974053815
0,TEL-PPO,35.0,45,baseline,48.9437609910965,45.45454545454545,3.4892155365510433
4096,TEL-PPO,35.0,45,baseline,48.87305200099945,45.45454545454545,3.4185065464539974
8192,TEL-PPO,35.0,45,baseline,48.83291721343994,45.45454545454545,3.378371758894488
12288,TEL-PPO,35.0,45,baseline,48.82417321205139,45.45454545454545,3.3696277575059383
16384,TEL-PPO,35.0,45,baseline,48.87986481189728,45.45454545454545,3.4253193573518246
20480,TEL-PPO,35.0,45,baseline,48.86401295661926,45.45454545454545,3.4094675020738094
24576,TEL-PPO,35.0,45,baseline,48.78031015396118,45.45454545454545,3.3257646994157284
28672,TEL-PPO,35.0,45,baseline,48.81263077259064,45.45454545454545,3.358085318045184
32768,TEL-PPO,35.0,45,baseline,48.84635508060455,45.45454545454545,3.3918096260591
36864,TEL-PPO,35.0,45,baseline,48.89683425426483,45.45454545454545,3.4422887997193783
40960,TEL-PPO,35.0,45,baseline,48.88313412666321,45.45454545454545,3.4285886721177548
45056,TEL-PPO,35.0,45,baseline,48.86213541030884,45.45454545454545,3.4075899557633846
49152,TEL-PPO,35.0,45,baseline,48.829954862594604,45.45454545454545,3.3754094080491512
53248,TEL-PPO,35.0,45,baseline,48.89571666717529,45.45454545454545,3.4411712126298397
57344,TEL-PPO,35.0,45,baseline,48.98868799209595,45.45454545454545,3.534142537550494
61440,TEL-PPO,35.0,45,baseline,48.941051959991455,45.45454545454545,3.486506505446002
65536,TEL-PPO,35.0,45,baseline,48.72366189956665,45.45454545454545,3.269116445021197
69632,TEL-PPO,35.0,45,baseline,48.69804382324219,45.45454545454545,3.2434983686967342
73728,TEL-PPO,35.0,45,baseline,48.49294424057007,45.45454545454545,3.038398786024615
77824,TEL-PPO,35.0,45,baseline,48.66580069065094,45.45454545454545,3.2112552361054867
81920,TEL-PPO,35.0,45,baseline,48.89959394931793,45.45454545454545,3.445048494772479
86016,TEL-PPO,35.0,45,baseline,48.638686537742615,45.45454545454545,3.1841410831971615
90112,TEL-PPO,35.0,45,baseline,48.257601261138916,45.45454545454545,2.8030558065934628
94208,TEL-PPO,35.0,45,baseline,48.307183384895325,45.45454545454545,2.8526379303498715
98304,TEL-PPO,35.0,45,baseline,48.26052486896515,45.45454545454545,2.8059794144196957
102400,TEL-PPO,35.0,45,baseline,47.96212613582611,45.45454545454545,2.5075806812806576
106496,TEL-PPO,35.0,45,baseline,47.592753171920776,45.45454545454545,2.138207717375323
110592,TEL-PPO,35.0,45,baseline,47.36113250255585,45.45454545454545,1.906587048010394
114688,TEL-PPO,35.0,45,baseline,46.966418623924255,45.45454545454545,1.5118731693788021
118784,TEL-PPO,35.0,45,baseline,46.546292304992676,45.45454545454545,1.0917468504472225
122880,TEL-PPO,35.0,45,baseline,46.167364716529846,45.45454545454545,0.7128192619843929
126976,TEL-PPO,35.0,45,baseline,45.74523866176605,45.45454545454545,0.290693207220599
131072,TEL-PPO,35.0,45,baseline,45.5815851688385,45.45454545454545,0.12703971429304772
135168,TEL-PPO,35.0,45,baseline,45.9437370300293,45.45454545454545,0.4891915754838436
139264,TEL-PPO,35.0,45,baseline,45.675912499427795,45.45454545454545,0.22136704488234216
143360,TEL-PPO,35.0,45,baseline,45.333945751190186,45.45454545454545,0.1205997033552677
147456,TEL-PPO,35.0,45,baseline,45.197540521621704,45.45454545454545,0.25700493292374915
151552,TEL-PPO,35.0,45,baseline,45.304879546165466,45.45454545454545,0.14966590837998694
155648,TEL-PPO,35.0,45,baseline,44.84502077102661,45.45454545454545,0.6095246835188419
159744,TEL-PPO,35.0,45,baseline,44.57535743713379,45.45454545454545,0.8791880174116642
163840,TEL-PPO,35.0,45,baseline,44.794097542762756,45.45454545454545,0.6604479117826969
167936,TEL-PPO,35.0,45,baseline,44.31869089603424,45.45454545454545,1.1358545585112125
172032,TEL-PPO,35.0,45,baseline,43.99368166923523,45.45454545454545,1.4608637853102238
176128,TEL-PPO,35.0,45,baseline,44.07162070274353,45.45454545454545,1.382924751801923
180224,TEL-PPO,35.0,45,baseline,43.68467926979065,45.45454545454545,1.7698661847548038
184320,TEL-PPO,35.0,45,baseline,43.28430891036987,45.45454545454545,2.17023654417558
188416,TEL-PPO,35.0,45,baseline,43.19987893104553,45.45454545454545,2.254666523499921
192512,TEL-PPO,35.0,45,baseline,43.02743971347809,45.45454545454545,2.427105741067365
196608,TEL-PPO,35.0,45,baseline,43.070197105407715,45.45454545454545,2.3843483491377384
200704,TEL-PPO,35.0,45,baseline,42.82543659210205,45.45454545454545,2.6291088624434025
204800,TEL-PPO,35.0,45,baseline,42.37430989742279,45.45454545454545,3.0802355571226627
208896,TEL-PPO,35.0,45,baseline,42.56960153579712,45.45454545454545,2.884943918748334
212992,TEL-PPO,35.0,45,baseline,42.67382621765137,45.45454545454545,2.780719236894086
217088,TEL-PPO,35.0,45,baseline,42.71864891052246,45.45454545454545,2.7358965440229923
221184,TEL-PPO,35.0,45,baseline,42.71661341190338,45.45454545454545,2.737932042642072
225280,TEL-PPO,35.0,45,baseline,42.94549226760864,45.45454545454545,2.5090531869368107
229376,TEL-PPO,35.0,45,baseline,42.84700155258179,45.45454545454545,2.607543901963666
233472,TEL-PPO,35.0,45,baseline,43.04975867271423,45.45454545454545,2.40478678183122
237568,TEL-PPO,35.0,45,baseline,43.38679313659668,45.45454545454545,2.0677523179487736
241664,TEL-PPO,35.0,45,baseline,43.033695220947266,45.45454545454545,2.4208502335981876
245760,TEL-PPO,35.0,45,baseline,43.40399503707886,45.45454545454545,2.050550417466596
249856,TEL-PPO,35.0,45,baseline,43.55138838291168,45.45454545454545,1.9031570716337711
253952,TEL-PPO,35.0,45,baseline,43.52974593639374,45.45454545454545,1.9247995181517155
258048,TEL-PPO,35.0,45,baseline,43.62452030181885,45.45454545454545,1.8300251527266056
262144,TEL-PPO,35.0,45,baseline,43.883153796195984,45.45454545454545,1.5713916583494694
266240,TEL-PPO,35.0,45,baseline,44.098299741744995,45.45454545454545,1.3562457128004581
270336,TEL-PPO,35.0,45,baseline,44.43438649177551,45.45454545454545,1.0201589627699406
274432,TEL-PPO,35.0,45,baseline,44.89879012107849,45.45454545454545,0.555755333466962
278528,TEL-PPO,35.0,45,baseline,45.188283920288086,45.45454545454545,0.2662615342573673
0,TEL-PPO,35.0,46,baseline,50.409770011901855,45.45454545454545,4.955224557356402
4096,TEL-PPO,35.0,46,baseline,50.13262629508972,45.45454545454545,4.678080840544268
8192,TEL-PPO,35.0,46,baseline,49.8497873544693,45.45454545454545,4.395241899923846
12288,TEL-PPO,35.0,46,baseline,49.574828147888184,45.45454545454545,4.12028269334273
16384,TEL-PPO,35.0,46,baseline,49.3050217628479,45.45454545454545,3.850476308302447
20480,TEL-PPO,35.0,46,baseline,48.93043339252472,45.45454545454545,3.475887937979266
24576,TEL-PPO,35.0,46,baseline,48.64368736743927,45.45454545454545,3.1891419128938168
28672,TEL-PPO,35.0,46,baseline,48.29473793506622,45.45454545454545,2.84019248052077
32768,TEL-PPO,35.0,46,baseline,47.86345660686493,45.45454545454545,2.408911152319476
36864,TEL-PPO,35.0,46,baseline,47.620877623558044,45.45454545454545,2.166332169012591
40960,TEL-PPO,35.0,46,baseline,47.29252755641937,45.45454545454545,1.8379821018739193
45056,TEL-PPO,35.0,46,baseline,47.013428807258606,45.45454545454545,1.5588833527131527
49152,TEL-PPO,35.0,46,baseline,46.67333662509918,45.45454545454545,1.2187911705537289
53248,TEL-PPO,35.0,46,baseline,46.46482467651367,45.45454545454545,1.0102792219682186
57344,TEL-PPO,35.0,46,baseline,46.51082158088684,45.45454545454545,1.0562761263413876
61440,TEL-PPO,35.0,46,baseline,46.66573405265808,45.45454545454545,1.2111885981126278
65536,TEL-PPO,35.0,46,baseline,46.635568141937256,45.45454545454545,1.1810226873918026
69632,TEL-PPO,35.0,46,baseline,46.631038188934326,45.45454545454545,1.176492734388873
73728,TEL-PPO,35.0,46,baseline,46.46967053413391,45.45454545454545,1.0151250795884579
77824,TEL-PPO,35.0,46,baseline,46.37530446052551,45.45454545454545,0.9207590059800594
81920,TEL-PPO,35.0,46,baseline,46.307337284088135,45.45454545454545,0.8527918295426815
86016,TEL-PPO,35.0,46,baseline,46.24297916889191,45.45454545454545,0.7884337143464535
90112,TEL-PPO,35.0,46,baseline,46.29451334476471,45.45454545454545,0.8399678902192562
94208,TEL-PPO,35.0,46,baseline,46.67932987213135,45.45454545454545,1.2247844175858944
98304,TEL-PPO,35.0,46,baseline,46.6212272644043,45.45454545454545,1.1666818098588436
102400,TEL-PPO,35.0,46,baseline,46.45316004753113,45.45454545454545,0.9986145929856747
106496,TEL-PPO,35.0,46,baseline,46.04813754558563,45.45454545454545,0.5935920910401791
110592,TEL-PPO,35.0,46,baseline,46.239134669303894,45.45454545454545,0.7845892147584408
114688,TEL-PPO,35.0,46,baseline,45.97528874874115,45.45454545454545,0.5207432941956966
118784,TEL-PPO,35.0,46,baseline,45.67553400993347,45.45454545454545,0.22098855538801843
122880,TEL-PPO,35.0,46,baseline,45.84428668022156,45.45454545454545,0.38974122567610436
126976,TEL-PPO,35.0,46,baseline,46.13749086856842,45.45454545454545,0.6829454140229672
131072,TEL-PPO,35.0,46,baseline,45.76295018196106,45.45454545454545,0.3084047274156063
135168,TEL-PPO,35.0,46,baseline,45.673444867134094,45.45454545454545,0.21889941258864098
139264,TEL-PPO,35.0,46,baseline,45.192283391952515,45.45454545454545,0.2622620625929386
143360,TEL-PPO,35.0,46,baseline,45.05198001861572,45.45454545454545,0.4025654359297306
147456,TEL-PPO,35.0,46,baseline,44.607388973236084,45.45454545454545,0.8471564813093693
151552,TEL-PPO,35.0,46,baseline,44.42620277404785,45.45454545454545,1.0283426804976017
155648,TEL-PPO,35.0,46,baseline,44.21783685684204,45.45454545454545,1.2367085977034122
159744,TEL-PPO,35.0,46,baseline,43.89654099941254,45.45454545454545,1.5580044551329166
163840,TEL-PPO,35.0,46,baseline,43.6326265335083,45.45454545454545,1.8219189210371525
167936,TEL-PPO,35.0,46,baseline,44.14036571979523,45.45454545454545,1.3141797347502262
172032,TEL-PPO,35.0,46,baseline,44.109830260276794,45.45454545454545,1.3447151942686588
176128,TEL-PPO,35.0,46,baseline,44.31931674480438,45.45454545454545,1.135228709741071
180224,TEL-PPO,35.0,46,baseline,43.979474902153015,45.45454545454545,1.4750705523924381
184320,TEL-PPO,35.0,46,baseline,44.27398443222046,45.45454545454545,1.1805610223249943
188416,TEL-PPO,35.0,46,baseline,44.05504763126373,45.45454545454545,1.3994978232817203
192512,TEL-PPO,35.0,46,baseline,44.41549777984619,45.45454545454545,1.0390476746992618
196608,TEL-PPO,35.0,46,baseline,44.38598155975342,45.45454545454545,1.0685638947920353
0,TEL-PPO,45.0,42,baseline,49.600717425346375,35.35353535353535,14.247182071811025
4096,TEL-PPO,45.0,42,baseline,49.15948510169983,35.35353535353535,13.80594974816448
8192,TEL-PPO,45.0,42,baseline,48.54125380516052,35.35353535353535,13.187718451625173
12288,TEL-PPO,45.0,42,baseline,48.005253076553345,35.35353535353535,12.651717723017995
16384,TEL-PPO,45.0,42,baseline,47.42484092712402,35.35353535353535,12.071305573588674
20480,TEL-PPO,45.0,42,baseline,46.916463971138,35.35353535353535,11.562928617602651
24576,TEL-PPO,45.0,42,baseline,46.45657539367676,35.35353535353535,11.103040040141408
28672,TEL-PPO,45.0,42,baseline,45.970821380615234,35.35353535353535,10.617286027079885
32768,TEL-PPO,45.0,42,baseline,45.50988972187042,35.35353535353535,10.156354368335073
36864,TEL-PPO,45.0,42,baseline,44.933608174324036,35.35353535353535,9.580072820788686
40960,TEL-PPO,45.0,42,baseline,44.43706274032593,35.35353535353535,9.083527386790578
45056,TEL-PPO,45.0,42,baseline,44.04488801956177,35.35353535353535,8.691352666026418
49152,TEL-PPO,45.0,42,baseline,43.579137325286865,35.35353535353535,8.225601971751516
53248,TEL-PPO,45.0,42,baseline,43.21684539318085,35.35353535353535,7.863310039645498
57344,TEL-PPO,45.0,42,baseline,42.66058802604675,35.35353535353535,7.307052672511404
61440,TEL-PPO,45.0,42,baseline,42.268165946006775,35.35353535353535,6.9146305924714255
65536,TEL-PPO,45.0,42,baseline,41.77622199058533,35.35353535353535,6.422686637049978
69632,TEL-PPO,45.0,42,baseline,41.54343903064728,35.35353535353535,6.1899036771119285
73728,TEL-PPO,45.0,42,baseline,41.0831093788147,35.35353535353535,5.729574025279348
77824,TEL-PPO,45.0,42,baseline,40.724194049835205,35.35353535353535,5.370658696299856
81920,TEL-PPO,45.0,42,baseline,40.2814656496048,35.35353535353535,4.927930296069448
86016,TEL-PPO,45.0,42,baseline,39.89921808242798,35.35353535353535,4.545682728892629
90112,TEL-PPO,45.0,42,baseline,39.5499587059021,35.35353535353535,4.19642335236675
94208,TEL-PPO,45.0,42,baseline,39.43899869918823,35.35353535353535,4.085463345652883
98304,TEL-PPO,45.0,42,baseline,39.008915424346924,35.35353535353535,3.6553800708115745
102400,TEL-PPO,45.0,42,baseline,38.605037331581116,35.35353535353535,3.2515019780457664
106496,TEL-PPO,45.0,42,baseline,38.18867206573486,35.35353535353535,2.835136712199514
110592,TEL-PPO,45.0,42,baseline,37.82569169998169,35.35353535353535,2.47215634644634
114688,TEL-PPO,45.0,42,baseline,37.490180134773254,35.35353535353535,2.136644781237905
118784,TEL-PPO,45.0,42,baseline,37.06401586532593,35.35353535353535,1.7104805117905784
122880,TEL-PPO,45.0,42,baseline,36.66764497756958,35.35353535353535,1.3141096240342307
126976,TEL-PPO,45.0,42,baseline,36.32264733314514,35.35353535353535,0.9691119796097922
131072,TEL-PPO,45.0,42,baseline,36.574411392211914,35.35353535353535,1.2208760386765647
135168,TEL-PPO,45.0,42,baseline,36.23028099536896,35.35353535353535,0.8767456418336081
139264,TEL-PPO,45.0,42,baseline,36.38859689235687,35.35353535353535,1.0350615388215232
143360,TEL-PPO,45.0,42,baseline,36.21201813220978,35.35353535353535,0.8584827786744285
147456,TEL-PPO,45.0,42,baseline,36.11761033535004,35.35353535353535,0.7640749818146872
151552,TEL-PPO,45.0,42,baseline,36.183807253837585,35.35353535353535,0.8302719003022361
155648,TEL-PPO,45.0,42,baseline,35.70446074008942,35.35353535353535,0.35092538655406713
159744,TEL-PPO,45.0,42,baseline,35.99525988101959,35.35353535353535,0.6417245274842429
163840,TEL-PPO,45.0,42,baseline,35.59702932834625,35.35353535353535,0.24349397481090307
167936,TEL-PPO,45.0,42,baseline,35.37386953830719,35.35353535353535,0.02033418477184057
172032,TEL-PPO,45.0,42,baseline,34.996622800827026,35.35353535353535,0.356912552708323
176128,TEL-PPO,45.0,42,baseline,35.59451699256897,35.35353535353535,0.24098163903362035
180224,TEL-PPO,45.0,42,baseline,35.49360930919647,35.35353535353535,0.1400739556611228
184320,TEL-PPO,45.0,42,baseline,35.274434089660645,35.35353535353535,0.07910126387470484
188416,TEL-PPO,45.0,42,baseline,35.61411201953888,35.35353535353535,0.26057666600353
192512,TEL-PPO,45.0,42,baseline,35.78386306762695,35.35353535353535,0.43032771409160375
196608,TEL-PPO,45.0,42,baseline,36.101001501083374,35.35353535353535,0.7474661475480247
200704,TEL-PPO,45.0,42,baseline,35.83431839942932,35.35353535353535,0.4807830458939719
204800,TEL-PPO,45.0,42,baseline,36.1050009727478,35.35353535353535,0.7514656192124534
208896,TEL-PPO,45.0,42,baseline,36.479395627975464,35.35353535353535,1.1258602744401145
212992,TEL-PPO,45.0,42,baseline,36.17353439331055,35.35353535353535,0.8199990397751975
217088,TEL-PPO,45.0,42,baseline,35.70778965950012,35.35353535353535,0.3542543059647727
221184,TEL-PPO,45.0,42,baseline,35.84362864494324,35.35353535353535,0.49009329140788793
225280,TEL-PPO,45.0,42,baseline,36.193105578422546,35.35353535353535,0.839570224887197
229376,TEL-PPO,45.0,42,baseline,35.75087487697601,35.35353535353535,0.3973395234406638
233472,TEL-PPO,45.0,42,baseline,35.66742241382599,35.35353535353535,0.3138870602906394
237568,TEL-PPO,45.0,42,baseline,35.35902500152588,35.35353535353535,0.005489647990529534
241664,TEL-PPO,45.0,42,baseline,35.088154673576355,35.35353535353535,0.2653806799589944
245760,TEL-PPO,45.0,42,baseline,34.975239634513855,35.35353535353535,0.3782957190214944
249856,TEL-PPO,45.0,42,baseline,35.17848253250122,35.35353535353535,0.17505282103412867
253952,TEL-PPO,45.0,42,baseline,35.40678322315216,35.35353535353535,0.05324786961681127
258048,TEL-PPO,45.0,42,baseline,35.38387417793274,35.35353535353535,0.030338824397389885
262144,TEL-PPO,45.0,42,baseline,35.66721975803375,35.35353535353535,0.31368440449840307
266240,TEL-PPO,45.0,42,baseline,35.70811748504639,35.35353535353535,0.35458213151103735
270336,TEL-PPO,45.0,42,baseline,35.37651598453522,35.35353535353535,0.022980630999867913
274432,TEL-PPO,45.0,42,baseline,35.20232439041138,35.35353535353535,0.15121096312397242
278528,TEL-PPO,45.0,42,baseline,34.86367166042328,35.35353535353535,0.48986369311207056
0,TEL-PPO,45.0,43,baseline,53.67547869682312,35.35353535353535,18.32194334328777
4096,TEL-PPO,45.0,43,baseline,53.280824422836304,35.35353535353535,17.927289069300954
8192,TEL-PPO,45.0,43,baseline,52.74730920791626,35.35353535353535,17.39377385438091
12288,TEL-PPO,45.0,43,baseline,52.247488498687744,35.35353535353535,16.893953145152395
16384,TEL-PPO,45.0,43,baseline,51.73693299293518,35.35353535353535,16.38339763939983
20480,TEL-PPO,45.0,43,baseline,51.269352436065674,35.35353535353535,15.915817082530324
24576,TEL-PPO,45.0,43,baseline,50.789690017700195,35.35353535353535,15.436154664164846
28672,TEL-PPO,45.0,43,baseline,50.26598572731018,35.35353535353535,14.912450373774831
32768,TEL-PPO,45.0,43,baseline,49.75274205207825,35.35353535353535,14.399206698542898
36864,TEL-PPO,45.0,43,baseline,49.22078549861908,35.35353535353535,13.86725014508373
40960,TEL-PPO,45.0,43,baseline,48.734426498413086,35.35353535353535,13.380891144877737
45056,TEL-PPO,45.0,43,baseline,48.300909996032715,35.35353535353535,12.947374642497365
49152,TEL-PPO,45.0,43,baseline,47.841036319732666,35.35353535353535,12.487500966197317
53248,TEL-PPO,45.0,43,baseline,47.33860492706299,35.35353535353535,11.985069573527639
57344,TEL-PPO,45.0,43,baseline,46.96483612060547,35.35353535353535,11.61130076707012
61440,TEL-PPO,45.0,43,baseline,46.50447964668274,35.35353535353535,11.15094429314739
65536,TEL-PPO,45.0,43,baseline,46.149688959121704,35.35353535353535,10.796153605586355
69632,TEL-PPO,45.0,43,baseline,45.686641335487366,35.35353535353535,10.333105981952016
73728,TEL-PPO,45.0,43,baseline,45.20077407360077,35.35353535353535,9.84723872006542
77824,TEL-PPO,45.0,43,baseline,44.78590488433838,35.35353535353535,9.43236953080303
81920,TEL-PPO,45.0,43,baseline,44.435521960258484,35.35353535353535,9.081986606723135
86016,TEL-PPO,45.0,43,baseline,44.31593418121338,35.35353535353535,8.96239882767803
90112,TEL-PPO,45.0,43,baseline,43.86546611785889,35.35353535353535,8.511930764323537
94208,TEL-PPO,45.0,43,baseline,43.40851008892059,35.35353535353535,8.054974735385244
98304,TEL-PPO,45.0,43,baseline,42.98316240310669,35.35353535353535,7.62962704957134
102400,TEL-PPO,45.0,43,baseline,42.85745024681091,35.35353535353535,7.503914893275564
106496,TEL-PPO,45.0,43,baseline,42.492273449897766,35.35353535353535,7.138738096362417
110592,TEL-PPO,45.0,43,baseline,42.14646518230438,35.35353535353535,6.792929828769033
114688,TEL-PPO,45.0,43,baseline,42.23058223724365,35.35353535353535,6.877046883708303
118784,TEL-PPO,45.0,43,baseline,41.834524273872375,35.35353535353535,6.480988920337026
122880,TEL-PPO,45.0,43,baseline,41.84952974319458,35.35353535353535,6.495994389659231
126976,TEL-PPO,45.0,43,baseline,41.4789080619812,35.35353535353535,6.125372708445852
131072,TEL-PPO,45.0,43,baseline,41.629841923713684,35.35353535353535,6.276306570178335
135168,TEL-PPO,45.0,43,baseline,41.26617610454559,35.35353535353535,5.912640751010244
139264,TEL-PPO,45.0,43,baseline,41.179460287094116,35.35353535353535,5.825924933558767
143360,TEL-PPO,45.0,43,baseline,40.802764892578125,35.35353535353535,5.449229539042776
147456,TEL-PPO,45.0,43,baseline,40.651723742485046,35.35353535353535,5.298188388949697
151552,TEL-PPO,45.0,43,baseline,40.23234844207764,35.35353535353535,4.878813088542287
155648,TEL-PPO,45.0,43,baseline,40.10208547115326,35.35353535353535,4.74855011761791
159744,TEL-PPO,45.0,43,baseline,39.81007635593414,35.35353535353535,4.456541002398794
163840,TEL-PPO,45.0,43,baseline,39.5062655210495,35.35353535353535,4.15273016751415
167936,TEL-PPO,45.0,43,baseline,39.09939527511597,35.35353535353535,3.7458599215806174
172032,TEL-PPO,45.0,43,baseline,39.09100294113159,35.35353535353535,3.7374675875962424
176128,TEL-PPO,45.0,43,baseline,39.23126459121704,35.35353535353535,3.8777292376816916
180224,TEL-PPO,45.0,43,baseline,38.95204961299896,35.35353535353535,3.598514259463613
184320,TEL-PPO,45.0,43,baseline,38.67051899433136,35.35353535353535,3.3169836407960105
188416,TEL-PPO,45.0,43,baseline,39.06725347042084,35.35353535353535,3.713718116885488
192512,TEL-PPO,45.0,43,baseline,38.94977271556854,35.35353535353535,3.596237362033193
196608,TEL-PPO,45.0,43,baseline,39.09870088100433,35.35353535353535,3.745165527468984
200704,TEL-PPO,45.0,43,baseline,39.311131834983826,35.35353535353535,3.9575964814484763
204800,TEL-PPO,45.0,43,baseline,39.21104967594147,35.35353535353535,3.857514322406118
208896,TEL-PPO,45.0,43,baseline,39.0653520822525,35.35353535353535,3.711816728717153
212992,TEL-PPO,45.0,43,baseline,38.99051547050476,35.35353535353535,3.6369801169694114
217088,TEL-PPO,45.0,43,baseline,39.391422271728516,35.35353535353535,4.037886918193166
221184,TEL-PPO,45.0,43,baseline,39.45011496543884,35.35353535353535,4.096579611903493
225280,TEL-PPO,45.0,43,baseline,39.04730677604675,35.35353535353535,3.6937714225114036
229376,TEL-PPO,45.0,43,baseline,39.08408880233765,35.35353535353535,3.730553448802297
233472,TEL-PPO,45.0,43,baseline,39.02440071105957,35.35353535353535,3.670865357524221
237568,TEL-PPO,45.0,43,baseline,38.7389212846756,35.35353535353535,3.3853859311402488
241664,TEL-PPO,45.0,43,baseline,38.38568925857544,35.35353535353535,3.03215390504009
245760,TEL-PPO,45.0,43,baseline,38.01694214344025,35.35353535353535,2.663406789904897
249856,TEL-PPO,45.0,43,baseline,37.79349625110626,35.35353535353535,2.439960897570913
253952,TEL-PPO,45.0,43,baseline,37.594786286354065,35.35353535353535,2.2412509328187156
258048,TEL-PPO,45.0,43,baseline,37.19959259033203,35.35353535353535,1.8460572367966819
262144,TEL-PPO,45.0,43,baseline,36.80514097213745,35.35353535353535,1.4516056186021018
266240,TEL-PPO,45.0,43,baseline,36.38775646686554,35.35353535353535,1.0342211133301902
270336,TEL-PPO,45.0,43,baseline,36.57677471637726,35.35353535353535,1.223239362841909
274432,TEL-PPO,45.0,43,baseline,36.77932620048523,35.35353535353535,1.4257908469498801
278528,TEL-PPO,45.0,43,baseline,36.29208505153656,35.35353535353535,0.9385496980012107
282624,TEL-PPO,45.0,43,baseline,36.33278012275696,35.35353535353535,0.9792447692216086
286720,TEL-PPO,45.0,43,baseline,36.22441589832306,35.35353535353535,0.8708805447877097
290816,TEL-PPO,45.0,43,baseline,36.1343652009964,35.35353535353535,0.7808298474610496
294912,TEL-PPO,45.0,43,baseline,35.69702506065369,35.35353535353535,0.34348970711833715
299008,TEL-PPO,45.0,43,baseline,35.418736934661865,35.35353535353535,0.06520158112651586
303104,TEL-PPO,45.0,43,baseline,35.840022563934326,35.35353535353535,0.4864872103989768
307200,TEL-PPO,45.0,43,baseline,35.917091369628906,35.35353535353535,0.5635560160935569
311296,TEL-PPO,45.0,43,baseline,35.61454713344574,35.35353535353535,0.2610117799103904
315392,TEL-PPO,45.0,43,baseline,35.98969876766205,35.35353535353535,0.636163414126699
319488,TEL-PPO,45.0,43,baseline,35.7716828584671,35.35353535353535,0.4181475049317527
0,TEL-PPO,45.0,44,baseline,49.45673048496246,35.35353535353535,14.103195131427114
4096,TEL-PPO,45.0,44,baseline,49.241966009140015,35.35353535353535,13.888430655604665
8192,TEL-PPO,45.0,44,baseline,49.08692538738251,35.35353535353535,13.733390033847158
12288,TEL-PPO,45.0,44,baseline,48.94724488258362,35.35353535353535,13.593709529048269
16384,TEL-PPO,45.0,44,baseline,48.820093274116516,35.35353535353535,13.466557920581167
20480,TEL-PPO,45.0,44,baseline,48.6500084400177,35.35353535353535,13.29647308648235
24576,TEL-PPO,45.0,44,baseline,48.423296213150024,35.35353535353535,13.069760859614675
28672,TEL-PPO,45.0,44,baseline,48.276013135910034,35.35353535353535,12.922477782374685
32768,TEL-PPO,45.0,44,baseline,47.977882623672485,35.35353535353535,12.624347270137136
36864,TEL-PPO,45.0,44,baseline,47.65083193778992,35.35353535353535,12.297296584254568
40960,TEL-PPO,45.0,44,baseline,47.32921123504639,35.35353535353535,11.975675881511037
45056,TEL-PPO,45.0,44,baseline,46.94203734397888,35.35353535353535,11.588501990443532
49152,TEL-PPO,45.0,44,baseline,46.58752679824829,35.35353535353535,11.233991444712942
53248,TEL-PPO,45.0,44,baseline,46.24929428100586,35.35353535353535,10.89575892747051
57344,TEL-PPO,45.0,44,baseline,46.03569507598877,35.35353535353535,10.68215972245342
61440,TEL-PPO,45.0,44,baseline,45.78946828842163,35.35353535353535,10.435932934886281
65536,TEL-PPO,45.0,44,baseline,45.448219776153564,35.35353535353535,10.094684422618215
69632,TEL-PPO,45.0,44,baseline,45.14733552932739,35.35353535353535,9.793800175792043
73728,TEL-PPO,45.0,44,baseline,44.77085769176483,35.35353535353535,9.417322338229482
77824,TEL-PPO,45.0,44,baseline,44.24613118171692,35.35353535353535,8.89259582818157
81920,TEL-PPO,45.0,44,baseline,44.244349002838135,35.35353535353535,8.890813649302785
86016,TEL-PPO,45.0,44,baseline,44.208234548568726,35.35353535353535,8.854699195033376
90112,TEL-PPO,45.0,44,baseline,43.98893117904663,35.35353535353535,8.635395825511281
94208,TEL-PPO,45.0,44,baseline,43.60218942165375,35.35353535353535,8.248654068118398
98304,TEL-PPO,45.0,44,baseline,43.21169853210449,35.35353535353535,7.858163178569143
102400,TEL-PPO,45.0,44,baseline,42.86506772041321,35.35353535353535,7.511532366877859
106496,TEL-PPO,45.0,44,baseline,42.47864484786987,35.35353535353535,7.125109494334524
110592,TEL-PPO,45.0,44,baseline,42.06744432449341,35.35353535353535,6.713908970958059
114688,TEL-PPO,45.0,44,baseline,41.68688952922821,35.35353535353535,6.333354175692861
118784,TEL-PPO,45.0,44,baseline,41.182294487953186,35.35353535353535,5.828759134417837
122880,TEL-PPO,45.0,44,baseline,41.301169991493225,35.35353535353535,5.947634637957876
126976,TEL-PPO,45.0,44,baseline,41.08588695526123,35.35353535353535,5.732351601725881
131072,TEL-PPO,45.0,44,baseline,40.7325804233551,35.35353535353535,5.379045069819753
135168,TEL-PPO,45.0,44,baseline,40.337347984313965,35.35353535353535,4.9838126307786155
139264,TEL-PPO,45.0,44,baseline,40.2851402759552,35.35353535353535,4.931604922419851
143360,TEL-PPO,45.0,44,baseline,39.98098969459534,35.35353535353535,4.6274543410599875
147456,TEL-PPO,45.0,44,baseline,40.12037813663483,35.35353535353535,4.766842783099477
151552,TEL-PPO,45.0,44,baseline,39.93496596813202,35.35353535353535,4.58143061459667
155648,TEL-PPO,45.0,44,baseline,39.46397006511688,35.35353535353535,4.110434711581533
159744,TEL-PPO,45.0,44,baseline,39.27336037158966,35.35353535353535,3.9198250180543113
163840,TEL-PPO,45.0,44,baseline,38.85999321937561,35.35353535353535,3.506457865840261
167936,TEL-PPO,45.0,44,baseline,38.9083206653595,35.35353535353535,3.5547853118241477
172032,TEL-PPO,45.0,44,baseline,38.850557804107666,35.35353535353535,3.4970224505723166
176128,TEL-PPO,45.0,44,baseline,38.46503496170044,35.35353535353535,3.11149960816509
180224,TEL-PPO,45.0,44,baseline,38.485997915267944,35.35353535353535,3.132462561732595
184320,TEL-PPO,45.0,44,baseline,38.09326887130737,35.35353535353535,2.7397335177720237
188416,TEL-PPO,45.0,44,baseline,38.47441077232361,35.35353535353535,3.120875418788259
192512,TEL-PPO,45.0,44,baseline,38.39693367481232,35.35353535353535,3.0433983212769675
196608,TEL-PPO,45.0,44,baseline,38.65145146846771,35.35353535353535,3.297916114932363
200704,TEL-PPO,45.0,44,baseline,38.10601234436035,35.35353535353535,2.752476990825002
204800,TEL-PPO,45.0,44,baseline,37.95813024044037,35.35353535353535,2.6045948869050193
208896,TEL-PPO,45.0,44,baseline,38.054776191711426,35.35353535353535,2.7012408381760764
212992,TEL-PPO,45.0,44,baseline,38.05295526981354,35.35353535353535,2.6994199162781882
217088,TEL-PPO,45.0,44,baseline,38.271546363830566,35.35353535353535,2.918011010295217
221184,TEL-PPO,45.0,44,baseline,38.10162544250488,35.35353535353535,2.7480900889695334
225280,TEL-PPO,45.0,44,baseline,37.86412477493286,35.35353535353535,2.510589421397512
229376,TEL-PPO,45.0,44,baseline,37.88348734378815,35.35353535353535,2.5299519902527976
233472,TEL-PPO,45.0,44,baseline,37.51516938209534,35.35353535353535,2.1616340285599875
237568,TEL-PPO,45.0,44,baseline,37.53337860107422,35.35353535353535,2.1798432475388694
241664,TEL-PPO,45.0,44,baseline,37.259358167648315,35.35353535353535,1.905822814112966
245760,TEL-PPO,45.0,44,baseline,37.054482102394104,35.35353535353535,1.7009467488587546
249856,TEL-PPO,45.0,44,baseline,36.65516674518585,35.35353535353535,1.3016313916505027
253952,TEL-PPO,45.0,44,baseline,36.325204372406006,35.35353535353535,0.9716690188706565
258048,TEL-PPO,45.0,44,baseline,36.251357197761536,35.35353535353535,0.8978218442261863
262144,TEL-PPO,45.0,44,baseline,35.90761721134186,35.35353535353535,0.5540818578065085
266240,TEL-PPO,45.0,44,baseline,36.16950809955597,35.35353535353535,0.8159727460206199
270336,TEL-PPO,45.0,44,baseline,36.359480023384094,35.35353535353535,1.0059446698487449
274432,TEL-PPO,45.0,44,baseline,36.256593465805054,35.35353535353535,0.9030581122697043
278528,TEL-PPO,45.0,44,baseline,36.00998818874359,35.35353535353535,0.6564528352082419
0,TEL-PPO,45.0,45,baseline,52.72725820541382,35.35353535353535,17.37372285187847
4096,TEL-PPO,45.0,45,baseline,52.360546588897705,35.35353535353535,17.007011235362356
8192,TEL-PPO,45.0,45,baseline,51.90914869308472,35.35353535353535,16.555613339549367
12288,TEL-PPO,45.0,45,baseline,51.527565717697144,35.35353535353535,16.174030364161794
16384,TEL-PPO,45.0,45,baseline,51.1648952960968,35.35353535353535,15.811359942561452
20480,TEL-PPO,45.0,45,baseline,50.74819326400757,35.35353535353535,15.394657910472219
24576,TEL-PPO,45.0,45,baseline,50.33612251281738,35.35353535353535,14.982587159282033
28672,TEL-PPO,45.0,45,baseline,49.931299686431885,35.35353535353535,14.577764332896535
32768,TEL-PPO,45.0,45,baseline,49.563950300216675,35.35353535353535,14.210414946681325
36864,TEL-PPO,45.0,45,baseline,49.22155439853668,35.35353535353535,13.868019045001333
40960,TEL-PPO,45.0,45,baseline,48.730289936065674,35.35353535353535,13.376754582530324
45056,TEL-PPO,45.0,45,baseline,48.244717717170715,35.35353535353535,12.891182363635366
49152,TEL-PPO,45.0,45,baseline,47.85171151161194,35.35353535353535,12.498176158076589
53248,TEL-PPO,45.0,45,baseline,47.31249213218689,35.35353535353535,11.95895677865154
57344,TEL-PPO,45.0,45,baseline,47.01433479785919,35.35353535353535,11.660799444323843
61440,TEL-PPO,45.0,45,baseline,46.526628732681274,35.35353535353535,11.173093379145925
65536,TEL-PPO,45.0,45,baseline,46.11031413078308,35.35353535353535,10.756778777247732
69632,TEL-PPO,45.0,45,baseline,45.916056632995605,35.35353535353535,10.562521279460256
73728,TEL-PPO,45.0,45,baseline,45.42219638824463,35.35353535353535,10.06866103470928
77824,TEL-PPO,45.0,45,baseline,44.93062496185303,35.35353535353535,9.577089608317678
81920,TEL-PPO,45.0,45,baseline,44.41017210483551,35.35353535353535,9.05663675130016
86016,TEL-PPO,45.0,45,baseline,44.13259029388428,35.35353535353535,8.779054940348928
90112,TEL-PPO,45.0,45,baseline,43.765729665756226,35.35353535353535,8.412194312220876
94208,TEL-PPO,45.0,45,baseline,43.4955358505249,35.35353535353535,8.142000496989553
98304,TEL-PPO,45.0,45,baseline,43.05250644683838,35.35353535353535,7.6989710933030295
102400,TEL-PPO,45.0,45,baseline,42.86981523036957,35.35353535353535,7.5162798768342185
106496,TEL-PPO,45.0,45,baseline,42.481181025505066,35.35353535353535,7.1276456719697165
110592,TEL-PPO,45.0,45,baseline,42.79695153236389,35.35353535353535,7.443416178828542
114688,TEL-PPO,45.0,45,baseline,42.469725012779236,35.35353535353535,7.1161896592438865
118784,TEL-PPO,45.0,45,baseline,42.069217562675476,35.35353535353535,6.715682209140127
122880,TEL-PPO,45.0,45,baseline,41.645124554634094,35.35353535353535,6.291589201098745
126976,TEL-PPO,45.0,45,baseline,41.23690128326416,35.35353535353535,5.883365929728811
131072,TEL-PPO,45.0,45,baseline,40.935537219047546,35.35353535353535,5.582001865512197
135168,TEL-PPO,45.0,45,baseline,40.77973961830139,35.35353535353535,5.426204264766042
139264,TEL-PPO,45.0,45,baseline,40.95396399497986,35.35353535353535,5.600428641444509
143360,TEL-PPO,45.0,45,baseline,40.7143235206604,35.35353535353535,5.360788167125051
147456,TEL-PPO,45.0,45,baseline,40.477851033210754,35.35353535353535,5.124315679675405
151552,TEL-PPO,45.0,45,baseline,40.121638774871826,35.35353535353535,4.768103421336477
155648,TEL-PPO,45.0,45,baseline,39.720189571380615,35.35353535353535,4.366654217845266
159744,TEL-PPO,45.0,45,baseline,39.436495304107666,35.35353535353535,4.082959950572317
163840,TEL-PPO,45.0,45,baseline,39.58830237388611,35.35353535353535,4.234767020350759
167936,TEL-PPO,45.0,45,baseline,39.156267046928406,35.35353535353535,3.8027316933930564
172032,TEL-PPO,45.0,45,baseline,38.739779591560364,35.35353535353535,3.3862442380250144
176128,TEL-PPO,45.0,45,baseline,38.401636481285095,35.35353535353535,3.048101127749746
180224,TEL-PPO,45.0,45,baseline,38.409462571144104,35.35353535353535,3.0559272176087546
184320,TEL-PPO,45.0,45,baseline,38.06479573249817,35.35353535353535,2.7112603789628196
188416,TEL-PPO,45.0,45,baseline,37.93821930885315,35.35353535353535,2.5846839553178
192512,TEL-PPO,45.0,45,baseline,37.681204080581665,35.35353535353535,2.3276687270463157
196608,TEL-PPO,45.0,45,baseline,37.76283860206604,35.35353535353535,2.4093032485306907
200704,TEL-PPO,45.0,45,baseline,37.83671259880066,35.35353535353535,2.48317724526531
204800,TEL-PPO,45.0,45,baseline,37.559932470321655,35.35353535353535,2.206397116786306
208896,TEL-PPO,45.0,45,baseline,37.282031774520874,35.35353535353535,1.9284964209855247
212992,TEL-PPO,45.0,45,baseline,37.01276779174805,35.35353535353535,1.6592324382126975
217088,TEL-PPO,45.0,45,baseline,36.79438233375549,35.35353535353535,1.4408469802201438
221184,TEL-PPO,45.0,45,baseline,36.493104696273804,35.35353535353535,1.1395693427384543
225280,TEL-PPO,45.0,45,baseline,36.06354892253876,35.35353535353535,0.710013569003408
229376,TEL-PPO,45.0,45,baseline,36.32355332374573,35.35353535353535,0.9700179702103782
233472,TEL-PPO,45.0,45,baseline,36.003178358078,35.35353535353535,0.6496430045426536
237568,TEL-PPO,45.0,45,baseline,36.09088063240051,35.35353535353535,0.7373452788651633
241664,TEL-PPO,45.0,45,baseline,36.166685819625854,35.35353535353535,0.8131504660905051
245760,TEL-PPO,45.0,45,baseline,35.660579800605774,35.35353535353535,0.30704444707042455
249856,TEL-PPO,45.0,45,baseline,35.32586991786957,35.35353535353535,0.0276654356657815
253952,TEL-PPO,45.0,45,baseline,35.20882427692413,35.35353535353535,0.14471107661121607
258048,TEL-PPO,45.0,45,baseline,35.56373119354248,35.35353535353535,0.2101958400071311
262144,TEL-PPO,45.0,45,baseline,35.70358157157898,35.35353535353535,0.3500462180436301
266240,TEL-PPO,45.0,45,baseline,35.999488830566406,35.35353535353535,0.6459534770310569
270336,TEL-PPO,45.0,45,baseline,36.03501617908478,35.35353535353535,0.6814808255494285
274432,TEL-PPO,45.0,45,baseline,35.86463928222656,35.35353535353535,0.5111039286912131
278528,TEL-PPO,45.0,45,baseline,35.67575216293335,35.35353535353535,0.32221680939800024
282624,TEL-PPO,45.0,45,baseline,35.60155928134918,35.35353535353535,0.24802392781383276
286720,TEL-PPO,45.0,45,baseline,35.28582453727722,35.35353535353535,0.06771081625812769
290816,TEL-PPO,45.0,45,baseline,35.26211082935333,35.35353535353535,0.09142452418201685
294912,TEL-PPO,45.0,45,baseline,35.27618646621704,35.35353535353535,0.07734888731830836
299008,TEL-PPO,45.0,45,baseline,35.586294531822205,35.35353535353535,0.23275917828685522
303104,TEL-PPO,45.0,45,baseline,35.88623404502869,35.35353535353535,0.5326986914933372
307200,TEL-PPO,45.0,45,baseline,35.705578327178955,35.35353535353535,0.3520429736436057
311296,TEL-PPO,45.0,45,baseline,36.03025674819946,35.35353535353535,0.6767213946641135
315392,TEL-PPO,45.0,45,baseline,36.02061569690704,35.35353535353535,0.6670803433716941
319488,TEL-PPO,45.0,45,baseline,35.90780198574066,35.35353535353535,0.5542666322053122
0,TEL-PPO,45.0,46,baseline,50.030189752578735,35.35353535353535,14.676654399043386
4096,TEL-PPO,45.0,46,baseline,49.63024854660034,35.35353535353535,14.276713193064992
8192,TEL-PPO,45.0,46,baseline,49.08907413482666,35.35353535353535,13.73553878129131
12288,TEL-PPO,45.0,46,baseline,48.603272438049316,35.35353535353535,13.249737084513967
16384,TEL-PPO,45.0,46,baseline,48.06226193904877,35.35353535353535,12.708726585513418
20480,TEL-PPO,45.0,46,baseline,47.64395356178284,35.35353535353535,12.290418208247488
24576,TEL-PPO,45.0,46,baseline,47.20350503921509,35.35353535353535,11.849969685679739
28672,TEL-PPO,45.0,46,baseline,46.84014320373535,35.35353535353535,11.486607850200002
32768,TEL-PPO,45.0,46,baseline,46.33817672729492,35.35353535353535,10.984641373759573
36864,TEL-PPO,45.0,46,baseline,45.832669734954834,35.35353535353535,10.479134381419485
40960,TEL-PPO,45.0,46,baseline,45.44888436794281,35.35353535353535,10.09534901440746
45056,TEL-PPO,45.0,46,baseline,44.97153162956238,35.35353535353535,9.617996276027029
49152,TEL-PPO,45.0,46,baseline,44.76163387298584,35.35353535353535,9.40809851945049
53248,TEL-PPO,45.0,46,baseline,44.25323307514191,35.35353535353535,8.899697721606557
57344,TEL-PPO,45.0,46,baseline,43.91831457614899,35.35353535353535,8.564779222613637
61440,TEL-PPO,45.0,46,baseline,43.559592962265015,35.35353535353535,8.206057608729665
65536,TEL-PPO,45.0,46,baseline,43.099260330200195,35.35353535353535,7.745724976664846
69632,TEL-PPO,45.0,46,baseline,42.7399218082428,35.35353535353535,7.3863864547074485
73728,TEL-PPO,45.0,46,baseline,42.385655641555786,35.35353535353535,7.032120288020437
77824,TEL-PPO,45.0,46,baseline,42.01142489910126,35.35353535353535,6.657889545565908
81920,TEL-PPO,45.0,46,baseline,41.80116057395935,35.35353535353535,6.447625220424001
86016,TEL-PPO,45.0,46,baseline,41.427212953567505,35.35353535353535,6.0736776000321555
90112,TEL-PPO,45.0,46,baseline,41.16262197494507,35.35353535353535,5.809086621409719
94208,TEL-PPO,45.0,46,baseline,40.82154631614685,35.35353535353535,5.468010962611501
98304,TEL-PPO,45.0,46,baseline,40.49898087978363,35.35353535353535,5.145445526248281
102400,TEL-PPO,45.0,46,baseline,40.71846604347229,35.35353535353535,5.364930689936941
106496,TEL-PPO,45.0,46,baseline,40.591976046562195,35.35353535353535,5.2384406930268455
110592,TEL-PPO,45.0,46,baseline,40.19641876220703,35.35353535353535,4.842883408671682
114688,TEL-PPO,45.0,46,baseline,40.032023191452026,35.35353535353535,4.678487837916677
118784,TEL-PPO,45.0,46,baseline,39.79586064815521,35.35353535353535,4.442325294619863
122880,TEL-PPO,45.0,46,baseline,39.95211124420166,35.35353535353535,4.598575890666311
126976,TEL-PPO,45.0,46,baseline,39.63671922683716,35.35353535353535,4.283183873301809
131072,TEL-PPO,45.0,46,baseline,39.36486542224884,35.35353535353535,4.011330068713491
135168,TEL-PPO,45.0,46,baseline,39.073607325553894,35.35353535353535,3.7200719720185447
139264,TEL-PPO,45.0,46,baseline,39.235919713974,35.35353535353535,3.8823843604386497
143360,TEL-PPO,45.0,46,baseline,38.86004090309143,35.35353535353535,3.5065055495560813
147456,TEL-PPO,45.0,46,baseline,38.54445219039917,35.35353535353535,3.1909168368638205
151552,TEL-PPO,45.0,46,baseline,38.092488050460815,35.35353535353535,2.738952696925466
155648,TEL-PPO,45.0,46,baseline,37.85605430603027,35.35353535353535,2.502518952494924
159744,TEL-PPO,45.0,46,baseline,37.93414831161499,35.35353535353535,2.580612958079641
163840,TEL-PPO,45.0,46,baseline,37.438011169433594,35.35353535353535,2.0844758158982444
167936,TEL-PPO,45.0,46,baseline,37.55163252353668,35.35353535353535,2.1980971700013328
172032,TEL-PPO,45.0,46,baseline,37.89238631725311,35.35353535353535,2.5388509637177634
176128,TEL-PPO,45.0,46,baseline,37.51768171787262,35.35353535353535,2.1641463643372703
180224,TEL-PPO,45.0,46,baseline,37.4150812625885,35.35353535353535,2.0615459090531516
184320,TEL-PPO,45.0,46,baseline,37.112778425216675,35.35353535353535,1.7592430716813254
188416,TEL-PPO,45.0,46,baseline,37.027207016944885,35.35353535353535,1.6736716634095359
192512,TEL-PPO,45.0,46,baseline,36.856380105018616,35.35353535353535,1.5028447514832664
196608,TEL-PPO,45.0,46,baseline,36.68217062950134,35.35353535353535,1.3286352759659934
200704,TEL-PPO,45.0,46,baseline,36.60341501235962,35.35353535353535,1.2498796588242698
204800,TEL-PPO,45.0,46,baseline,36.32490038871765,35.35353535353535,0.971365035182302
208896,TEL-PPO,45.0,46,baseline,36.5558922290802,35.35353535353535,1.2023568755448508
212992,TEL-PPO,45.0,46,baseline,36.311376094818115,35.35353535353535,0.9578407412827659
217088,TEL-PPO,45.0,46,baseline,36.532461643218994,35.35353535353535,1.1789262896836448
221184,TEL-PPO,45.0,46,baseline,36.542487144470215,35.35353535353535,1.1889517909348655
225280,TEL-PPO,45.0,46,baseline,36.24728620052338,35.35353535353535,0.8937508469880271
229376,TEL-PPO,45.0,46,baseline,35.88416278362274,35.35353535353535,0.5306274300873923
233472,TEL-PPO,45.0,46,baseline,35.923832654953,35.35353535353535,0.5702973014176536
237568,TEL-PPO,45.0,46,baseline,36.27094924449921,35.35353535353535,0.9174138909638572
241664,TEL-PPO,45.0,46,baseline,36.21267378330231,35.35353535353535,0.8591384297669578
245760,TEL-PPO,45.0,46,baseline,36.032432317733765,35.35353535353535,0.6788969641984153
249856,TEL-PPO,45.0,46,baseline,35.86529195308685,35.35353535353535,0.5117565995515037
253952,TEL-PPO,45.0,46,baseline,36.127769947052,35.35353535353535,0.7742345935166526
258048,TEL-PPO,45.0,46,baseline,36.15777790546417,35.35353535353535,0.804242551928823
262144,TEL-PPO,45.0,46,baseline,36.43425703048706,35.35353535353535,1.0807216769517112
266240,TEL-PPO,45.0,46,baseline,36.57480776309967,35.35353535353535,1.221272409564321
270336,TEL-PPO,45.0,46,baseline,36.35251224040985,35.35353535353535,0.9989768868745017
274432,TEL-PPO,45.0,46,baseline,36.519983410835266,35.35353535353535,1.1664480572999167
278528,TEL-PPO,45.0,46,baseline,36.17027997970581,35.35353535353535,0.8167446261704612
282624,TEL-PPO,45.0,46,baseline,35.944801568984985,35.35353535353535,0.591266215449636
286720,TEL-PPO,45.0,46,baseline,35.7890784740448,35.35353535353535,0.43554312050945043
290816,TEL-PPO,45.0,46,baseline,35.720232129096985,35.35353535353535,0.3666967755616355
294912,TEL-PPO,45.0,46,baseline,35.66985726356506,35.35353535353535,0.3163219100297141
299008,TEL-PPO,45.0,46,baseline,35.359227657318115,35.35353535353535,0.005692303782765862
303104,TEL-PPO,45.0,46,baseline,35.023415088653564,35.35353535353535,0.3301202648817849
307200,TEL-PPO,45.0,46,baseline,34.76327657699585,35.35353535353535,0.5902587765394998
311296,TEL-PPO,45.0,46,baseline,34.424805641174316,35.35353535353535,0.928729712361033
315392,TEL-PPO,45.0,46,baseline,34.68390703201294,35.35353535353535,0.6696283215224099
319488,TEL-PPO,45.0,46,baseline,34.754714369773865,35.35353535353535,0.5988209837614846
0,TEL-PPO,55.0,42,baseline,51.708799600601196,28.92561983471074,22.783179765890456
4096,TEL-PPO,55.0,42,baseline,51.3680636882782,28.92561983471074,22.442443853567458
8192,TEL-PPO,55.0,42,baseline,51.09934210777283,28.92561983471074,22.173722273062086
12288,TEL-PPO,55.0,42,baseline,50.89325308799744,28.92561983471074,21.967633253286696
16384,TEL-PPO,55.0,42,baseline,50.42983293533325,28.92561983471074,21.50421310062251
20480,TEL-PPO,55.0,42,baseline,50.17179250717163,28.92561983471074,21.24617267246089
24576,TEL-PPO,55.0,42,baseline,49.88509714603424,28.92561983471074,20.9594773113235
28672,TEL-PPO,55.0,42,baseline,49.564775824546814,28.92561983471074,20.639155989836073
32768,TEL-PPO,55.0,42,baseline,49.19431805610657,28.92561983471074,20.268698221395827
36864,TEL-PPO,55.0,42,baseline,48.82552921772003,28.92561983471074,19.89990938300929
40960,TEL-PPO,55.0,42,baseline,48.38399589061737,28.92561983471074,19.45837605590663
45056,TEL-PPO,55.0,42,baseline,48.00328016281128,28.92561983471074,19.07766032810054
49152,TEL-PPO,55.0,42,baseline,47.678396105766296,28.92561983471074,18.752776271055556
53248,TEL-PPO,55.0,42,baseline,47.342851758003235,28.92561983471074,18.417231923292494
57344,TEL-PPO,55.0,42,baseline,46.9310998916626,28.92561983471074,18.005480056951857
61440,TEL-PPO,55.0,42,baseline,46.56960964202881,28.92561983471074,17.643989807318068
65536,TEL-PPO,55.0,42,baseline,46.18173837661743,28.92561983471074,17.25611854190669
69632,TEL-PPO,55.0,42,baseline,45.667144656181335,28.92561983471074,16.741524821470595
73728,TEL-PPO,55.0,42,baseline,45.50314247608185,28.92561983471074,16.577522641371107
77824,TEL-PPO,55.0,42,baseline,45.22067606449127,28.92561983471074,16.29505622978053
81920,TEL-PPO,55.0,42,baseline,44.849589467048645,28.92561983471074,15.923969632337904
86016,TEL-PPO,55.0,42,baseline,44.4512277841568,28.92561983471074,15.525607949446059
90112,TEL-PPO,55.0,42,baseline,44.00357902050018,28.92561983471074,15.077959185789442
94208,TEL-PPO,55.0,42,baseline,43.68378520011902,28.92561983471074,14.758165365408278
98304,TEL-PPO,55.0,42,baseline,43.24883222579956,28.92561983471074,14.32321239108882
102400,TEL-PPO,55.0,42,baseline,42.819398641586304,28.92561983471074,13.893778806875563
106496,TEL-PPO,55.0,42,baseline,42.426007986068726,28.92561983471074,13.500388151357985
110592,TEL-PPO,55.0,42,baseline,42.00766682624817,28.92561983471074,13.082046991537428
114688,TEL-PPO,55.0,42,baseline,41.731083393096924,28.92561983471074,12.805463558386183
118784,TEL-PPO,55.0,42,baseline,41.51214361190796,28.92561983471074,12.586523777197218
122880,TEL-PPO,55.0,42,baseline,41.72239303588867,28.92561983471074,12.796773201177931
126976,TEL-PPO,55.0,42,baseline,41.2350594997406,28.92561983471074,12.30943966502986
131072,TEL-PPO,55.0,42,baseline,40.86490273475647,28.92561983471074,11.939282900045729
135168,TEL-PPO,55.0,42,baseline,40.5337780714035,28.92561983471074,11.608158236692763
139264,TEL-PPO,55.0,42,baseline,40.07665514945984,28.92561983471074,11.151035314749098
143360,TEL-PPO,55.0,42,baseline,40.12644588947296,28.92561983471074,11.20082605476222
147456,TEL-PPO,55.0,42,baseline,39.64267075061798,28.92561983471074,10.71705091590724
151552,TEL-PPO,55.0,42,baseline,39.38511908054352,28.92561983471074,10.459499245832777
155648,TEL-PPO,55.0,42,baseline,39.02232646942139,28.92561983471074,10.096706634710646
159744,TEL-PPO,55.0,42,baseline,39.010509848594666,28.92561983471074,10.084890013883925
163840,TEL-PPO,55.0,42,baseline,38.51405084133148,28.92561983471074,9.588431006620741
167936,TEL-PPO,55.0,42,baseline,38.027843832969666,28.92561983471074,9.102223998258925
172032,TEL-PPO,55.0,42,baseline,37.78293430805206,28.92561983471074,8.857314473341322
176128,TEL-PPO,55.0,42,baseline,37.97672986984253,28.92561983471074,9.051110035131789
180224,TEL-PPO,55.0,42,baseline,37.746670842170715,28.92561983471074,8.821051007459975
184320,TEL-PPO,55.0,42,baseline,37.8699004650116,28.92561983471074,8.944280630300856
188416,TEL-PPO,55.0,42,baseline,37.36315965652466,28.92561983471074,8.437539821813917
192512,TEL-PPO,55.0,42,baseline,36.994072794914246,28.92561983471074,8.068452960203505
196608,TEL-PPO,55.0,42,baseline,36.70604228973389,28.92561983471074,7.780422455023146
200704,TEL-PPO,55.0,42,baseline,36.30634248256683,28.92561983471074,7.380722647856093
204800,TEL-PPO,55.0,42,baseline,35.92497110366821,28.92561983471074,6.999351268957472
208896,TEL-PPO,55.0,42,baseline,35.77384948730469,28.92561983471074,6.848229652593947
212992,TEL-PPO,55.0,42,baseline,35.29767394065857,28.92561983471074,6.372054105947829
217088,TEL-PPO,55.0,42,baseline,35.02189815044403,28.92561983471074,6.09627831573329
221184,TEL-PPO,55.0,42,baseline,34.712690114974976,28.92561983471074,5.787070280264235
225280,TEL-PPO,55.0,42,baseline,34.74825620651245,28.92561983471074,5.8226363718017105
229376,TEL-PPO,55.0,42,baseline,34.307095408439636,28.92561983471074,5.3814755737288955
233472,TEL-PPO,55.0,42,baseline,33.96343290805817,28.92561983471074,5.037813073347426
237568,TEL-PPO,55.0,42,baseline,34.22668278217316,28.92561983471074,5.301062947462416
241664,TEL-PPO,55.0,42,baseline,34.27785933017731,28.92561983471074,5.352239495466566
245760,TEL-PPO,55.0,42,baseline,34.48343575000763,28.92561983471074,5.557815915296889
249856,TEL-PPO,55.0,42,baseline,33.97768437862396,28.92561983471074,5.052064543913222
253952,TEL-PPO,55.0,42,baseline,33.84862840175629,28.92561983471074,4.923008567045546
258048,TEL-PPO,55.0,42,baseline,33.405232429504395,28.92561983471074,4.479612594793654
262144,TEL-PPO,55.0,42,baseline,33.421409130096436,28.92561983471074,4.495789295385695
266240,TEL-PPO,55.0,42,baseline,33.44510793685913,28.92561983471074,4.51948810214839
270336,TEL-PPO,55.0,42,baseline,33.15240442752838,28.92561983471074,4.226784592817641
274432,TEL-PPO,55.0,42,baseline,32.856857776641846,28.92561983471074,3.931237941931105
278528,TEL-PPO,55.0,42,baseline,32.5994610786438,28.92561983471074,3.673841243933058
282624,TEL-PPO,55.0,42,baseline,32.89252519607544,28.92561983471074,3.9669053613646987
286720,TEL-PPO,55.0,42,baseline,32.599544525146484,28.92561983471074,3.6739246904357437
290816,TEL-PPO,55.0,42,baseline,32.53163397312164,28.92561983471074,3.6060141384109023
294912,TEL-PPO,55.0,42,baseline,32.24823772907257,28.92561983471074,3.32261789436183
299008,TEL-PPO,55.0,42,baseline,31.9643497467041,28.92561983471074,3.038729911993361
303104,TEL-PPO,55.0,42,baseline,31.57285451889038,28.92561983471074,2.64723468417964
307200,TEL-PPO,55.0,42,baseline,31.573867797851562,28.92561983471074,2.648247963140822
311296,TEL-PPO,55.0,42,baseline,31.80791437625885,28.92561983471074,2.8822945415481094
315392,TEL-PPO,55.0,42,baseline,31.57309591770172,28.92561983471074,2.6474760829909805
319488,TEL-PPO,55.0,42,baseline,31.724262237548828,28.92561983471074,2.7986424028380874
323584,TEL-PPO,55.0,42,baseline,31.49332106113434,28.92561983471074,2.5677012264235977
327680,TEL-PPO,55.0,42,baseline,31.614068150520325,28.92561983471074,2.688448315809584
331776,TEL-PPO,55.0,42,baseline,31.780776381492615,28.92561983471074,2.855156546781874
335872,TEL-PPO,55.0,42,baseline,31.385967135429382,28.92561983471074,2.4603473007186416
339968,TEL-PPO,55.0,42,baseline,31.29749298095703,28.92561983471074,2.3718731462462905
344064,TEL-PPO,55.0,42,baseline,31.528428196907043,28.92561983471074,2.6028083621963027
348160,TEL-PPO,55.0,42,baseline,31.696996092796326,28.92561983471074,2.771376258085585
352256,TEL-PPO,55.0,42,baseline,31.902045011520386,28.92561983471074,2.976425176809645
356352,TEL-PPO,55.0,42,baseline,31.68473243713379,28.92561983471074,2.7591126024230483
360448,TEL-PPO,55.0,42,baseline,31.683117151260376,28.92561983471074,2.7574973165496353
364544,TEL-PPO,55.0,42,baseline,31.648728251457214,28.92561983471074,2.7231084167464736
368640,TEL-PPO,55.0,42,baseline,31.22745454311371,28.92561983471074,2.3018347084029678
372736,TEL-PPO,55.0,42,baseline,30.997934937477112,28.92561983471074,2.072315102766371
376832,TEL-PPO,55.0,42,baseline,30.80519735813141,28.92561983471074,1.879577523420668
380928,TEL-PPO,55.0,42,baseline,30.614149570465088,28.92561983471074,1.6885297357543472
385024,TEL-PPO,55.0,42,baseline,30.535313487052917,28.92561983471074,1.6096936523421768
389120,TEL-PPO,55.0,42,baseline,30.303320288658142,28.92561983471074,1.3777004539474014
393216,TEL-PPO,55.0,42,baseline,30.192485451698303,28.92561983471074,1.2668656169875625
397312,TEL-PPO,55.0,42,baseline,30.00490963459015,28.92561983471074,1.0792897998794082
401408,TEL-PPO,55.0,42,baseline,30.15950322151184,28.92561983471074,1.2338833868011
405504,TEL-PPO,55.0,42,baseline,29.92933690547943,28.92561983471074,1.0037170707686904
409600,TEL-PPO,55.0,42,baseline,29.68704104423523,28.92561983471074,0.7614212095244888
413696,TEL-PPO,55.0,42,baseline,29.96770441532135,28.92561983471074,1.0420845806106094
417792,TEL-PPO,55.0,42,baseline,29.98458445072174,28.92561983471074,1.058964616011
421888,TEL-PPO,55.0,42,baseline,29.791831970214844,28.92561983471074,0.866212135504103
425984,TEL-PPO,55.0,42,baseline,29.74267303943634,28.92561983471074,0.8170532047255996
430080,TEL-PPO,55.0,42,baseline,29.78145480155945,28.92561983471074,0.8558349668487075
434176,TEL-PPO,55.0,42,baseline,29.585587978363037,28.92561983471074,0.6599681436522964
438272,TEL-PPO,55.0,42,baseline,29.33706045150757,28.92561983471074,0.41144061679682764
442368,TEL-PPO,55.0,42,baseline,29.297548532485962,28.92561983471074,0.3719286977752212
0,TEL-PPO,55.0,43,baseline,45.40473520755768,28.92561983471074,16.479115372846938
4096,TEL-PPO,55.0,43,baseline,44.92217004299164,28.92561983471074,15.996550208280897
8192,TEL-PPO,55.0,43,baseline,44.429585337638855,28.92561983471074,15.503965502928114
12288,TEL-PPO,55.0,43,baseline,43.95206570625305,28.92561983471074,15.026445871542311
16384,TEL-PPO,55.0,43,baseline,43.52746605873108,28.92561983471074,14.601846224020338
20480,TEL-PPO,55.0,43,baseline,43.0229514837265,28.92561983471074,14.09733164901576
24576,TEL-PPO,55.0,43,baseline,42.5057053565979,28.92561983471074,13.58008552188716
28672,TEL-PPO,55.0,43,baseline,42.08399057388306,28.92561983471074,13.158370739172316
32768,TEL-PPO,55.0,43,baseline,41.68753623962402,28.92561983471074,12.761916404913283
36864,TEL-PPO,55.0,43,baseline,41.23441278934479,28.92561983471074,12.308792954634047
40960,TEL-PPO,55.0,43,baseline,41.06869697570801,28.92561983471074,12.143077140997267
45056,TEL-PPO,55.0,43,baseline,40.65810441970825,28.92561983471074,11.732484584997511
49152,TEL-PPO,55.0,43,baseline,40.45652747154236,28.92561983471074,11.530907636831618
53248,TEL-PPO,55.0,43,baseline,40.12332260608673,28.92561983471074,11.19770277137599
57344,TEL-PPO,55.0,43,baseline,39.72501754760742,28.92561983471074,10.799397712896681
61440,TEL-PPO,55.0,43,baseline,39.264458417892456,28.92561983471074,10.338838583181715
65536,TEL-PPO,55.0,43,baseline,38.83957266807556,28.92561983471074,9.91395283336482
69632,TEL-PPO,55.0,43,baseline,38.459476828575134,28.92561983471074,9.533856993864394
73728,TEL-PPO,55.0,43,baseline,38.066837191581726,28.92561983471074,9.141217356870985
77824,TEL-PPO,55.0,43,baseline,37.625837326049805,28.92561983471074,8.700217491339064
81920,TEL-PPO,55.0,43,baseline,37.36419379711151,28.92561983471074,8.43857396240077
86016,TEL-PPO,55.0,43,baseline,36.910319328308105,28.92561983471074,7.984699493597365
90112,TEL-PPO,55.0,43,baseline,36.50141954421997,28.92561983471074,7.57579970950923
94208,TEL-PPO,55.0,43,baseline,36.304306983947754,28.92561983471074,7.378687149237013
98304,TEL-PPO,55.0,43,baseline,35.99616289138794,28.92561983471074,7.070543056677199
102400,TEL-PPO,55.0,43,baseline,36.01592183113098,28.92561983471074,7.090301996420241
106496,TEL-PPO,55.0,43,baseline,35.759714245796204,28.92561983471074,6.834094411085463
110592,TEL-PPO,55.0,43,baseline,35.44304072856903,28.92561983471074,6.51742089385829
114688,TEL-PPO,55.0,43,baseline,35.34878194332123,28.92561983471074,6.423162108610487
118784,TEL-PPO,55.0,43,baseline,35.062190890312195,28.92561983471074,6.136571055601454
122880,TEL-PPO,55.0,43,baseline,34.686338901519775,28.92561983471074,5.760719066809035
126976,TEL-PPO,55.0,43,baseline,34.50269401073456,28.92561983471074,5.577074176023817
131072,TEL-PPO,55.0,43,baseline,34.25712287425995,28.92561983471074,5.331503039549208
135168,TEL-PPO,55.0,43,baseline,33.86431634426117,28.92561983471074,4.938696509550429
139264,TEL-PPO,55.0,43,baseline,33.55691432952881,28.92561983471074,4.631294494818068
143360,TEL-PPO,55.0,43,baseline,33.854347467422485,28.92561983471074,4.928727632711745
147456,TEL-PPO,55.0,43,baseline,33.59329402446747,28.92561983471074,4.6676741897567275
151552,TEL-PPO,55.0,43,baseline,33.592233061790466,28.92561983471074,4.666613227079726
155648,TEL-PPO,55.0,43,baseline,33.12424123287201,28.92561983471074,4.198621398161269
159744,TEL-PPO,55.0,43,baseline,32.888078689575195,28.92561983471074,3.9624588548644546
163840,TEL-PPO,55.0,43,baseline,33.00216197967529,28.92561983471074,4.076542144964552
167936,TEL-PPO,55.0,43,baseline,32.70021080970764,28.92561983471074,3.774590974996901
172032,TEL-PPO,55.0,43,baseline,32.593247294425964,28.92561983471074,3.6676274597152236
176128,TEL-PPO,55.0,43,baseline,32.344573736190796,28.92561983471074,3.418953901480055
180224,TEL-PPO,55.0,43,baseline,32.61961042881012,28.92561983471074,3.693990594099379
184320,TEL-PPO,55.0,43,baseline,32.38848149776459,28.92561983471074,3.4628616630538467
188416,TEL-PPO,55.0,43,baseline,32.33368694782257,28.92561983471074,3.40806711311183
192512,TEL-PPO,55.0,43,baseline,32.65208899974823,28.92561983471074,3.7264691650374893
196608,TEL-PPO,55.0,43,baseline,32.445889711380005,28.92561983471074,3.520269876669264
200704,TEL-PPO,55.0,43,baseline,32.09261894226074,28.92561983471074,3.1669991075500015
204800,TEL-PPO,55.0,43,baseline,31.77483081817627,28.92561983471074,2.849210983465529
208896,TEL-PPO,55.0,43,baseline,31.5871000289917,28.92561983471074,2.6614801942809585
212992,TEL-PPO,55.0,43,baseline,31.250470876693726,28.92561983471074,2.324851041982985
217088,TEL-PPO,55.0,43,baseline,31.440642476081848,28.92561983471074,2.5150226413711074
221184,TEL-PPO,55.0,43,baseline,31.240108609199524,28.92561983471074,2.314488774488783
225280,TEL-PPO,55.0,43,baseline,30.976995825767517,28.92561983471074,2.0513759910567764
229376,TEL-PPO,55.0,43,baseline,30.94419240951538,28.92561983471074,2.01857257480464
233472,TEL-PPO,55.0,43,baseline,30.91796338558197,28.92561983471074,1.9923435508712295
237568,TEL-PPO,55.0,43,baseline,30.6843101978302,28.92561983471074,1.7586903631194595
241664,TEL-PPO,55.0,43,baseline,30.75176477432251,28.92561983471074,1.826144939611769
245760,TEL-PPO,55.0,43,baseline,30.540651082992554,28.92561983471074,1.615031248281813
249856,TEL-PPO,55.0,43,baseline,30.26748299598694,28.92561983471074,1.3418631612761978
253952,TEL-PPO,55.0,43,baseline,29.956185817718506,28.92561983471074,1.0305659830077651
258048,TEL-PPO,55.0,43,baseline,30.223268270492554,28.92561983471074,1.297648435781813
262144,TEL-PPO,55.0,43,baseline,29.869037866592407,28.92561983471074,0.9434180318816665
266240,TEL-PPO,55.0,43,baseline,29.769229888916016,28.92561983471074,0.8436100542052749
270336,TEL-PPO,55.0,43,baseline,29.92691993713379,28.92561983471074,1.0013001024230483
274432,TEL-PPO,55.0,43,baseline,30.21279275417328,28.92561983471074,1.287172919462538
278528,TEL-PPO,55.0,43,baseline,29.77396845817566,28.92561983471074,0.8483486234649185
282624,TEL-PPO,55.0,43,baseline,29.5011043548584,28.92561983471074,0.5754845201476577
286720,TEL-PPO,55.0,43,baseline,29.419615864753723,28.92561983471074,0.4939960300429824
290816,TEL-PPO,55.0,43,baseline,29.717880487442017,28.92561983471074,0.7922606527312759
294912,TEL-PPO,55.0,43,baseline,29.56654727458954,28.92561983471074,0.6409274398787979
299008,TEL-PPO,55.0,43,baseline,29.625198245048523,28.92561983471074,0.6995784103377822
303104,TEL-PPO,55.0,43,baseline,29.48456108570099,28.92561983471074,0.558941250990248
307200,TEL-PPO,55.0,43,baseline,29.178982973098755,28.92561983471074,0.25336313838801416
311296,TEL-PPO,55.0,43,baseline,29.180482029914856,28.92561983471074,0.25486219520411524
315392,TEL-PPO,55.0,43,baseline,28.95096242427826,28.92561983471074,0.02534258956751856
319488,TEL-PPO,55.0,43,baseline,28.765025734901428,28.92561983471074,0.1605940998093125
0,TEL-PPO,55.0,44,baseline,45.81390917301178,28.92561983471074,16.88828933830104
4096,TEL-PPO,55.0,44,baseline,45.392006635665894,28.92561983471074,16.466386800955153
8192,TEL-PPO,55.0,44,baseline,44.92287337779999,28.92561983471074,15.997253543089247
12288,TEL-PPO,55.0,44,baseline,44.57812309265137,28.92561983471074,15.652503257940626
16384,TEL-PPO,55.0,44,baseline,44.21359896659851,28.92561983471074,15.28797913188777
20480,TEL-PPO,55.0,44,baseline,43.908098340034485,28.92561983471074,14.982478505323744
24576,TEL-PPO,55.0,44,baseline,43.45476031303406,28.92561983471074,14.529140478323317
28672,TEL-PPO,55.0,44,baseline,43.08899939060211,28.92561983471074,14.163379555891371
32768,TEL-PPO,55.0,44,baseline,42.58865714073181,28.92561983471074,13.66303730602107
36864,TEL-PPO,55.0,44,baseline,42.22872257232666,28.92561983471074,13.30310273761592
40960,TEL-PPO,55.0,44,baseline,41.79681837558746,28.92561983471074,12.871198540876723
45056,TEL-PPO,55.0,44,baseline,41.406404972076416,28.92561983471074,12.480785137365675
49152,TEL-PPO,55.0,44,baseline,40.951693058013916,28.92561983471074,12.026073223303175
53248,TEL-PPO,55.0,44,baseline,40.66748321056366,28.92561983471074,11.741863375852919
57344,TEL-PPO,55.0,44,baseline,40.27133285999298,28.92561983471074,11.34571302528224
61440,TEL-PPO,55.0,44,baseline,40.01193642616272,28.92561983471074,11.086316591451979
65536,TEL-PPO,55.0,44,baseline,39.52221870422363,28.92561983471074,10.596598869512892
69632,TEL-PPO,55.0,44,baseline,39.40838575363159,28.92561983471074,10.482765918920851
73728,TEL-PPO,55.0,44,baseline,38.96094858646393,28.92561983471074,10.035328751753188
77824,TEL-PPO,55.0,44,baseline,38.60275149345398,28.92561983471074,9.677131658743239
81920,TEL-PPO,55.0,44,baseline,38.1814569234848,28.92561983471074,9.255837088774062
86016,TEL-PPO,55.0,44,baseline,37.78139352798462,28.92561983471074,8.855773693273878
90112,TEL-PPO,55.0,44,baseline,37.35286593437195,28.92561983471074,8.427246099661208
94208,TEL-PPO,55.0,44,baseline,36.93637549877167,28.92561983471074,8.010755664060927
98304,TEL-PPO,55.0,44,baseline,36.73386573791504,28.92561983471074,7.808245903204298
102400,TEL-PPO,55.0,44,baseline,36.33969724178314,28.92561983471074,7.414077407072401
106496,TEL-PPO,55.0,44,baseline,36.042043566703796,28.92561983471074,7.116423731993056
110592,TEL-PPO,55.0,44,baseline,36.016738414764404,28.92561983471074,7.091118580053664
114688,TEL-PPO,55.0,44,baseline,35.53584814071655,28.92561983471074,6.610228306005812
118784,TEL-PPO,55.0,44,baseline,35.26428043842316,28.92561983471074,6.338660603712416
122880,TEL-PPO,55.0,44,baseline,35.05220413208008,28.92561983471074,6.126584297369337
126976,TEL-PPO,55.0,44,baseline,34.691622853279114,28.92561983471074,5.766003018568373
131072,TEL-PPO,55.0,44,baseline,34.34042036533356,28.92561983471074,5.414800530622816
135168,TEL-PPO,55.0,44,baseline,34.07202064990997,28.92561983471074,5.146400815199232
139264,TEL-PPO,55.0,44,baseline,33.535367250442505,28.92561983471074,4.609747415731764
143360,TEL-PPO,55.0,44,baseline,33.16241502761841,28.92561983471074,4.2367951929076675
147456,TEL-PPO,55.0,44,baseline,32.733020186424255,28.92561983471074,3.8074003517135147
151552,TEL-PPO,55.0,44,baseline,32.975706458091736,28.92561983471074,4.050086623380995
155648,TEL-PPO,55.0,44,baseline,32.930320501327515,28.92561983471074,4.004700666616774
159744,TEL-PPO,55.0,44,baseline,32.49496817588806,28.92561983471074,3.569348341177321
163840,TEL-PPO,55.0,44,baseline,32.167938351631165,28.92561983471074,3.242318516920424
167936,TEL-PPO,55.0,44,baseline,31.826838850975037,28.92561983471074,2.901219016264296
172032,TEL-PPO,55.0,44,baseline,31.41426146030426,28.92561983471074,2.4886416255935195
176128,TEL-PPO,55.0,44,baseline,31.334850192070007,28.92561983471074,2.4092303573592666
180224,TEL-PPO,55.0,44,baseline,30.921632051467896,28.92561983471074,1.9960122167571548
184320,TEL-PPO,55.0,44,baseline,30.659398436546326,28.92561983471074,1.733778601835585
188416,TEL-PPO,55.0,44,baseline,30.683279037475586,28.92561983471074,1.7576592027648452
192512,TEL-PPO,55.0,44,baseline,30.924686789512634,28.92561983471074,1.9990669548018936
196608,TEL-PPO,55.0,44,baseline,31.029319763183594,28.92561983471074,2.103699928472853
200704,TEL-PPO,55.0,44,baseline,31.362447142601013,28.92561983471074,2.4368273078902725
204800,TEL-PPO,55.0,44,baseline,31.17111027240753,28.92561983471074,2.245490437696791
208896,TEL-PPO,55.0,44,baseline,30.884969234466553,28.92561983471074,1.959349399755812
212992,TEL-PPO,55.0,44,baseline,31.151100993156433,28.92561983471074,2.2254811584456924
217088,TEL-PPO,55.0,44,baseline,31.453490257263184,28.92561983471074,2.527870422552443
221184,TEL-PPO,55.0,44,baseline,31.119045615196228,28.92561983471074,2.1934257804854873
225280,TEL-PPO,55.0,44,baseline,30.827075242996216,28.92561983471074,1.901455408285475
229376,TEL-PPO,55.0,44,baseline,31.018763780593872,28.92561983471074,2.0931439458831314
233472,TEL-PPO,55.0,44,baseline,30.915328860282898,28.92561983471074,1.9897090255721572
237568,TEL-PPO,55.0,44,baseline,30.585426092147827,28.92561983471074,1.6598062574370864
241664,TEL-PPO,55.0,44,baseline,30.45627474784851,28.92561983471074,1.53065491313777
245760,TEL-PPO,55.0,44,baseline,30.772307515144348,28.92561983471074,1.8466876804336074
249856,TEL-PPO,55.0,44,baseline,30.85969388484955,28.92561983471074,1.9340740501388076
253952,TEL-PPO,55.0,44,baseline,30.769118666648865,28.92561983471074,1.843498831938124
258048,TEL-PPO,55.0,44,baseline,30.641841888427734,28.92561983471074,1.7162220537169937
262144,TEL-PPO,55.0,44,baseline,30.176150798797607,28.92561983471074,1.2505309640868667
266240,TEL-PPO,55.0,44,baseline,30.41861355304718,28.92561983471074,1.4929937183364395
270336,TEL-PPO,55.0,44,baseline,30.532869696617126,28.92561983471074,1.6072498619063857
274432,TEL-PPO,55.0,44,baseline,30.498915910720825,28.92561983471074,1.5732960760100845
278528,TEL-PPO,55.0,44,baseline,30.492794513702393,28.92561983471074,1.5671746789916519
0,TEL-PPO,55.0,45,baseline,46.52948081493378,28.92561983471074,17.603860980223036
4096,TEL-PPO,55.0,45,baseline,46.14015817642212,28.92561983471074,17.21453834171138
8192,TEL-PPO,55.0,45,baseline,45.814117789268494,28.92561983471074,16.888497954557753
12288,TEL-PPO,55.0,45,baseline,45.44445276260376,28.92561983471074,16.51883292789302
16384,TEL-PPO,55.0,45,baseline,44.993069767951965,28.92561983471074,16.067449933241225
20480,TEL-PPO,55.0,45,baseline,44.58751678466797,28.92561983471074,15.661896949957228
24576,TEL-PPO,55.0,45,baseline,44.162195920944214,28.92561983471074,15.236576086233473
28672,TEL-PPO,55.0,45,baseline,43.88493895530701,28.92561983471074,14.959319120596266
32768,TEL-PPO,55.0,45,baseline,43.494051694869995,28.92561983471074,14.568431860159254
36864,TEL-PPO,55.0,45,baseline,43.05169880390167,28.92561983471074,14.126078969190932
40960,TEL-PPO,55.0,45,baseline,42.6361083984375,28.92561983471074,13.71048856372676
45056,TEL-PPO,55.0,45,baseline,42.19523370265961,28.92561983471074,13.269613867948866
49152,TEL-PPO,55.0,45,baseline,42.00901389122009,28.92561983471074,13.083394056509352
53248,TEL-PPO,55.0,45,baseline,41.575637459754944,28.92561983471074,12.650017625044203
57344,TEL-PPO,55.0,45,baseline,41.15378558635712,28.92561983471074,12.228165751646376
61440,TEL-PPO,55.0,45,baseline,40.93194603919983,28.92561983471074,12.006326204489088
65536,TEL-PPO,55.0,45,baseline,40.50801992416382,28.92561983471074,11.582400089453078
69632,TEL-PPO,55.0,45,baseline,40.074747800827026,28.92561983471074,11.149127966116286
73728,TEL-PPO,55.0,45,baseline,39.601296186447144,28.92561983471074,10.675676351736403
77824,TEL-PPO,55.0,45,baseline,39.52863812446594,28.92561983471074,10.603018289755202
81920,TEL-PPO,55.0,45,baseline,39.36412036418915,28.92561983471074,10.438500529478407
86016,TEL-PPO,55.0,45,baseline,38.95511329174042,28.92561983471074,10.029493457029677
90112,TEL-PPO,55.0,45,baseline,38.72231841087341,28.92561983471074,9.796698576162672
94208,TEL-PPO,55.0,45,baseline,38.55464160442352,28.92561983471074,9.629021769712782
98304,TEL-PPO,55.0,45,baseline,38.15644383430481,28.92561983471074,9.230823999594069
102400,TEL-PPO,55.0,45,baseline,37.769392132759094,28.92561983471074,8.843772298048354
106496,TEL-PPO,55.0,45,baseline,37.39604949951172,28.92561983471074,8.470429664800978
110592,TEL-PPO,55.0,45,baseline,37.21621632575989,28.92561983471074,8.290596491049147
114688,TEL-PPO,55.0,45,baseline,36.90797984600067,28.92561983471074,7.982360011289931
118784,TEL-PPO,55.0,45,baseline,36.77574694156647,28.92561983471074,7.850127106855727
122880,TEL-PPO,55.0,45,baseline,36.39669418334961,28.92561983471074,7.471074348638869
126976,TEL-PPO,55.0,45,baseline,36.28603219985962,28.92561983471074,7.360412365148878
131072,TEL-PPO,55.0,45,baseline,35.881203413009644,28.92561983471074,6.955583578298903
135168,TEL-PPO,55.0,45,baseline,35.675135254859924,28.92561983471074,6.749515420149184
139264,TEL-PPO,55.0,45,baseline,35.77249050140381,28.92561983471074,6.846870666693068
143360,TEL-PPO,55.0,45,baseline,35.53277254104614,28.92561983471074,6.607152706335402
147456,TEL-PPO,55.0,45,baseline,35.0568562746048,28.92561983471074,6.131236439894057
151552,TEL-PPO,55.0,45,baseline,34.64990556240082,28.92561983471074,5.724285727690077
155648,TEL-PPO,55.0,45,baseline,34.43776071071625,28.92561983471074,5.512140876005507
159744,TEL-PPO,55.0,45,baseline,34.433674812316895,28.92561983471074,5.508054977606154
163840,TEL-PPO,55.0,45,baseline,34.10728573799133,28.92561983471074,5.181665903280592
167936,TEL-PPO,55.0,45,baseline,33.87736678123474,28.92561983471074,4.9517469465240005
172032,TEL-PPO,55.0,45,baseline,33.382025361061096,28.92561983471074,4.4564055263503555
176128,TEL-PPO,55.0,45,baseline,33.12266767024994,28.92561983471074,4.197047835539198
180224,TEL-PPO,55.0,45,baseline,33.321380615234375,28.92561983471074,4.395760780523634
184320,TEL-PPO,55.0,45,baseline,33.637869358062744,28.92561983471074,4.712249523352003
188416,TEL-PPO,55.0,45,baseline,33.77264738082886,28.92561983471074,4.847027546118117
192512,TEL-PPO,55.0,45,baseline,33.80095064640045,28.92561983471074,4.875330811689711
196608,TEL-PPO,55.0,45,baseline,33.88171195983887,28.92561983471074,4.9560921251281265
200704,TEL-PPO,55.0,45,baseline,33.820369839668274,28.92561983471074,4.894750004957533
204800,TEL-PPO,55.0,45,baseline,33.818817138671875,28.92561983471074,4.893197303961134
208896,TEL-PPO,55.0,45,baseline,33.76445770263672,28.92561983471074,4.838837867925978
212992,TEL-PPO,55.0,45,baseline,33.47056806087494,28.92561983471074,4.544948226164198
217088,TEL-PPO,55.0,45,baseline,33.395224809646606,28.92561983471074,4.469604974935866
221184,TEL-PPO,55.0,45,baseline,33.1360787153244,28.92561983471074,4.210458880613661
225280,TEL-PPO,55.0,45,baseline,32.87266194820404,28.92561983471074,3.9470421134933
229376,TEL-PPO,55.0,45,baseline,32.34357535839081,28.92561983471074,3.4179555236800674
233472,TEL-PPO,55.0,45,baseline,32.21191763877869,28.92561983471074,3.286297804067946
237568,TEL-PPO,55.0,45,baseline,31.859377026557922,28.92561983471074,2.9337571918471816
241664,TEL-PPO,55.0,45,baseline,31.667643785476685,28.92561983471074,2.742023950765944
245760,TEL-PPO,55.0,45,baseline,31.505882740020752,28.92561983471074,2.5802629053100112
249856,TEL-PPO,55.0,45,baseline,31.004834175109863,28.92561983471074,2.0792143403991226
253952,TEL-PPO,55.0,45,baseline,31.003588438034058,28.92561983471074,2.077968603323317
258048,TEL-PPO,55.0,45,baseline,30.874785780906677,28.92561983471074,1.9491659461959365
262144,TEL-PPO,55.0,45,baseline,30.566170811653137,28.92561983471074,1.6405509769423965
266240,TEL-PPO,55.0,45,baseline,30.40192425251007,28.92561983471074,1.47630441779933
270336,TEL-PPO,55.0,45,baseline,30.111342668533325,28.92561983471074,1.1857228338225845
274432,TEL-PPO,55.0,45,baseline,30.012857913970947,28.92561983471074,1.0872380792602065
278528,TEL-PPO,55.0,45,baseline,30.31570613384247,28.92561983471074,1.3900862991317275
282624,TEL-PPO,55.0,45,baseline,30.693140625953674,28.92561983471074,1.7675207912429336
286720,TEL-PPO,55.0,45,baseline,30.31463921070099,28.92561983471074,1.389019375990248
290816,TEL-PPO,55.0,45,baseline,30.215638875961304,28.92561983471074,1.290019041250563
294912,TEL-PPO,55.0,45,baseline,29.966941475868225,28.92561983471074,1.0413216411574844
299008,TEL-PPO,55.0,45,baseline,29.698017239570618,28.92561983471074,0.772397404859877
303104,TEL-PPO,55.0,45,baseline,29.392951726913452,28.92561983471074,0.46733189220271143
307200,TEL-PPO,55.0,45,baseline,29.168367385864258,28.92561983471074,0.2427475511535171
311296,TEL-PPO,55.0,45,baseline,29.032644629478455,28.92561983471074,0.10702479476771387
315392,TEL-PPO,55.0,45,baseline,29.347530007362366,28.92561983471074,0.421910172651625
319488,TEL-PPO,55.0,45,baseline,29.304474592208862,28.92561983471074,0.3788547574981216
0,TEL-PPO,55.0,46,baseline,52.58392095565796,28.92561983471074,23.65830112094722
4096,TEL-PPO,55.0,46,baseline,52.13943123817444,28.92561983471074,23.213811403463698
8192,TEL-PPO,55.0,46,baseline,51.67856216430664,28.92561983471074,22.7529423295959
12288,TEL-PPO,55.0,46,baseline,51.215243339538574,28.92561983471074,22.289623504827834
16384,TEL-PPO,55.0,46,baseline,50.70480704307556,28.92561983471074,21.77918720836482
20480,TEL-PPO,55.0,46,baseline,50.21957755088806,28.92561983471074,21.29395771617732
24576,TEL-PPO,55.0,46,baseline,49.75082874298096,28.92561983471074,20.825208908270216
28672,TEL-PPO,55.0,46,baseline,49.27917122840881,28.92561983471074,20.353551393698073
32768,TEL-PPO,55.0,46,baseline,48.76174032688141,28.92561983471074,19.836120492170668
36864,TEL-PPO,55.0,46,baseline,48.22298884391785,28.92561983471074,19.297369009207106
40960,TEL-PPO,55.0,46,baseline,47.78849482536316,28.92561983471074,18.86287499065242
45056,TEL-PPO,55.0,46,baseline,47.28342890739441,28.92561983471074,18.35780907268367
49152,TEL-PPO,55.0,46,baseline,46.76913917064667,28.92561983471074,17.843519335935927
53248,TEL-PPO,55.0,46,baseline,46.32265567779541,28.92561983471074,17.39703584308467
57344,TEL-PPO,55.0,46,baseline,45.8589106798172,28.92561983471074,16.93329084510646
61440,TEL-PPO,55.0,46,baseline,45.446768403053284,28.92561983471074,16.521148568342543
65536,TEL-PPO,55.0,46,baseline,44.9530154466629,28.92561983471074,16.027395611952162
69632,TEL-PPO,55.0,46,baseline,44.62384283542633,28.92561983471074,15.69822300071559
73728,TEL-PPO,55.0,46,baseline,44.11219656467438,28.92561983471074,15.186576729963637
77824,TEL-PPO,55.0,46,baseline,43.69775056838989,28.92561983471074,14.772130733679152
81920,TEL-PPO,55.0,46,baseline,43.19269061088562,28.92561983471074,14.26707077617488
86016,TEL-PPO,55.0,46,baseline,42.87053942680359,28.92561983471074,13.944919592092848
90112,TEL-PPO,55.0,46,baseline,42.44261682033539,28.92561983471074,13.516996985624647
94208,TEL-PPO,55.0,46,baseline,42.155858874320984,28.92561983471074,13.230239039610243
98304,TEL-PPO,55.0,46,baseline,41.67806804180145,28.92561983471074,12.752448207090712
102400,TEL-PPO,55.0,46,baseline,41.55685603618622,28.92561983471074,12.631236201475478
106496,TEL-PPO,55.0,46,baseline,41.249775886535645,28.92561983471074,12.324156051824904
110592,TEL-PPO,55.0,46,baseline,40.735530853271484,28.92561983471074,11.809911018560744
114688,TEL-PPO,55.0,46,baseline,40.33270180225372,28.92561983471074,11.407081967542982
118784,TEL-PPO,55.0,46,baseline,39.8701012134552,28.92561983471074,10.94448137874446
122880,TEL-PPO,55.0,46,baseline,39.72439169883728,28.92561983471074,10.79877186412654
126976,TEL-PPO,55.0,46,baseline,39.31373655796051,28.92561983471074,10.38811672324977
131072,TEL-PPO,55.0,46,baseline,38.983529806137085,28.92561983471074,10.057909971426344
135168,TEL-PPO,55.0,46,baseline,38.770073652267456,28.92561983471074,9.844453817556715
139264,TEL-PPO,55.0,46,baseline,38.5132372379303,28.92561983471074,9.587617403219557
143360,TEL-PPO,55.0,46,baseline,37.9672646522522,28.92561983471074,9.041644817541457
147456,TEL-PPO,55.0,46,baseline,37.480586767196655,28.92561983471074,8.554966932485915
151552,TEL-PPO,55.0,46,baseline,37.06335127353668,28.92561983471074,8.137731438825941
155648,TEL-PPO,55.0,46,baseline,36.63599193096161,28.92561983471074,7.710372096250868
159744,TEL-PPO,55.0,46,baseline,36.35571300983429,28.92561983471074,7.430093175123549
163840,TEL-PPO,55.0,46,baseline,35.94706058502197,28.92561983471074,7.021440750311232
167936,TEL-PPO,55.0,46,baseline,35.61580181121826,28.92561983471074,6.690181976507521
172032,TEL-PPO,55.0,46,baseline,35.27127802371979,28.92561983471074,6.345658189009047
176128,TEL-PPO,55.0,46,baseline,34.96749401092529,28.92561983471074,6.041874176214552
180224,TEL-PPO,55.0,46,baseline,35.057470202445984,28.92561983471074,6.131850367735243
184320,TEL-PPO,55.0,46,baseline,34.68102514743805,28.92561983471074,5.755405312727309
188416,TEL-PPO,55.0,46,baseline,34.76076126098633,28.92561983471074,5.835141426275587
192512,TEL-PPO,55.0,46,baseline,34.4231516122818,28.92561983471074,5.497531777571059
196608,TEL-PPO,55.0,46,baseline,33.92218351364136,28.92561983471074,4.996563678930617
200704,TEL-PPO,55.0,46,baseline,33.91335904598236,28.92561983471074,4.98773921127162
204800,TEL-PPO,55.0,46,baseline,34.121209383010864,28.92561983471074,5.1955895483001235
208896,TEL-PPO,55.0,46,baseline,33.817312121391296,28.92561983471074,4.891692286680556
212992,TEL-PPO,55.0,46,baseline,34.05916690826416,28.92561983471074,5.133547073553419
217088,TEL-PPO,55.0,46,baseline,33.83842706680298,28.92561983471074,4.912807232092238
221184,TEL-PPO,55.0,46,baseline,34.02738571166992,28.92561983471074,5.101765876959181
225280,TEL-PPO,55.0,46,baseline,34.15488004684448,28.92561983471074,5.229260212133742
229376,TEL-PPO,55.0,46,baseline,34.36194360256195,28.92561983471074,5.43632376785121
233472,TEL-PPO,55.0,46,baseline,34.66561138629913,28.92561983471074,5.739991551588393
237568,TEL-PPO,55.0,46,baseline,34.33894217014313,28.92561983471074,5.413322335432387
241664,TEL-PPO,55.0,46,baseline,34.325963258743286,28.92561983471074,5.400343424032545
245760,TEL-PPO,55.0,46,baseline,33.93983244895935,28.92561983471074,5.01421261424861
249856,TEL-PPO,55.0,46,baseline,34.0409129858017,28.92561983471074,5.115293151090956
253952,TEL-PPO,55.0,46,baseline,33.52223336696625,28.92561983471074,4.596613532255507
258048,TEL-PPO,55.0,46,baseline,33.15863907337189,28.92561983471074,4.2330192386611465
262144,TEL-PPO,55.0,46,baseline,33.07015597820282,28.92561983471074,4.144536143492079
266240,TEL-PPO,55.0,46,baseline,33.21136236190796,28.92561983471074,4.285742527197218
270336,TEL-PPO,55.0,46,baseline,33.51138532161713,28.92561983471074,4.585765486906386
274432,TEL-PPO,55.0,46,baseline,33.581846952438354,28.92561983471074,4.656227117727614
278528,TEL-PPO,55.0,46,baseline,33.36699903011322,28.92561983471074,4.4413791954024795
282624,TEL-PPO,55.0,46,baseline,33.08509588241577,28.92561983471074,4.159476047705031
286720,TEL-PPO,55.0,46,baseline,32.998672127723694,28.92561983471074,4.073052293012953
290816,TEL-PPO,55.0,46,baseline,32.797688245773315,28.92561983471074,3.8720684110625747
294912,TEL-PPO,55.0,46,baseline,32.43079483509064,28.92561983471074,3.5051750003798965
299008,TEL-PPO,55.0,46,baseline,32.762300968170166,28.92561983471074,3.8366811334594253
303104,TEL-PPO,55.0,46,baseline,32.98962116241455,28.92561983471074,4.06400132770381
307200,TEL-PPO,55.0,46,baseline,32.83740282058716,28.92561983471074,3.9117829858764175
311296,TEL-PPO,55.0,46,baseline,32.54295885562897,28.92561983471074,3.6173390209182266
315392,TEL-PPO,55.0,46,baseline,32.29032754898071,28.92561983471074,3.364707714269972
319488,TEL-PPO,55.0,46,baseline,32.017362117767334,28.92561983471074,3.0917422830565933
323584,TEL-PPO,55.0,46,baseline,32.166194915771484,28.92561983471074,3.2405750810607437
327680,TEL-PPO,55.0,46,baseline,31.865447759628296,28.92561983471074,2.939827924917555
331776,TEL-PPO,55.0,46,baseline,31.565573811531067,28.92561983471074,2.639953976820326
335872,TEL-PPO,55.0,46,baseline,31.572023034095764,28.92561983471074,2.6464031993850234
339968,TEL-PPO,55.0,46,baseline,31.293243169784546,28.92561983471074,2.367623335073805
344064,TEL-PPO,55.0,46,baseline,31.66443407535553,28.92561983471074,2.738814240644789
348160,TEL-PPO,55.0,46,baseline,31.509417295455933,28.92561983471074,2.583797460745192
352256,TEL-PPO,55.0,46,baseline,31.099703907966614,28.92561983471074,2.174084073255873
356352,TEL-PPO,55.0,46,baseline,31.05875551700592,28.92561983471074,2.1331356822951797
360448,TEL-PPO,55.0,46,baseline,31.224805116653442,28.92561983471074,2.2991852819427017
364544,TEL-PPO,55.0,46,baseline,31.26838207244873,28.92561983471074,2.3427622377379898
368640,TEL-PPO,55.0,46,baseline,31.641164422035217,28.92561983471074,2.7155445873244766
372736,TEL-PPO,55.0,46,baseline,31.28783106803894,28.92561983471074,2.3622112333281997
376832,TEL-PPO,55.0,46,baseline,31.20894730091095,28.92561983471074,2.283327466200209
380928,TEL-PPO,55.0,46,baseline,31.01288080215454,28.92561983471074,2.0872609674438003
385024,TEL-PPO,55.0,46,baseline,31.168943643569946,28.92561983471074,2.2433238088592056
389120,TEL-PPO,55.0,46,baseline,31.15454614162445,28.92561983471074,2.22892630691371
393216,TEL-PPO,55.0,46,baseline,30.990347266197205,28.92561983471074,2.064727431486464
397312,TEL-PPO,55.0,46,baseline,30.64579963684082,28.92561983471074,1.7201798021300796
401408,TEL-PPO,55.0,46,baseline,30.41163682937622,28.92561983471074,1.48601699466548
